*
NOTE Diamond (64-bit) 3.11.3.469 JEDEC Compatible Fuse File.*
NOTE Copyright (C), 1992-2010, Lattice Semiconductor Corporation.*
NOTE All Rights Reserved.*
NOTE DATE CREATED:	Fri Jun 07 20:50:17 2024*
NOTE DESIGN NAME:	RAM2E_LCMXO2_640HC_impl1.ncd*
NOTE DEVICE NAME:	LCMXO2-640HC-4TQFP100*
NOTE JEDEC FILE STATUS:	Final   Version 1.95*
NOTE PIN ASSIGNMENTS*
NOTE PINS RD[0] : 36 : inout*
NOTE PINS LED : 35 : out*
NOTE PINS C14M : 62 : in*
NOTE PINS RD[7] : 43 : inout*
NOTE PINS RD[6] : 42 : inout*
NOTE PINS RD[5] : 41 : inout*
NOTE PINS RD[4] : 40 : inout*
NOTE PINS RD[3] : 39 : inout*
NOTE PINS RD[2] : 38 : inout*
NOTE PINS RD[1] : 37 : inout*
NOTE PINS DQMH : 49 : out*
NOTE PINS DQML : 48 : out*
NOTE PINS RAout[11] : 59 : out*
NOTE PINS RAout[10] : 64 : out*
NOTE PINS RAout[9] : 63 : out*
NOTE PINS RAout[8] : 65 : out*
NOTE PINS RAout[7] : 67 : out*
NOTE PINS RAout[6] : 69 : out*
NOTE PINS RAout[5] : 71 : out*
NOTE PINS RAout[4] : 75 : out*
NOTE PINS RAout[3] : 74 : out*
NOTE PINS RAout[2] : 70 : out*
NOTE PINS RAout[1] : 68 : out*
NOTE PINS RAout[0] : 66 : out*
NOTE PINS BA[1] : 60 : out*
NOTE PINS BA[0] : 58 : out*
NOTE PINS nRWEout : 51 : out*
NOTE PINS nCASout : 52 : out*
NOTE PINS nRASout : 54 : out*
NOTE PINS nCSout : 57 : out*
NOTE PINS CKEout : 53 : out*
NOTE PINS nVOE : 10 : out*
NOTE PINS Vout[7] : 12 : out*
NOTE PINS Vout[6] : 14 : out*
NOTE PINS Vout[5] : 16 : out*
NOTE PINS Vout[4] : 19 : out*
NOTE PINS Vout[3] : 13 : out*
NOTE PINS Vout[2] : 17 : out*
NOTE PINS Vout[1] : 15 : out*
NOTE PINS Vout[0] : 18 : out*
NOTE PINS nDOE : 20 : out*
NOTE PINS Dout[7] : 32 : out*
NOTE PINS Dout[6] : 31 : out*
NOTE PINS Dout[5] : 21 : out*
NOTE PINS Dout[4] : 24 : out*
NOTE PINS Dout[3] : 28 : out*
NOTE PINS Dout[2] : 25 : out*
NOTE PINS Dout[1] : 27 : out*
NOTE PINS Dout[0] : 30 : out*
NOTE PINS Din[7] : 87 : in*
NOTE PINS Din[6] : 88 : in*
NOTE PINS Din[5] : 99 : in*
NOTE PINS Din[4] : 1 : in*
NOTE PINS Din[3] : 9 : in*
NOTE PINS Din[2] : 98 : in*
NOTE PINS Din[1] : 97 : in*
NOTE PINS Din[0] : 96 : in*
NOTE PINS Ain[7] : 8 : in*
NOTE PINS Ain[6] : 86 : in*
NOTE PINS Ain[5] : 84 : in*
NOTE PINS Ain[4] : 78 : in*
NOTE PINS Ain[3] : 4 : in*
NOTE PINS Ain[2] : 7 : in*
NOTE PINS Ain[1] : 2 : in*
NOTE PINS Ain[0] : 3 : in*
NOTE PINS nC07X : 34 : in*
NOTE PINS nEN80 : 82 : in*
NOTE PINS nWE : 29 : in*
NOTE PINS nDHGROE : 47 : out*
NOTE PINS PHI1 : 85 : in*
QP100*
QF171904*
G0*
F0*
L000000
11111111111111111011110110110011111111111111111100111011000000000000000000000000000000100000000000000000000000000000010100101000
00001001001100000000011001010000010010001111111101000110000000000000000000000000101110001110000000000000110101110000000000000000
00000000000000000000000000000000000000000000000000000000000000000000000000000000000000000000000000000000000000000000000000000000
00000000000000000000000000010001000000000000000000000000000000000000000000000000000000000000000000000000000000000000000000000000
00000000000000000001001000000000000000000000000000000000000000000000000000000000000000000000000000000000000000000000000000000000
00000000000000000000000000000000000000000000100011000000000000000000000000000000000000000000000000000000000000000000000000000000
00000000000000000000000000000000000000000000000000000000000000000000000000000000000000000000000000000000000000000000000000000000
00000000000000000000000000000000000000000000000000000000000000000000000000000000000000000000100101000100000000000000010000110010
10000000000000000100001000000100100001010110100110000100011000000000000000000000000000000000000000000000000000000000000000001001
00000010010100010000110011000000100011010110000100001010010100000000000000000001001001001111001010001001000000000010110000000000
00000000000000000000000000000000000000000000000000000001000101001110000100000100011000001001110000011100000010000000000010011100
00010011000000000000000000000000000000000000000000000000000000000000000000000000000000000000000000000010011000100010001001100000
00000000000000100000110100001010011000100010100001110100101000000000000000000000000000000000000000000000000000000000000000100001
10010000000000000000000000000000010000100000100001000000000001001010001001110100111000000000000000000000000000000000000000000000
00000000000000000000000000000000000100111001000110001001110100011000100111000001001110100000000101100000001001000000100101000000
00000000000000000000000000000000000000000000000000000000000000000000000000010001100000000000000000000100010000000010001101001010
00000000000000000000000000000000000000000000000000000000000000000000000000000000000000100101000000000000000000000000010110110000
00000100110000000000000000000000000000000000000000000000000000000000000000000000000000101001000000010001100000100010100111001010
01000010000100000010010001001110010001000010000110111110011000000000000000000000000000000000000000000000000000000000000000000000
00000000000000000110000001100000000000010011100000000000000001001010000000000000000000000000000000000000000000000000000000000000
01000101001110000000101010000001010010010001010011100000000000001000101001110000000010011010001000000000000000000000000000000000
00000000000000000000000000000000000000000000000000100110000000000001011100010101110001100001000100000000000000001100100001010011
00001000110100000000000000000000000000000000000000000000000000000000000000000000010000100000000000000000000000010011100000101001
01001010000010010100000010001110010110001100010011001000100000000000000000000000000000000000000000000000000000000000000000000000
10000001100001100000000000001011000001110100000000000011000010110010000100100100000000000000000100000000000000000000000000000000
00000000000000000000000000000000001001110000000010011100000001000101001110000000000010011100000100111000000000000000000000000000
00000000000000000000000000000000000000000000000000000000000000000000000000000000000000000000100101000000000000000000000000000000
00000000000000000000000000000000000000000000000000000000000000000000000000000000000100101000001001101001100000000000000000000000
00000000000000000000000000000000000000000000000000100001100110000000000000000000000000000000010001110001100100011000000000000000
00000000000000000000000000000000000000000000000000000000000000000000000000000000000000000000000000000000100111110011100011001110
00000101001000000000000000000000000000000000000010000000000000000000000000000010000100001000010000001101000010000000000000000001
00110100111000000000001001010000110000111000000000000000000000000000000000000000100010000000000000000000000000010011100001001111
00111000011100010001001110000000000000000110000110000000000000000100101001010011111001000000000000000000000000000000000000000000
00000000000000000000000000000001010110000000000000000000000010000111110000000000010011000000100011100001111000001010011000000000
00000000000000000000000000000000000000000000000000000000000000010000000001000010000000000000000000100011000001000110000000100010
00110010000100000000000000000000000000000000000000000000000000000000000000100101000001001001000111001010000000001001111100101001
00000100100000010001000000101110000000000100010000101001000000000000000100010100111100101000000000000000000000000000000000000000
00000000100011100010000000010010100011000010110000000000110010001010011001001110011001001101001101000000001100100010110100100101
01010000000001101000010100110000000000000000000001001000001001100000000000000000000000000000000000000010011000010000101001101001
11000001000101001110000000010010000111010000000100010100110000010001100000000000100110100110000000000000000000010011010001100000
00000000000000000000000000000000000000001100010001100001100100001000001000000001000110010000100000100011010001000001010110001100
01000100000000000000000101111000000000000000000001001001001100000000000000000000000000000000000000000000001011000001001100000001
01011000000101110000010101111001000011000101001110000100101001000100001001010000000010000001001010000000000000000000000001100111
10000000000000000000000000000000000000000100011000010000110000111010000010000010000110011100010010010111100001100110010100110100
00100011010001101001100100100000000100100011010001101001100000110100001010100101001000000000000000000000000000000110011110000000
00000000000000000000000000000101111000010011000101110000100111010111000010001100001101000010000010010010011010010101001110100010
10011000001001101001101001100000000000000000000000000000000011000011110000000000000000000000000000000000000000001100010001101011
10101000001000111000110000010011100011000100011000010000110001000100100001001100010001000001000000100011000000000100010000000000
00000000000000000000000000000000000000000000000000000000011011010001001100010001010000110000010000110111100011010010011001001000
10100111100001111000000110000001101110001001000010010001010011101000101010110110001010010011000101011000100111100011100010110000
10100101001110100010110010011001001011110000001111001000000100000000000000000000000000000110011110010010000000000000000000000000
00000010000000000011100100000100000000100000100100010011101000110100100100110100000101010110000001100110001010010011110000101001
10100000001000100001001001110000010100111111001000001000101001101110001001010000010000111001001001111100000010001001001001001010
00000001000100000000000000000000011001111000000000000000000000000000000000000000001010110100011001000000101001000011000010101101
00000110001100010110111010100100000100110100010010011010000010001011101010011101011000111001000010100110001110000010000010010011
01001101101110100011110001001010001100010001110001010001111000110011001100011010000100000000000000000110000111100000000000000000
00000000000000000000000000100101100111001001101000011011011110010000100110010011001010011001100010001010011001001110100011010001
11000000111001000010001001001111000010001001111010011100100001001001011001011001111010110100111100000100000100110010001100100100
00010011100000000000000001100111100000000000000000000000000000100111000000000000101001000100010110010000111110000001001000111001
00000100001100001100011100111010011111000110011000011000110100010001000111100010100100101010001000100111011000100101001111010111
10100001001000111000011011011100100001100100010011100100101100001100011111010100000000000000000000011000011110000000000000000000
00000000000010001000000000000010000010000100100100000100111001001001001100101001011101110000111100000010011010011000011001001001
00000111000000110010010000110000010011010000110010110101000010001010011010010111001000011001011100100100111000000111100010001001
10001011011110001000100111000000000000000000000000000000000000000000000000000000000000000100001000100110100000100000000001000001
11000100011010000100100100001100011010100110010000100001001101000110010001100100110011010000011011011001000010000110000110010010
01101001000011001010101001101000110000010111100000000000000000000000000000000000000000000000000000000000001100110001001101100000
01000110110110000001110100000100110100011110010100100010000110110110011010010000010000111010100101010011001000010001011000010101
11000100000010100110010110101001000110100011110010001011000011101001110000110100010000000000000100001100111000000000000000100111
00000000000000000000000000000000000010010101000001000011001110001000100100110100111000101110100110010010100101101100111010011101
10011100110000000100111010000100010010111000000111110100000100111101111010010110010011001000011001110001001101001100101010000000
00000000100000000011000011110000000000000000000000000000000000000000001000010001010011000111000011001010100110010010110001110010
10100000110000101010001100011000100011000111100001011000001110010000100011000100111111001100000010000110110100010001010001011100
00101100011100001100101100100110100100110011100000000000000000000000000000000000101110000001011100000000000000000000000000001000
01100110000101101100101110100001010011000100110010010001001100100011010010001001000010100101001011001001000101110000001101010100
11110100111010001010100010111000010000011001000010100000010011000100001101010100110001010100010001000100011000001000010000000000
00000000000000000000000000000000000000000010001110010100010010001000111000010010101111010000101001100001000011101100001100111000
10101110011000000100001000100010100000100000001110001000100111110001011010010010011110010010001111101010001000111000011000110000
01000000010010100000000001100001111000000000011001101000000000000000000000000000000000000100001110010101000001000011110000001110
01000011101000101010011110001110001110000001001111001011001001011011100001110101001001101010100101100100011010101010010011100001
00100100110001000101010010011011000001111000000011110000000000001001111000101000011001101001100000000000000000000000000000000001
00110000000000000000000000000001100000011000100000010000010010100010010000010010100100110110110000111011000001101110000000001001
01000100010100000000100011111000011010011010001100010101110101100100100010010010110101001011000010010000100000000000000000000000
00000100010011000110000000000000000000000000000000000001000101001100000011001001001001001000110100011100000110001100011010000100
01001011001011101100000000100000100010000100100110010001001100010010000001000111000111001000001011110100100100010100000011010011
01100101000000000000000000000000001001000000100110000000000000000000000000000000010011001000011001101110010000100001001000011011
11100111100110100110100110100010100000010000100110010010110000110011100001100010010011010010010010011101001110001011111000001110
00010010000100100010000100110010000101110001000000000001011100000000000000000000000000000000000000000000000000001110101111010100
01010110110101111110100000101000011101000001010000101000101000011000100011110111111011000011001010000110101010111110011001000011
01101001101011111111011101110000111001111111110010011100110110110101011010011100111111010011011011110110001010111111111100111111
10110011111110111010001000011100111111111001000010011000000000000000000000000000000000000000000000000000000000000000000011010111
11101100111111101110101111000011001110100000111111110000111001111101110100000110111111110010011110111111111111101100011110001000
11010001001001011011111101111110000110011000100011101000100101100110000111101000101101011111110001000110110011000011001110010011
10001111011010101101001110101100100110110110111111000011000111111111010010011111110110100010011111010111001001100111111100111100
01100000000000000000000000000000000000000000000000000000000000001010001001011100001101111010111111000011001001111010000011100110
10100011111101111111110010000101000101000011110111111010001001011101101110111011101110001010101011110001001011001100001111010001
01101001110110001000110110011010001111100000011100011111110111111010011101011001110010001111110001010001001001110110011000101000
10110001010111111110111001001110111011010001100000000000000000000000000000000000000000000000000000000000110000111101111011101111
10011111001101101111111111111101100111001100110011010100011110011000111111011111101111110101000111110111101111111110110011111101
10101010111110001001000011100000011001101001110111011101110000111010001111111110011100110101000110100111010000111100110011010000
11000100111111000000011001100110011001111111111011111100001111011101111110111011001100000000000000000000000000000000000000000000
00000000000000001000111111000000001100010010001001110010000000100111001000000100011111100000000110000001110010010001111110001000
01100000011100100100011111100010000110001000101000111111000100001100000011100100010011100110000001110010001110000100001001000000
00000000000000000000000000000000000000000000000000000000000001001100100010000001000000000000000001001100000100000000000101110000
00000000000000001001000000000000010100100000000000000000000000000000000000000000001001010000100000000001000010000100001100110000
01100110010110100100110110000001000110100011000100000010001100110100001011010010010000010110110001100000000000000000000000100110
00000000000000000000000000000000000000010011000100100010100110111100001101000100000000001010010100100100110000000010010100000110
01000010000100111100111000000000000000000000001001101001100000000000000000000000000000000000000000000000000001011001000001000010
00100010111000000101001110000000001100010001100010111100000000000000001100001100100111100001001000100110000101000000100101000000
01001010000000000100100100100000000000000000000000000000000000000000000001000000010010000001001001001000000100011000100010100101
10010100010000000000001100111000000010011100000000000000000000000000100010000000011001111000000000000000000000000000000000000000
00001000011001110001001010000100001010011000010000000001100100010100110000000001001100011000011000000000000100011010011100000000
00000001110000010100110000100011011001111000000000000000000000000000000000000010111000010001000100110000100111100110100110000000
00100110001001100100100000000001001100000000001000110000100101100110100011010011100000000000000000011000011110000000000000000000
00000000000000000000000000000000000000100111000100000010010010001110010000100011000000001000110010000000000100001000010000000100
00100000000000000000110000001100000000000000000000000000000000000001001110000000100101000000010101010010011000101000100110100111
10000111010011001000111000011000100100011100100110001000111011000101100000111010001010001001100001010100010100100100001110001010
01100100001110110101010011100100010110001100000100110010000001000100000000000000010000100000000001100111100100100000000000000000
00000000000000001000100000001000010100111100011010011011100000010111001000001000110110100001010110101100000011110101000111010000
01110001000101110010000111011000010011101000101000111101100000010010111001100010001001110010001010001101110110001100001101101110
00100101100010010100101100100010011011010001001010111001100000010001000000010000000000010001100001100111100000000000000000000000
00000000000000000001001111001011001100001001010001110100000111000100010010011001101101000111001101000111001110001000111011100100
10010010001001001000011111000100100011000111010000110001101000110100011100101011010010010010001110001110001101010100000000000000
10000100000110000111100000000000000000000000000000000000000000000100001100101100110001100010100100001100101111001000010110001000
10011001000101001111111000000100101100010110100010011001110011010100011101000001100101001100000100111111101000010000000100000100
00111110000000011010000011000001110001100001011111011011001101001110011100001001101000001110100000111000100101001110000010011100
00000000000000000110011110000000000000000000000000000000000000001001111001100000011010010010010010101110000010111001000001100010
01010001010011110011111010100101110001001011100001010100010100010100100100001101111010010010001110001110000110000000011000100101
00000100000101001111001000110001010100110000011100100101111000000000110100010010011100000000000000000001100001111000000000000000
00000000000000000000000000000000100011001001101001111000110100011010011100100101101011011010110001000110100111010110100100101101
10111010001000110110000010001110011110010111110000001000101110000010010010010011010001010001011000010100101111010011010011110010
01001001100010100011000101001010110000000000000000000000000000000000000000000000000000000000000000010010101000010100011010001101
10001010001010111010101001101001101000111101001100100111011011000000100011100101010010011100101001001011000001000101001011011101
00011010010110001010010001001100100110110100100101000101001100100101010001010000111100010000000000000000000000000000000000000000
00000000000000000000000100100010000110011011010011000010000111011000000100111101010010011110110011010000010010010101100010010111
10010101001010110010000111100001011000111100010001010011110001010111010110110000011101000000010110110110111011001010101100110010
00100110000101011000100011000101111010000100000011000100100100011000000000000000000000000010011101000000000000000000000000010001
00000000000000001000001001111001100001100011010000001000111000011011000100010110101001011100010101100101001110110000010111000000
01001010111010010010000000100101110001001010101111010000101110010000001000111000000000101101110010011011000011101000010000000000
00000000011000001110000000000000000000000000100011000001001110000010001100000000000001001110100111110111000000100011100101100010
10011110001110011001001110010001100110110011011001010011001111000110100001110010001011000110001001101001010100111010001001001111
00101100010110010010011100000011001111110100000100101111010000010010101001100010001000000100110000000000000000000000100001001011
11001000011001110010111000000000000000000100101000000000010110000011000100011001100100001100100100011100100100101001100010100100
00111001000011001011001011001010010000110000010010010011010011001000011101000010100011011100001001100100001110100010010011010000
10010000010010010101011000100101001001001100100011100001100101000000001001000000000000000000000000000000000010010100000000000000
00000000100111010010001000100100110001101100000110000101011000100011001111001010001011111001110001000111011101010100001000101001
10110110000010001111110000000110100000111000100101110001000100001010011010110110101111100100101001111001001000101000011111000000
11101000001001110010011100000000000000011000001110000000000001001000100100000000000000000000000000000000010011101000001001010010
00110011000010100010011101000001110010001110100010010011100100010100001011010000100110001000111011010000101111010010111010000100
10000000100101110000110001100010010010011001000101000110100101010000010011010111110001010011110011100000000000000100010000000000
00000100010010011000000000000000000000000000000000000001000010111000001010011010011010011100110011010001001011000110100011100110
01100100101100100010010110000111001011101001010010010001000110000110010010101101100100000100100111001001010011010011101010101001
01101011101011000000000000000100101000000000010001001001100000000000000000000000000000000010001101001110100001100100100001011100
01000100001000100011111000000110010010010111100101001001011000110110100001000010000010011001000000100000111001000010001000110100
00011000000011100100010010000010000111000010101100001010100001010001101101100001101101000000000000000000100000000111100000010010
00010010101000110000000000000000000000000000000101010111010000010000000011000101000100001100001110101100001001100100001100011100
11101000010100100110001100101001111001011000101000101000001001111010100100001100010100001001001001001101100100101110110101001000
11001101000100010011101010100100001011100010000000000000000000001010110000000000000000000000000000000000000000001110101010001111
01000101100110011111101110100101000100110101000110011111101110011111101000011001110101111110100100001111111011111000000110101000
10100001010001111111101010000011111011100110110000000110001110111101011110101000101000010100010100010000110000011111100000101000
11101010100101000000000000000000000001010100000000000000000000000000000000000000000000001111001100001111010001100011110101010111
10001000001110111111101110110111111111111111001001001100011111111101111110010110110010100010110011111100001100000011100011110111
11111111011101100100111110111111111111011000110101000100100110110000000110011111110100010010011101111111111111101100011110111111
11101110111100100010100010001111111110111110001000101100111111110111001000101000110000000000000000010001000000000000000000000000
00000000000000000000000010110000111101000101100110011111000100000010001110100011111111100110001001111111011101000111110100000010
11001111110001111100110010001011101111111010001001001101111111101000100011101000101000011000110010011000001111111001110010100011
11001111010000011110111101001000111111010101111010110010010110000011100110010000000000000000000000000000000000000000000000000000
00000000111111110000111101000101101010101111101110100111100100010101011111111101111011111011001100111010001001101110100000111100
01001000011111111100101000010100011011101111000011010001111111101100110111111110111111111100110011111100110111011110100001111111
10110011001100010001101000100001111111110110100001101011111100111010000011100010010000000000000000000000000000000000000000000000
00000000000000000100111001000000010011100110001100100100111001000000100011111100010000110000001110010001110000100001100010001001
00111001000000010011100100000001110000100001000000100011111100000000000000000000000000110000001111110000000000000000000000000000
00000000000000000000000101110000101111100100010001001100100010100010100111001000001000101100101001000010000010001000000100000000
01010011000000000100011000000000010001110011000000001001000000000000000000000000000000000000000000000000000000001000010000011010
00010100110000001000110100111001100110010110100001000100111010010010000000001000110000010000110011011101000000000000000000100101
00000000000000000000000000001000011001100000000000000000000000000000000001001100100110001001100100110100110111001000100000000010
01001001100000011010001000100001001001011001101011111010010000000000000000001001000000000000000000000000000000000000000000000000
00000000000000010010010000010010000001011110100100000000100010001100010001100001100010000110001000100000100000001000100000100101
00000000001000011001000000000100101000000000000000000000000000000000000000000000000000000000000010100100010001100100000000011001
00001100000000110000101001000000000100100100100000100000000000000001000110000000000000000000000000000000000000000000000000000000
00000100011000010010100000100101000110010001010011000000000001100100010100110000010001100100010000100011000000000000000000000000
00000000000000000000000000000000000000000000000000000100110000010011100000100111000010011000000010010100010010010001001001100001
00110010011010011100101101000000100111000000000000000000000000000000000000000000000000000000000000000000000000000000000000001000
00001000100000100010100010000100000101110110001010000110001000101001100000000000010001100001000010000000000000000000000000000000
00000000000000000000000000010011100000100111000110000001101100001010100001100100100111100100110001010010011100100111100100100010
10000011001000100100011100011100010100011100000100110001001111001011000001010100111001000010010011000110100101001010001110001000
00100100011001001011100100010101010000000000000000000000000000000000000000000000000000001000000100010000001000010000100000000100
11001000011001011111000110110001001001100000011001001111000100100110001110100010100111100101010001101000101001011011110001001100
10001110000010011110000011001001101101110010110100110010010110001100111000010000000000000000000000000000000000000000000000000000
00000000000000000000010001101100101001101100101011100111110100010000100000101011001000101001001011101001010010111110000111010001
00000001000111001111010011001101001011000110001000110010000001001001001101001111100001010100011100110000000000000000001000100000
00000000000000000000000000000000000000000000000100101111001000110100100100010110001010111011100000111011000010011101110001010100
00010011001001110110010010010111111011000001010100011010010100110000110101001000100001110110101010011010110001001111100100101100
01011101000001001110010011010000010001100000000000000000100000000000000100010000000000000000000000000000000000000101001100001010
11011000001001111001100001100011010010010110010010001011100001001000111001101001101000100111000000110001110011100001110000101101
10010010000010010010011001000011110000100010011000110010001001100100100100001100110000000000000000000000000000001001110000000000
00000000000000000000100001000000010010110001010010101000010101011100110100011100100010010011100100001001011100100100001000010110
10000101001000100100011010001011100100100100110001001101010111100100010100011100101001100100110110100001011000011000001000011110
00010000000000000000000000000000000000000000000000000000000000000000000000000100011111000010010011111001010101010101101011000001
01110001001101001101001011011100100100000010000010001100010000101001110001100100001100110100110001000000110001100110011010011111
11000010011000010101011010000000000000000000000000000000000000000000000000000000000000010000100000011101100001100100110100101001
00010010010110000010011010010010000111100001001000011000001110000001100011100000010000110101010011101001110110001010010000001001
10010010000100101100011001100100110000100101010011010011110010100000000000000000000000000000000000000000000000000000000000010011
10010000011010000010000000100110110011000100010001011101000000110010010110000001000111000111000011001100010001011000110001011011
00101000100000100000011010010101001010100101110010001000010001010010001001011001101000001001010110011001010011000000000000000000
00000000000000000000000000000000000000000010001000000000000010101110010011010011000000101101100111011011000000111100000010001110
00101011010010011001110000100010011001111000100100101010011110011110011111001001100010001101000001000111110010000110100110000011
00011010111000010010110000000000000000000000000000000000000000000000000000000000000000010001000000001001101100100010100111000100
01001001010010011000110110000000100000010000101001111001000011000110001000011110001000100010010000001001101001100011010001101000
00100111000110010010001001110000000000000000000000000000000000000000000000000000000000000000000101101011001000011000001001100001
00110010011011010010101100010100101101100101111100000010011001011111010101010100010001011010001101110000001100001100110100110010
00101101000100100100000000111000100010010010001110000110000000000000000000000000000000000000000000000000000000000000000000000000
00000001101000001100000100111100001100011101001100011010010101000110110100010010000111100111001111010000000100001110100000110000
01001011000101110100001111000010110000001001010110100100110000101001101100100100010010101010101001101000100011001010101001100000
00000000000000000000000000000000000000000000000000000000000000100011100011111100010011001001001000111001001001100100010111000000
11000011100100010010011110010000001101001001101100100001000100010100101100010110000101000100110100101111001010010010000100001110
11011011000100001100011001100111100101000000000000000000000000000000100100000000000000000000000000000000000010001000000000110000
10101010100011100010000100000100101010000100000010001011100000011100001010001110010000010000110111110000110011010010001011010000
01000000010000100110010010010000111100100000000000000000000000000000100101000000000000000000000000000000000001001110000010011011
00101010001111000010100101010011001101000100010010010001011001010101101000101100111110100100110011001101000100100101111001100000
01010010100000100000000111001000011100100001110000011101010010001010000011101000001110001000101010010000110010000000000000000000
00000000000000000000000000000000000000000000000000010100010011011111110111110111111100001111111111011011011111001101111111100101
00001111111011101000011110011011010000101000101000010111100111111000011111111100111111110111100011010101000111101110101010001111
10111101010001111101111010100011111100000101100101000010100011111111010101101111001100000000000000000000000000000000000000000000
00000000000000000000000000010100010111011111110101100111111100100111110111011111011111000111111111100111111000010010010100011111
10000100011111100110011110011001001001110011001111111000011000011001100001111110000110010010011111110001010001000111111011101111
00011011011001110111111111101110110001111110111011111101111100100111011111110100010001111110011100100100101100111110111110001111
01110011111100110010010011110010011110001000100011000000000000000000000000000000000000000000000000000000000000000000100011111111
10101100111111100100111110111011111011111100001100111111111011110011001001011111110011111111000001010011010001001001111110111101
00011000011001010100011111110001010001000110111000110110010111111100101111001001100011110000111111101010001001000111101000001101
01010010100001111101111100111010100011010111110110101101110100000000000000000000000000000000000000000000000000000000000000000000
00001010101111111011111011111110000111111111101101101111100110101000001111110011101000011011000101111111100100001101000111110111
11001101101010101111100100001111110000111101111110011011000100011110001101011111100001111001001100110101000111111110010000111001
10011111101110101010001110111111010100011100100000111101111110100001110011111111011001100000000000000000000000000100111000000000
00000000000000000000000000000000011000110010011100001000011000100111001001000111111000000001000000011100001000011000100111001000
10011100110001000101000111111000000001100010001001110000100001000000010011100100000001001110000000000000000000000000000000000000
00000000000000001001000100100000000000000000000010001010001010110000010010100000000100100001011100100101100101000001000001000111
00000010000001000010000000000000000000000000010001010000001001000000000000100110010000110011000000000000000001000001001100000000
00000000000010101000100001110100000100010011010000111010001001000110000010010100010000111010010010100100001000111000011001111010
01100110100001100001100110010010100000000000000000000000000110100001010100100000001101100000001001100000000000000000100001100110
10011101001100000000000000000000100110100110100111001001100100110010001100010001101001010000100011001000010100110100011000000111
00100001110101000000000000000000000000000010011010011000100000100111000000100111010000000000000000000001000101001100000000000000
00000000001000001010111001000011000110001011110111010000010011000010000110011000000000011100100011000010110010110000010001110000
10000000000000000000000000001011110010010101001100000000000000000000000000000100010000000000000000000000001011100100011000010010
10101010100000000011101000001100010010000001001000000001001000000000000000000000000000000000100010000000011001110000000000000000
00000001110000001100110001000110000000000000000000010110110010100010000110011010010000010001110001100000000000010001100001000010
00000000000000000000000000011010000101001100001100001111011001111001001110010011000000000000000000000000000000000000001011100101
00101001100000010001101001100010011010011001100100001000000000010011101001100010000000000000000000000000000000001001101001100001
10100111100000000110000001110011101000000000000000000000000001001010000000000000000000100000100001100110000100010100001100110110
00101000010000001001000000100010100111100101000000000000000000000000000000000000001011110000110111000000010000100000000000000100
11000001000011001110111000001000000000000000000001000110001001111101000010010010001000111010110100111001000011000011000111001100
10000001011111000110110001001010011110011010000010100101010100110001100010000110011000000000000000000000000001010100000000000000
01100111000110001100000000100000000000010001100000010000110011100000000000000000001001100011010010011000010010011111000101010100
11111101000101000001001001001111100010100110000110010011110010000110100100111110000001001110010011010111110001000100010101110100
00000100000000000000000000000000001000000110010110000010101111000011110001100111100100111000000000000000000010000110011110001100
00000000000000000000110000101010001011000110000011011010101100010001100010110001010010011101001100110110000010100110010100110010
10101001000010011001001101001110000100000101010100011000000000000000000001001000000000000110100111100000000000000000000000000001
00001000000000000000000000001001001101010001111000000101101100000100000110100010010000110011001110000010100011110100101010000001
00100010000101000000001100001011101011111001001010101001000000011010100101101100000101010000000000000000000010010100000010011100
00000000011001111000000000000000000000100001000000100010000000100111000010111000000100010100011110110000111000011001001111000010
01000101000000100111101001101001100001010011011100000101110010000010011111010000100110101001010011111000110001000001001101001100
01100011000101101100001000000000000000000000000010011101001110001100001111000000001100111000000001001110000000000001100010001001
00010000000000100010000001001010010001000111000000111001000100111000010001000000111100000011000100011000010111001000001000011010
10101001111001000010000110010111110001101100001010100101000100000100110010001101001101001100000000000000000000000000000100010000
11000001110000000010010101010010000000000000000100110000000100000000000000000000010001100000010000101100100010111010000010011100
01000001001110100011011001001001001111001000001000011110001000010101001000110100001010001100000000001000100000000000000100100000
01000000001001110000100010000000000000000010000000000000000000010001100010011100110010010111000110011110010000100111010110010101
10100001010010001100101001101010110010010010101010010110001010000001110000001001011111011101100001010100011000100011100100011101
00000000000000010000000000000000000000000000000001000101111001000010011000000000000000011000100010010001010000100000000000000000
00010000010100111010001000110100000111001000011000111110000010100001110100001000100010110010010010010010101110011110011110010110
00111000111110010000111001000000100001110100000110111010011100010001010101100000000000000000000000000000001000101111000000000000
00001000110000001001110000000001001010100110100010000000000000000000001101100000010000011001010101001001001001001011000001011101
00011100110111100000001100010001110001100110011011000010100100111100001110010001010000001000111001101000001000101000010000000000
00000000000000000000000000000000000000000010000100000100001100111001001010010001110001100000000000000000000110001010010011011010
01010011010011101001111001110110100011010001011000100101001001000101001010001010010100000011100001001001101001100010001110010110
01100000000000000000000000000000000000000000000001000100000000000000000000001001001000000000000000000000000100001010001101110001
01000100110101111011001000011110010000100000100110110001010110101110011011011000000010011011001001011000011000110100110011001000
10110001000111000110000001101100100001010100000000000000000000000000000000000000001111100000000010010100000000000000010100100000
00000000010001100000000110100011001110001100100111100011100011011010010100000110100000100101100010000110000011100100101001001001
00010000101000001001111001100010001011000011100000000000000000000000000000100010011010110001000001111000000000000010011100001001
11000000000000000010011111100010000000000000001001100100010000100111010001101001100100001100100011001010010110110000001001100111
00010001100010010101001111001000001000001100011000100010100111001000001011011000101001000010011110010000100011000000000000000000
00000000100100000100110000000100010010100100000000000000010011001010100010000110011100000000001000000010000101001001001011001001
11001000010100101001111110100000110001001010001111100100001010011000101101000100110001010001110010010000001001101000011001000100
01110111010001110010000101110100101100011100110000000000000000000000000001001010000000000000010010100000000000000000101011000000
00000000000000100000001011011000000010011001000101100100001001101000010100011100000110110010101001100011000110011101000001100101
10010101011111101100001111000000110011001001000100000100000100111000000101010000000000000000000001000100100111101011000000000000
00000000000001100001111001010001111110000000000000000000000011001111111111010100011111111011100111111100110110000111111101010101
00001111001111111011001101001101111101111110101110101100010001100101011000101011010000111100110110100001110001000110101010101001
10100111010000000101000111111110000000000000000000000000000000001001100000000000000000000000100010111111000001100010100111001100
11010001001010000000000000000001100001111011011100001111110111111011111111000011001011110100100110001001111011101111011101010001
10101010110110010000011001001101000111011111111011111100100101000110001111110001111101000001101011101100100110111000000000111011
11111111111100100011000000000000000000000000000000000000000000000000000000001000101010000100100101000101011100011000000000000000
00010100011011101111101110000111100100111011001101100001100010100010010001101111111100011110000111010100010010111000000111100110
01001011111001111001001100010001101000011110100000011110100001100110111100011001001001010001111111101000000000000000000000000000
00000000011110000000000000000000000000001000011111110110111111100110011000000000000000000011101010111111111011001101101110100110
11000101011101111111100001110000101111101110111010101111101110100011011001100111111110110011000101011111001100100001110011001111
11110110011110111011110100000011110111011100110011100110100000010000111111100001010000000000000000000000000000000000000000000000
00000000000010000110010101000100000000000000000000010000001100001100111100010000110001001110010001110000100001100011001010001111
11000000001000000011100001000010000000100111001000000000000000000000000000000000000000011000000111111000000000000100110001000101
00000000000000000000000000000000000000000000000010010000001001010100011000100110000000000000000000000000000000000000000000000100
10001001110000000100111010001010000110011010010100000000000000000000000000000000000000001011011001100010001000100011010011000100
00010010010011000000000100001100110000010000110011000000000000000000000000000001100001010100110000000000001101110000010011011010
00100000000000000000000000000000000000000010111000010011001001011001101000111001111010011001110000000000100110000001001100111000
01000001001100010001100000000000000000000000001011101001100010000010011100100111100000100000010011000000000000000000000000000000
00000000001000000100100010010010011010000010000010010000001000110100011001000000000010000001000010100111010000000010011000000000
00000000000000000100000100011000100110000010010101000100000000000000000000000000000000000001000000010001100010011010010000000010
00110001001101000110000000000000000000000000000000000000000000010010000000000000011001111000100010000000000000000000000000000000
00000000100101010011001000011001101011000000000100110000010011000000000100001100110000010000110011001001100000000000010011000000
00000000011000010101001100001100001111000110011110010011101001101001100000000000000000000000000000000000010001010011110111000010
01100100101100110000000001000110000000000010011010001000001001100100100000000000001001000000000000000010111010011000011010011110
01000011001111000001000000000000000000000000000000000000000000000010000001001010100100000000001000011001000000000001000000010011
10010000000000000000000000000000000000100000000011011100000000000100001000000000000001000000000000000000010001010011100000000101
10101010101000110001000011001100001000001001011010010110000101010011110000110010010011000000000000000000000000000000000000000000
00000000000000000110011110011000110000000010000000000000000000000000000000000010001001001011001100101001001110000010100110110001
10000010110010001010110110000011010000010011110000001110000010010001100010000100000000000010001010000000000000000100110000000000
00100000100001000010101111000011110000000110011110010011100000001000011001110000000000000000000000000000000010011000100010110000
11001001100000011011000101001000000110001110010011000011000011100000000101001010100100000000000000000000000000000000001101001111
00000000000000001000100000000000000000000000100000011001001101001101110001000001000011001011000011100000011001011001100111000110
00010100010011111001100101010111001111001111001110000100001100111000000000001001110000000000010001100000000000010001000000000000
01100111100001001100000000010001000000000000000000000000001001111000100111001000010001101100100010100111010010010011010010010001
01110001000010000110010001001011000000100001000000000000000000000000000000000000000000000000001100001111001100111000010001100000
00001001110000000000000000000000000010000110000011100001000001111100100110010000111000110000110011001010000110001010010100001101
10010010011110100110001100100110000001001110100010000000000000000000001011100000000000000001100000111000001001011001110000000000
00000000000000000000000000001110010000100011100111100110100001010001010011000100101101100100011100111010100110011000010011000000
00000000000000000000000000000000000000000010000000000000000100100000000000000000000101100000000000000000010010001110000001100001
10011000011000010101000000100110111001001010110011100010011100001010110000001100111000110010110111000011101101100000000100011000
01000100001001110000000000000000000000000000000000000000001111101000000010000000000000000000000000000100010100111000000100101100
10001110000100100110100001010000011010001000100001011101000000101101110110001010011100001100011001111000100010011000000010001001
00010010011101001000100010010011100000000000000000000000000100100100111001110000100111100000000000000001000010000000000000000000
00000000000100001001000011000001100100001110011100000100001110110000001000010100011111001000001001010010011111100010101001100000
11110010000010000110111001111000000010001100010011001000110000000000010000110011100000000000100110011001001000000000000000001000
01100111000000001011100000000000000000000000000100101011100001001001001001100011000100011001001001010011011000001100100010100010
10101001000100000000100101000101011100011100011011010001001001111110010101111000010011100010000110100010010011100000000000000000
00000010010000000000000001000000000000000000000000000000000000000000001000001000011110000100010010110001010001010000010011010011
11101010010110000110010001010101100010001010010010000011100100001000110100001100010000011001001001001000100101000100100010010100
00000000000000000000000000010001000000000011110000000011011010000100110000000000000000000000000000000100000100101010010010011110
01010001000001000010011001010110101001100001100111000110001000110000101001100001000000000100010010011101001110100010011100001010
00000000000000000000000000101100001000001111000000000000001001110000000000000000000000000000000000000010101101001110001100011000
10011110011000010011110001010010110001100111000010010011011100011001000110001100011000100011100011001001100100011010000101001100
00000000000000000000000000001000100100110010011000000100011011000110000010000110011100000000000000000000000000000100100100111100
10100011001001000110001100010011101000101100010100100011101010100001010000110100111100100000110100001010010010011000100110100110
10111110100110001101101000100100111110001010011010001001110001000010001010011100000000000000000000000001001100011000110000000000
00100100000010011100000000000000000000000000000000010110101001101000001001101011111000011110001101111000001011000000111010100010
00000100110100110010000111000100011110100000111000100001000110100000000010010001001010010010010010001001010000000000000000000000
00001001001000100100111101011000000000000000000000000000000000000000000010111101111111110110010111101110111011111110111001100001
11110100001010001110101010011011011111100000011011001110111100110011010110110011101111111010000111111111010110111101111111111111
10111100100101101111111111111111011010010011110111111111111110111100100101101111111111111111010100100000000000000000000000000000
01001100000000000000000000000000000000000000000011110011011001001010001010001000111110111010111110111010010010100011111111101000
11111101111110100010010011001000110010100011101010101001001010111010001000111010000001100111110110000110111101111001100111101111
01100001101111100110011111011000011011110111100110011110111101100001101111100110011111010001100000000000000000000000000000000000
00000000000000000000000000000000000000001111111010010100010100001010001010000111100110111011101111000111110001000111011101101010
00101000100011111011101111000011110101000101000011001110110001101111111110000110111101111001100111101111011000011011111001100111
11011000011011110111100110011110111101100001101111100110011111110001100000000000000000000000000000000000000000000000000000000000
00000000000000001100110010011110111111101001111011111010101001000111100111111001100110111000010111101100110111101111111001100111
01010111011101111110011110111111111011011100110110111111100011111111001101000001111011111111111111011110000010110111111111111111
10110100000111101111111111111101111000001011011111111010000000000000000000000000000000000000000000000000000000000000000000000000
00000000010011100110000001110010010001111110000000011000100010010011100100000001001110010000000001000001111010011100100100011111
10001001101101000100000111101001110010010001111110001001101101000100000111101000000000000000000000000000000000110000001111110000
00000000000000000000000000000000000000100100000000000001000001010011010010001000000000010001010100110010100000000000000000000100
00000000000000000000000000000000000000000010011001000011001100000000000000000000000010001000000000000010000100000000001000101000
00010010000000000010001000000001001110000100110111010000000000000001001011001100000000000000000000000000001101100000001001100000
00000000000000000000000000000000100010000001000010000000000000000000000000000001010101001000000000000101010100100000000000000000
00010011100000000011100100000100000000000000000000000000000011110000000000000000010000000000000000100111000000000001000000000001
00010000100011011000101000000000000010010000000000000000000000000000000000000000000000000000110010010000000000000000000000000000
00000000000000000000000000000000000000000000000000000000000000000110011110000100001100110000000000000000000000010000110011000000
00000000000000000010001000000000000000000000000000000000000100010000010000100000000000000001100001111000011001111001001110010011
00000000000000000000000010011000000000000000000000000000000000000000100011000000000000000000000000000000000000000000110000111100
01100000011100111010000000000000000000000000000110010010110001010011100000000001011110000000000010000000000000000000100101000000
00000000000000100000000001001000000000000000000001000010000000000000000000000000000000000000000000000000010011011110010000010010
00000000101110000000000010010000000000000000000000000000000000000000000001100111100110001100010000100001000000000000000000000000
00001000000000000010111001010100000000011010011000010011100000000100101000000000010011110111000000000000000000000000000000000010
00011100001111000110011110011100100000000000000000000000000000000000000000010001001001110000000010010010011000000000000000000000
00000000000000000000000000000000100110000011000011110000000100001000000000000000000000000000000000000010010101001001011000000000
01000100110101100010011001100000011000001001000000000000000000000000000000000000000000010010000000000000011001111000000000000001
00100000000000000000000000000000000000000000000000010000100000000000000000000000001001110000000000000000010011101001110100010011
00001111001100111000000000000000000000000000000000000000000000000000000000000001000110000000000000000100010000000000000000000000
00000100010001000000000000100101000000000000000000000000000000000000000000000000000000000001001010000000000000000000000001001000
00000100001100111001011100000001001001010100010111100000001001111010100000000000100110000000000000000000000000000000000000000001
01100000010000000000000000010110000001000000000000000000000000000000000000000000001111001000000000000000000000000000000000000000
01000000000000010000100000000000000000000000000000000000000000000000000100010000001000100001001101001100001001000000000000000000
00000000000000000000000010001000010011100001001100000000000000001011000000000000000000000000000000000000000000000000000000000000
00000000000000000000000000000000000000100001001000000101111100100000000000000000000000000000000000000000000000001000000000000000
00000000000000000000000000000000000000000000000010001000100000000000000000101100000001011000000000000000000000000000000000000000
00000001001110010001100000111110000000100011000000000000000000000001101000100010011000000000000100110000000010000000010011000000
00000000000000001001000110101100000000000010001101001101000001001100000000000000001010100000000000100111001001000100110000000000
00000000000000100100000000000110011100001001000000000010011010100100100011000000000000000000001000110000000000010010100000000000
00000010001100000010010100000000000000000000000000100110000000000100010000100101000000100111100010100100100010000000000000000000
00000000000000000001001000000000000000001001000101010000001100011000001101000100011011100000000000000000000000001000100000000000
10011110001101001100000010000100010011001110110000100110000000000000000000000010011100000000000101010000000000000000101001001000
01000000001110010000000000000000000000000000000000000000000000000000000000000000000000000000000000000000000000000000000000000000
00000000000000000000000000000000000000000000000000000000000000000000000000000000000000000000000000000000000000000000000000000000
00000000000000000000000000000000000000000000000000100001000000000000000000000000000000000000000000000000000000000000000000010000
10000000000000000000000010000100000000000000000000000110011001000000000000000000000000100001000000000000000000000001000010000000
00111111000000000000000000000000000000000000000000000000000000000000000000000000000000000000000000000000000000000000000000000000
00000000000000000000000000100000010011110110110010100000000000100101100001000000000010010110000100000000000000000000001001011000
01000000000010010110000100000000000000000000000000000000000000000000000000010001111011000000000000001000000100110000000000100000
01001100000000000000000000000010011000000000000100110000000000000000000000000000000000000000000000000000000110001000111100000101
00000000000000010011110000100000000001001111000010000000000000000000000000000000000000000000000000000000000000000000000000000000
00000000001000000100111000000000010000100010010100000001000010001001010000000000000000000000000000000000000000000000000000000000
00000000000000000000000000000110001000111010000011001100000000101011110001100010000011111110011111100000000000010101111000110001
00000111111100111111000000000000000000000000100010100100110001100111101000011110100000000000010001010010011000110011110100001111
01000000000000000000000000000000000000000000000000000000000001100011001111110000111111000000000000101011110001100010000011111110
01111110000000000001010111100011000100000111111100111111000000000000000000000000001100011001111110000111111000000000000001100011
00111111000011111100000000000000000000000000000000000000000001001110000000000000000010011100000000000000000000000001010111100011
00011000110011110000001100111000000000000010101111000110001100011001111000000110011100000000000000000000000000000000000000000000
00000000000000000000000000000000000001000011000111000111001111001110101011110001100011000110011110000001100111010101111000110001
10001100111100000011001110000000000000101011110001100011000110011110000001100111000000000000000000000000000000000000000000000000
00000000000000000000000000000000000000000100011000000000000000000000000000000000000000000000000000000000000000000000000000000000
00000000000000000000000000000000000000000000000000000000000000000000000000000000000000000000000000000000000000000000000000000000
00000000000000001000001000110000000000000000000000000000000000000000000000000000000000000000000000000000000000000000000000000000
00000000000000001000011000110000000000000000000000000000000010010100000000000000011100010100000010000100110100101111111111111111
11111111111111111111111111111111111111111111111111000010100000000000000000000000000000000000000000000000000000000010101010100111
00100010000000000000000000000000010000000000000000000000000000001111111111111111111111111111111101011110000000000000000000000000
11111111111111111111111111111111111111111111111111111111111111111111111111111111111111111111111111111111111111111111111111111111
*
NOTE END CONFIG DATA*
L52992
00000000000000000000000000000000000000000000000000000000000000000000000000000000000000000000000000000000000000000000000000000000
00000000000000000000000000000000000000000000000000000000000000000000000000000000000000000000000000000000000000000000000000000000
00000000000000000000000000000000000000000000000000000000000000000000000000000000000000000000000000000000000000000000000000000000
00000000000000000000000000000000000000000000000000000000000000000000000000000000000000000000000000000000000000000000000000000000
00000000000000000000000000000000000000000000000000000000000000000000000000000000000000000000000000000000000000000000000000000000
00000000000000000000000000000000000000000000000000000000000000000000000000000000000000000000000000000000000000000000000000000000
00000000000000000000000000000000000000000000000000000000000000000000000000000000000000000000000000000000000000000000000000000000
00000000000000000000000000000000000000000000000000000000000000000000000000000000000000000000000000000000000000000000000000000000
00000000000000000000000000000000000000000000000000000000000000000000000000000000000000000000000000000000000000000000000000000000
00000000000000000000000000000000000000000000000000000000000000000000000000000000000000000000000000000000000000000000000000000000
00000000000000000000000000000000000000000000000000000000000000000000000000000000000000000000000000000000000000000000000000000000
00000000000000000000000000000000000000000000000000000000000000000000000000000000000000000000000000000000000000000000000000000000
00000000000000000000000000000000000000000000000000000000000000000000000000000000000000000000000000000000000000000000000000000000
00000000000000000000000000000000000000000000000000000000000000000000000000000000000000000000000000000000000000000000000000000000
00000000000000000000000000000000000000000000000000000000000000000000000000000000000000000000000000000000000000000000000000000000
00000000000000000000000000000000000000000000000000000000000000000000000000000000000000000000000000000000000000000000000000000000
00000000000000000000000000000000000000000000000000000000000000000000000000000000000000000000000000000000000000000000000000000000
00000000000000000000000000000000000000000000000000000000000000000000000000000000000000000000000000000000000000000000000000000000
00000000000000000000000000000000000000000000000000000000000000000000000000000000000000000000000000000000000000000000000000000000
00000000000000000000000000000000000000000000000000000000000000000000000000000000000000000000000000000000000000000000000000000000
00000000000000000000000000000000000000000000000000000000000000000000000000000000000000000000000000000000000000000000000000000000
00000000000000000000000000000000000000000000000000000000000000000000000000000000000000000000000000000000000000000000000000000000
00000000000000000000000000000000000000000000000000000000000000000000000000000000000000000000000000000000000000000000000000000000
00000000000000000000000000000000000000000000000000000000000000000000000000000000000000000000000000000000000000000000000000000000
00000000000000000000000000000000000000000000000000000000000000000000000000000000000000000000000000000000000000000000000000000000
00000000000000000000000000000000000000000000000000000000000000000000000000000000000000000000000000000000000000000000000000000000
00000000000000000000000000000000000000000000000000000000000000000000000000000000000000000000000000000000000000000000000000000000
00000000000000000000000000000000000000000000000000000000000000000000000000000000000000000000000000000000000000000000000000000000
00000000000000000000000000000000000000000000000000000000000000000000000000000000000000000000000000000000000000000000000000000000
00000000000000000000000000000000000000000000000000000000000000000000000000000000000000000000000000000000000000000000000000000000
00000000000000000000000000000000000000000000000000000000000000000000000000000000000000000000000000000000000000000000000000000000
00000000000000000000000000000000000000000000000000000000000000000000000000000000000000000000000000000000000000000000000000000000
00000000000000000000000000000000000000000000000000000000000000000000000000000000000000000000000000000000000000000000000000000000
00000000000000000000000000000000000000000000000000000000000000000000000000000000000000000000000000000000000000000000000000000000
00000000000000000000000000000000000000000000000000000000000000000000000000000000000000000000000000000000000000000000000000000000
00000000000000000000000000000000000000000000000000000000000000000000000000000000000000000000000000000000000000000000000000000000
00000000000000000000000000000000000000000000000000000000000000000000000000000000000000000000000000000000000000000000000000000000
00000000000000000000000000000000000000000000000000000000000000000000000000000000000000000000000000000000000000000000000000000000
00000000000000000000000000000000000000000000000000000000000000000000000000000000000000000000000000000000000000000000000000000000
00000000000000000000000000000000000000000000000000000000000000000000000000000000000000000000000000000000000000000000000000000000
00000000000000000000000000000000000000000000000000000000000000000000000000000000000000000000000000000000000000000000000000000000
00000000000000000000000000000000000000000000000000000000000000000000000000000000000000000000000000000000000000000000000000000000
00000000000000000000000000000000000000000000000000000000000000000000000000000000000000000000000000000000000000000000000000000000
00000000000000000000000000000000000000000000000000000000000000000000000000000000000000000000000000000000000000000000000000000000
00000000000000000000000000000000000000000000000000000000000000000000000000000000000000000000000000000000000000000000000000000000
00000000000000000000000000000000000000000000000000000000000000000000000000000000000000000000000000000000000000000000000000000000
00000000000000000000000000000000000000000000000000000000000000000000000000000000000000000000000000000000000000000000000000000000
00000000000000000000000000000000000000000000000000000000000000000000000000000000000000000000000000000000000000000000000000000000
00000000000000000000000000000000000000000000000000000000000000000000000000000000000000000000000000000000000000000000000000000000
00000000000000000000000000000000000000000000000000000000000000000000000000000000000000000000000000000000000000000000000000000000
00000000000000000000000000000000000000000000000000000000000000000000000000000000000000000000000000000000000000000000000000000000
00000000000000000000000000000000000000000000000000000000000000000000000000000000000000000000000000000000000000000000000000000000
00000000000000000000000000000000000000000000000000000000000000000000000000000000000000000000000000000000000000000000000000000000
00000000000000000000000000000000000000000000000000000000000000000000000000000000000000000000000000000000000000000000000000000000
00000000000000000000000000000000000000000000000000000000000000000000000000000000000000000000000000000000000000000000000000000000
00000000000000000000000000000000000000000000000000000000000000000000000000000000000000000000000000000000000000000000000000000000
00000000000000000000000000000000000000000000000000000000000000000000000000000000000000000000000000000000000000000000000000000000
00000000000000000000000000000000000000000000000000000000000000000000000000000000000000000000000000000000000000000000000000000000
00000000000000000000000000000000000000000000000000000000000000000000000000000000000000000000000000000000000000000000000000000000
00000000000000000000000000000000000000000000000000000000000000000000000000000000000000000000000000000000000000000000000000000000
00000000000000000000000000000000000000000000000000000000000000000000000000000000000000000000000000000000000000000000000000000000
00000000000000000000000000000000000000000000000000000000000000000000000000000000000000000000000000000000000000000000000000000000
00000000000000000000000000000000000000000000000000000000000000000000000000000000000000000000000000000000000000000000000000000000
00000000000000000000000000000000000000000000000000000000000000000000000000000000000000000000000000000000000000000000000000000000
00000000000000000000000000000000000000000000000000000000000000000000000000000000000000000000000000000000000000000000000000000000
00000000000000000000000000000000000000000000000000000000000000000000000000000000000000000000000000000000000000000000000000000000
00000000000000000000000000000000000000000000000000000000000000000000000000000000000000000000000000000000000000000000000000000000
00000000000000000000000000000000000000000000000000000000000000000000000000000000000000000000000000000000000000000000000000000000
00000000000000000000000000000000000000000000000000000000000000000000000000000000000000000000000000000000000000000000000000000000
00000000000000000000000000000000000000000000000000000000000000000000000000000000000000000000000000000000000000000000000000000000
00000000000000000000000000000000000000000000000000000000000000000000000000000000000000000000000000000000000000000000000000000000
00000000000000000000000000000000000000000000000000000000000000000000000000000000000000000000000000000000000000000000000000000000
00000000000000000000000000000000000000000000000000000000000000000000000000000000000000000000000000000000000000000000000000000000
00000000000000000000000000000000000000000000000000000000000000000000000000000000000000000000000000000000000000000000000000000000
00000000000000000000000000000000000000000000000000000000000000000000000000000000000000000000000000000000000000000000000000000000
00000000000000000000000000000000000000000000000000000000000000000000000000000000000000000000000000000000000000000000000000000000
00000000000000000000000000000000000000000000000000000000000000000000000000000000000000000000000000000000000000000000000000000000
00000000000000000000000000000000000000000000000000000000000000000000000000000000000000000000000000000000000000000000000000000000
00000000000000000000000000000000000000000000000000000000000000000000000000000000000000000000000000000000000000000000000000000000
00000000000000000000000000000000000000000000000000000000000000000000000000000000000000000000000000000000000000000000000000000000
00000000000000000000000000000000000000000000000000000000000000000000000000000000000000000000000000000000000000000000000000000000
00000000000000000000000000000000000000000000000000000000000000000000000000000000000000000000000000000000000000000000000000000000
00000000000000000000000000000000000000000000000000000000000000000000000000000000000000000000000000000000000000000000000000000000
00000000000000000000000000000000000000000000000000000000000000000000000000000000000000000000000000000000000000000000000000000000
00000000000000000000000000000000000000000000000000000000000000000000000000000000000000000000000000000000000000000000000000000000
00000000000000000000000000000000000000000000000000000000000000000000000000000000000000000000000000000000000000000000000000000000
00000000000000000000000000000000000000000000000000000000000000000000000000000000000000000000000000000000000000000000000000000000
00000000000000000000000000000000000000000000000000000000000000000000000000000000000000000000000000000000000000000000000000000000
00000000000000000000000000000000000000000000000000000000000000000000000000000000000000000000000000000000000000000000000000000000
00000000000000000000000000000000000000000000000000000000000000000000000000000000000000000000000000000000000000000000000000000000
00000000000000000000000000000000000000000000000000000000000000000000000000000000000000000000000000000000000000000000000000000000
00000000000000000000000000000000000000000000000000000000000000000000000000000000000000000000000000000000000000000000000000000000
00000000000000000000000000000000000000000000000000000000000000000000000000000000000000000000000000000000000000000000000000000000
00000000000000000000000000000000000000000000000000000000000000000000000000000000000000000000000000000000000000000000000000000000
00000000000000000000000000000000000000000000000000000000000000000000000000000000000000000000000000000000000000000000000000000000
00000000000000000000000000000000000000000000000000000000000000000000000000000000000000000000000000000000000000000000000000000000
00000000000000000000000000000000000000000000000000000000000000000000000000000000000000000000000000000000000000000000000000000000
00000000000000000000000000000000000000000000000000000000000000000000000000000000000000000000000000000000000000000000000000000000
00000000000000000000000000000000000000000000000000000000000000000000000000000000000000000000000000000000000000000000000000000000
00000000000000000000000000000000000000000000000000000000000000000000000000000000000000000000000000000000000000000000000000000000
00000000000000000000000000000000000000000000000000000000000000000000000000000000000000000000000000000000000000000000000000000000
00000000000000000000000000000000000000000000000000000000000000000000000000000000000000000000000000000000000000000000000000000000
00000000000000000000000000000000000000000000000000000000000000000000000000000000000000000000000000000000000000000000000000000000
00000000000000000000000000000000000000000000000000000000000000000000000000000000000000000000000000000000000000000000000000000000
00000000000000000000000000000000000000000000000000000000000000000000000000000000000000000000000000000000000000000000000000000000
00000000000000000000000000000000000000000000000000000000000000000000000000000000000000000000000000000000000000000000000000000000
00000000000000000000000000000000000000000000000000000000000000000000000000000000000000000000000000000000000000000000000000000000
00000000000000000000000000000000000000000000000000000000000000000000000000000000000000000000000000000000000000000000000000000000
00000000000000000000000000000000000000000000000000000000000000000000000000000000000000000000000000000000000000000000000000000000
00000000000000000000000000000000000000000000000000000000000000000000000000000000000000000000000000000000000000000000000000000000
00000000000000000000000000000000000000000000000000000000000000000000000000000000000000000000000000000000000000000000000000000000
00000000000000000000000000000000000000000000000000000000000000000000000000000000000000000000000000000000000000000000000000000000
00000000000000000000000000000000000000000000000000000000000000000000000000000000000000000000000000000000000000000000000000000000
00000000000000000000000000000000000000000000000000000000000000000000000000000000000000000000000000000000000000000000000000000000
00000000000000000000000000000000000000000000000000000000000000000000000000000000000000000000000000000000000000000000000000000000
00000000000000000000000000000000000000000000000000000000000000000000000000000000000000000000000000000000000000000000000000000000
00000000000000000000000000000000000000000000000000000000000000000000000000000000000000000000000000000000000000000000000000000000
00000000000000000000000000000000000000000000000000000000000000000000000000000000000000000000000000000000000000000000000000000000
00000000000000000000000000000000000000000000000000000000000000000000000000000000000000000000000000000000000000000000000000000000
00000000000000000000000000000000000000000000000000000000000000000000000000000000000000000000000000000000000000000000000000000000
00000000000000000000000000000000000000000000000000000000000000000000000000000000000000000000000000000000000000000000000000000000
00000000000000000000000000000000000000000000000000000000000000000000000000000000000000000000000000000000000000000000000000000000
00000000000000000000000000000000000000000000000000000000000000000000000000000000000000000000000000000000000000000000000000000000
00000000000000000000000000000000000000000000000000000000000000000000000000000000000000000000000000000000000000000000000000000000
00000000000000000000000000000000000000000000000000000000000000000000000000000000000000000000000000000000000000000000000000000000
00000000000000000000000000000000000000000000000000000000000000000000000000000000000000000000000000000000000000000000000000000000
00000000000000000000000000000000000000000000000000000000000000000000000000000000000000000000000000000000000000000000000000000000
00000000000000000000000000000000000000000000000000000000000000000000000000000000000000000000000000000000000000000000000000000000
00000000000000000000000000000000000000000000000000000000000000000000000000000000000000000000000000000000000000000000000000000000
00000000000000000000000000000000000000000000000000000000000000000000000000000000000000000000000000000000000000000000000000000000
00000000000000000000000000000000000000000000000000000000000000000000000000000000000000000000000000000000000000000000000000000000
00000000000000000000000000000000000000000000000000000000000000000000000000000000000000000000000000000000000000000000000000000000
00000000000000000000000000000000000000000000000000000000000000000000000000000000000000000000000000000000000000000000000000000000
00000000000000000000000000000000000000000000000000000000000000000000000000000000000000000000000000000000000000000000000000000000
00000000000000000000000000000000000000000000000000000000000000000000000000000000000000000000000000000000000000000000000000000000
00000000000000000000000000000000000000000000000000000000000000000000000000000000000000000000000000000000000000000000000000000000
00000000000000000000000000000000000000000000000000000000000000000000000000000000000000000000000000000000000000000000000000000000
00000000000000000000000000000000000000000000000000000000000000000000000000000000000000000000000000000000000000000000000000000000
00000000000000000000000000000000000000000000000000000000000000000000000000000000000000000000000000000000000000000000000000000000
00000000000000000000000000000000000000000000000000000000000000000000000000000000000000000000000000000000000000000000000000000000
00000000000000000000000000000000000000000000000000000000000000000000000000000000000000000000000000000000000000000000000000000000
00000000000000000000000000000000000000000000000000000000000000000000000000000000000000000000000000000000000000000000000000000000
00000000000000000000000000000000000000000000000000000000000000000000000000000000000000000000000000000000000000000000000000000000
00000000000000000000000000000000000000000000000000000000000000000000000000000000000000000000000000000000000000000000000000000000
00000000000000000000000000000000000000000000000000000000000000000000000000000000000000000000000000000000000000000000000000000000
00000000000000000000000000000000000000000000000000000000000000000000000000000000000000000000000000000000000000000000000000000000
00000000000000000000000000000000000000000000000000000000000000000000000000000000000000000000000000000000000000000000000000000000
00000000000000000000000000000000000000000000000000000000000000000000000000000000000000000000000000000000000000000000000000000000
00000000000000000000000000000000000000000000000000000000000000000000000000000000000000000000000000000000000000000000000000000000
00000000000000000000000000000000000000000000000000000000000000000000000000000000000000000000000000000000000000000000000000000000
00000000000000000000000000000000000000000000000000000000000000000000000000000000000000000000000000000000000000000000000000000000
00000000000000000000000000000000000000000000000000000000000000000000000000000000000000000000000000000000000000000000000000000000
00000000000000000000000000000000000000000000000000000000000000000000000000000000000000000000000000000000000000000000000000000000
00000000000000000000000000000000000000000000000000000000000000000000000000000000000000000000000000000000000000000000000000000000
00000000000000000000000000000000000000000000000000000000000000000000000000000000000000000000000000000000000000000000000000000000
00000000000000000000000000000000000000000000000000000000000000000000000000000000000000000000000000000000000000000000000000000000
00000000000000000000000000000000000000000000000000000000000000000000000000000000000000000000000000000000000000000000000000000000
00000000000000000000000000000000000000000000000000000000000000000000000000000000000000000000000000000000000000000000000000000000
00000000000000000000000000000000000000000000000000000000000000000000000000000000000000000000000000000000000000000000000000000000
00000000000000000000000000000000000000000000000000000000000000000000000000000000000000000000000000000000000000000000000000000000
00000000000000000000000000000000000000000000000000000000000000000000000000000000000000000000000000000000000000000000000000000000
00000000000000000000000000000000000000000000000000000000000000000000000000000000000000000000000000000000000000000000000000000000
00000000000000000000000000000000000000000000000000000000000000000000000000000000000000000000000000000000000000000000000000000000
00000000000000000000000000000000000000000000000000000000000000000000000000000000000000000000000000000000000000000000000000000000
00000000000000000000000000000000000000000000000000000000000000000000000000000000000000000000000000000000000000000000000000000000
00000000000000000000000000000000000000000000000000000000000000000000000000000000000000000000000000000000000000000000000000000000
00000000000000000000000000000000000000000000000000000000000000000000000000000000000000000000000000000000000000000000000000000000
00000000000000000000000000000000000000000000000000000000000000000000000000000000000000000000000000000000000000000000000000000000
00000000000000000000000000000000000000000000000000000000000000000000000000000000000000000000000000000000000000000000000000000000
00000000000000000000000000000000000000000000000000000000000000000000000000000000000000000000000000000000000000000000000000000000
00000000000000000000000000000000000000000000000000000000000000000000000000000000000000000000000000000000000000000000000000000000
00000000000000000000000000000000000000000000000000000000000000000000000000000000000000000000000000000000000000000000000000000000
00000000000000000000000000000000000000000000000000000000000000000000000000000000000000000000000000000000000000000000000000000000
00000000000000000000000000000000000000000000000000000000000000000000000000000000000000000000000000000000000000000000000000000000
00000000000000000000000000000000000000000000000000000000000000000000000000000000000000000000000000000000000000000000000000000000
00000000000000000000000000000000000000000000000000000000000000000000000000000000000000000000000000000000000000000000000000000000
00000000000000000000000000000000000000000000000000000000000000000000000000000000000000000000000000000000000000000000000000000000
00000000000000000000000000000000000000000000000000000000000000000000000000000000000000000000000000000000000000000000000000000000
00000000000000000000000000000000000000000000000000000000000000000000000000000000000000000000000000000000000000000000000000000000
00000000000000000000000000000000000000000000000000000000000000000000000000000000000000000000000000000000000000000000000000000000
00000000000000000000000000000000000000000000000000000000000000000000000000000000000000000000000000000000000000000000000000000000
00000000000000000000000000000000000000000000000000000000000000000000000000000000000000000000000000000000000000000000000000000000
00000000000000000000000000000000000000000000000000000000000000000000000000000000000000000000000000000000000000000000000000000000
00000000000000000000000000000000000000000000000000000000000000000000000000000000000000000000000000000000000000000000000000000000
00000000000000000000000000000000000000000000000000000000000000000000000000000000000000000000000000000000000000000000000000000000
00000000000000000000000000000000000000000000000000000000000000000000000000000000000000000000000000000000000000000000000000000000
00000000000000000000000000000000000000000000000000000000000000000000000000000000000000000000000000000000000000000000000000000000
00000000000000000000000000000000000000000000000000000000000000000000000000000000000000000000000000000000000000000000000000000000
00000000000000000000000000000000000000000000000000000000000000000000000000000000000000000000000000000000000000000000000000000000
00000000000000000000000000000000000000000000000000000000000000000000000000000000000000000000000000000000000000000000000000000000
00000000000000000000000000000000000000000000000000000000000000000000000000000000000000000000000000000000000000000000000000000000
00000000000000000000000000000000000000000000000000000000000000000000000000000000000000000000000000000000000000000000000000000000
00000000000000000000000000000000000000000000000000000000000000000000000000000000000000000000000000000000000000000000000000000000
00000000000000000000000000000000000000000000000000000000000000000000000000000000000000000000000000000000000000000000000000000000
00000000000000000000000000000000000000000000000000000000000000000000000000000000000000000000000000000000000000000000000000000000
00000000000000000000000000000000000000000000000000000000000000000000000000000000000000000000000000000000000000000000000000000000
00000000000000000000000000000000000000000000000000000000000000000000000000000000000000000000000000000000000000000000000000000000
00000000000000000000000000000000000000000000000000000000000000000000000000000000000000000000000000000000000000000000000000000000
00000000000000000000000000000000000000000000000000000000000000000000000000000000000000000000000000000000000000000000000000000000
00000000000000000000000000000000000000000000000000000000000000000000000000000000000000000000000000000000000000000000000000000000
00000000000000000000000000000000000000000000000000000000000000000000000000000000000000000000000000000000000000000000000000000000
00000000000000000000000000000000000000000000000000000000000000000000000000000000000000000000000000000000000000000000000000000000
00000000000000000000000000000000000000000000000000000000000000000000000000000000000000000000000000000000000000000000000000000000
00000000000000000000000000000000000000000000000000000000000000000000000000000000000000000000000000000000000000000000000000000000
00000000000000000000000000000000000000000000000000000000000000000000000000000000000000000000000000000000000000000000000000000000
00000000000000000000000000000000000000000000000000000000000000000000000000000000000000000000000000000000000000000000000000000000
00000000000000000000000000000000000000000000000000000000000000000000000000000000000000000000000000000000000000000000000000000000
00000000000000000000000000000000000000000000000000000000000000000000000000000000000000000000000000000000000000000000000000000000
00000000000000000000000000000000000000000000000000000000000000000000000000000000000000000000000000000000000000000000000000000000
00000000000000000000000000000000000000000000000000000000000000000000000000000000000000000000000000000000000000000000000000000000
00000000000000000000000000000000000000000000000000000000000000000000000000000000000000000000000000000000000000000000000000000000
00000000000000000000000000000000000000000000000000000000000000000000000000000000000000000000000000000000000000000000000000000000
00000000000000000000000000000000000000000000000000000000000000000000000000000000000000000000000000000000000000000000000000000000
00000000000000000000000000000000000000000000000000000000000000000000000000000000000000000000000000000000000000000000000000000000
00000000000000000000000000000000000000000000000000000000000000000000000000000000000000000000000000000000000000000000000000000000
00000000000000000000000000000000000000000000000000000000000000000000000000000000000000000000000000000000000000000000000000000000
00000000000000000000000000000000000000000000000000000000000000000000000000000000000000000000000000000000000000000000000000000000
00000000000000000000000000000000000000000000000000000000000000000000000000000000000000000000000000000000000000000000000000000000
00000000000000000000000000000000000000000000000000000000000000000000000000000000000000000000000000000000000000000000000000000000
00000000000000000000000000000000000000000000000000000000000000000000000000000000000000000000000000000000000000000000000000000000
00000000000000000000000000000000000000000000000000000000000000000000000000000000000000000000000000000000000000000000000000000000
00000000000000000000000000000000000000000000000000000000000000000000000000000000000000000000000000000000000000000000000000000000
00000000000000000000000000000000000000000000000000000000000000000000000000000000000000000000000000000000000000000000000000000000
00000000000000000000000000000000000000000000000000000000000000000000000000000000000000000000000000000000000000000000000000000000
00000000000000000000000000000000000000000000000000000000000000000000000000000000000000000000000000000000000000000000000000000000
00000000000000000000000000000000000000000000000000000000000000000000000000000000000000000000000000000000000000000000000000000000
00000000000000000000000000000000000000000000000000000000000000000000000000000000000000000000000000000000000000000000000000000000
00000000000000000000000000000000000000000000000000000000000000000000000000000000000000000000000000000000000000000000000000000000
00000000000000000000000000000000000000000000000000000000000000000000000000000000000000000000000000000000000000000000000000000000
00000000000000000000000000000000000000000000000000000000000000000000000000000000000000000000000000000000000000000000000000000000
00000000000000000000000000000000000000000000000000000000000000000000000000000000000000000000000000000000000000000000000000000000
00000000000000000000000000000000000000000000000000000000000000000000000000000000000000000000000000000000000000000000000000000000
00000000000000000000000000000000000000000000000000000000000000000000000000000000000000000000000000000000000000000000000000000000
00000000000000000000000000000000000000000000000000000000000000000000000000000000000000000000000000000000000000000000000000000000
00000000000000000000000000000000000000000000000000000000000000000000000000000000000000000000000000000000000000000000000000000000
00000000000000000000000000000000000000000000000000000000000000000000000000000000000000000000000000000000000000000000000000000000
00000000000000000000000000000000000000000000000000000000000000000000000000000000000000000000000000000000000000000000000000000000
00000000000000000000000000000000000000000000000000000000000000000000000000000000000000000000000000000000000000000000000000000000
00000000000000000000000000000000000000000000000000000000000000000000000000000000000000000000000000000000000000000000000000000000
00000000000000000000000000000000000000000000000000000000000000000000000000000000000000000000000000000000000000000000000000000000
00000000000000000000000000000000000000000000000000000000000000000000000000000000000000000000000000000000000000000000000000000000
00000000000000000000000000000000000000000000000000000000000000000000000000000000000000000000000000000000000000000000000000000000
00000000000000000000000000000000000000000000000000000000000000000000000000000000000000000000000000000000000000000000000000000000
00000000000000000000000000000000000000000000000000000000000000000000000000000000000000000000000000000000000000000000000000000000
00000000000000000000000000000000000000000000000000000000000000000000000000000000000000000000000000000000000000000000000000000000
00000000000000000000000000000000000000000000000000000000000000000000000000000000000000000000000000000000000000000000000000000000
00000000000000000000000000000000000000000000000000000000000000000000000000000000000000000000000000000000000000000000000000000000
00000000000000000000000000000000000000000000000000000000000000000000000000000000000000000000000000000000000000000000000000000000
00000000000000000000000000000000000000000000000000000000000000000000000000000000000000000000000000000000000000000000000000000000
00000000000000000000000000000000000000000000000000000000000000000000000000000000000000000000000000000000000000000000000000000000
00000000000000000000000000000000000000000000000000000000000000000000000000000000000000000000000000000000000000000000000000000000
00000000000000000000000000000000000000000000000000000000000000000000000000000000000000000000000000000000000000000000000000000000
00000000000000000000000000000000000000000000000000000000000000000000000000000000000000000000000000000000000000000000000000000000
00000000000000000000000000000000000000000000000000000000000000000000000000000000000000000000000000000000000000000000000000000000
00000000000000000000000000000000000000000000000000000000000000000000000000000000000000000000000000000000000000000000000000000000
00000000000000000000000000000000000000000000000000000000000000000000000000000000000000000000000000000000000000000000000000000000
00000000000000000000000000000000000000000000000000000000000000000000000000000000000000000000000000000000000000000000000000000000
00000000000000000000000000000000000000000000000000000000000000000000000000000000000000000000000000000000000000000000000000000000
00000000000000000000000000000000000000000000000000000000000000000000000000000000000000000000000000000000000000000000000000000000
00000000000000000000000000000000000000000000000000000000000000000000000000000000000000000000000000000000000000000000000000000000
00000000000000000000000000000000000000000000000000000000000000000000000000000000000000000000000000000000000000000000000000000000
00000000000000000000000000000000000000000000000000000000000000000000000000000000000000000000000000000000000000000000000000000000
00000000000000000000000000000000000000000000000000000000000000000000000000000000000000000000000000000000000000000000000000000000
00000000000000000000000000000000000000000000000000000000000000000000000000000000000000000000000000000000000000000000000000000000
00000000000000000000000000000000000000000000000000000000000000000000000000000000000000000000000000000000000000000000000000000000
00000000000000000000000000000000000000000000000000000000000000000000000000000000000000000000000000000000000000000000000000000000
00000000000000000000000000000000000000000000000000000000000000000000000000000000000000000000000000000000000000000000000000000000
00000000000000000000000000000000000000000000000000000000000000000000000000000000000000000000000000000000000000000000000000000000
00000000000000000000000000000000000000000000000000000000000000000000000000000000000000000000000000000000000000000000000000000000
00000000000000000000000000000000000000000000000000000000000000000000000000000000000000000000000000000000000000000000000000000000
00000000000000000000000000000000000000000000000000000000000000000000000000000000000000000000000000000000000000000000000000000000
00000000000000000000000000000000000000000000000000000000000000000000000000000000000000000000000000000000000000000000000000000000
00000000000000000000000000000000000000000000000000000000000000000000000000000000000000000000000000000000000000000000000000000000
00000000000000000000000000000000000000000000000000000000000000000000000000000000000000000000000000000000000000000000000000000000
00000000000000000000000000000000000000000000000000000000000000000000000000000000000000000000000000000000000000000000000000000000
00000000000000000000000000000000000000000000000000000000000000000000000000000000000000000000000000000000000000000000000000000000
00000000000000000000000000000000000000000000000000000000000000000000000000000000000000000000000000000000000000000000000000000000
00000000000000000000000000000000000000000000000000000000000000000000000000000000000000000000000000000000000000000000000000000000
00000000000000000000000000000000000000000000000000000000000000000000000000000000000000000000000000000000000000000000000000000000
00000000000000000000000000000000000000000000000000000000000000000000000000000000000000000000000000000000000000000000000000000000
00000000000000000000000000000000000000000000000000000000000000000000000000000000000000000000000000000000000000000000000000000000
00000000000000000000000000000000000000000000000000000000000000000000000000000000000000000000000000000000000000000000000000000000
00000000000000000000000000000000000000000000000000000000000000000000000000000000000000000000000000000000000000000000000000000000
00000000000000000000000000000000000000000000000000000000000000000000000000000000000000000000000000000000000000000000000000000000
00000000000000000000000000000000000000000000000000000000000000000000000000000000000000000000000000000000000000000000000000000000
00000000000000000000000000000000000000000000000000000000000000000000000000000000000000000000000000000000000000000000000000000000
00000000000000000000000000000000000000000000000000000000000000000000000000000000000000000000000000000000000000000000000000000000
00000000000000000000000000000000000000000000000000000000000000000000000000000000000000000000000000000000000000000000000000000000
00000000000000000000000000000000000000000000000000000000000000000000000000000000000000000000000000000000000000000000000000000000
00000000000000000000000000000000000000000000000000000000000000000000000000000000000000000000000000000000000000000000000000000000
00000000000000000000000000000000000000000000000000000000000000000000000000000000000000000000000000000000000000000000000000000000
00000000000000000000000000000000000000000000000000000000000000000000000000000000000000000000000000000000000000000000000000000000
00000000000000000000000000000000000000000000000000000000000000000000000000000000000000000000000000000000000000000000000000000000
00000000000000000000000000000000000000000000000000000000000000000000000000000000000000000000000000000000000000000000000000000000
00000000000000000000000000000000000000000000000000000000000000000000000000000000000000000000000000000000000000000000000000000000
00000000000000000000000000000000000000000000000000000000000000000000000000000000000000000000000000000000000000000000000000000000
00000000000000000000000000000000000000000000000000000000000000000000000000000000000000000000000000000000000000000000000000000000
00000000000000000000000000000000000000000000000000000000000000000000000000000000000000000000000000000000000000000000000000000000
00000000000000000000000000000000000000000000000000000000000000000000000000000000000000000000000000000000000000000000000000000000
00000000000000000000000000000000000000000000000000000000000000000000000000000000000000000000000000000000000000000000000000000000
00000000000000000000000000000000000000000000000000000000000000000000000000000000000000000000000000000000000000000000000000000000
00000000000000000000000000000000000000000000000000000000000000000000000000000000000000000000000000000000000000000000000000000000
00000000000000000000000000000000000000000000000000000000000000000000000000000000000000000000000000000000000000000000000000000000
00000000000000000000000000000000000000000000000000000000000000000000000000000000000000000000000000000000000000000000000000000000
00000000000000000000000000000000000000000000000000000000000000000000000000000000000000000000000000000000000000000000000000000000
00000000000000000000000000000000000000000000000000000000000000000000000000000000000000000000000000000000000000000000000000000000
00000000000000000000000000000000000000000000000000000000000000000000000000000000000000000000000000000000000000000000000000000000
00000000000000000000000000000000000000000000000000000000000000000000000000000000000000000000000000000000000000000000000000000000
00000000000000000000000000000000000000000000000000000000000000000000000000000000000000000000000000000000000000000000000000000000
00000000000000000000000000000000000000000000000000000000000000000000000000000000000000000000000000000000000000000000000000000000
00000000000000000000000000000000000000000000000000000000000000000000000000000000000000000000000000000000000000000000000000000000
00000000000000000000000000000000000000000000000000000000000000000000000000000000000000000000000000000000000000000000000000000000
00000000000000000000000000000000000000000000000000000000000000000000000000000000000000000000000000000000000000000000000000000000
00000000000000000000000000000000000000000000000000000000000000000000000000000000000000000000000000000000000000000000000000000000
00000000000000000000000000000000000000000000000000000000000000000000000000000000000000000000000000000000000000000000000000000000
00000000000000000000000000000000000000000000000000000000000000000000000000000000000000000000000000000000000000000000000000000000
00000000000000000000000000000000000000000000000000000000000000000000000000000000000000000000000000000000000000000000000000000000
00000000000000000000000000000000000000000000000000000000000000000000000000000000000000000000000000000000000000000000000000000000
00000000000000000000000000000000000000000000000000000000000000000000000000000000000000000000000000000000000000000000000000000000
00000000000000000000000000000000000000000000000000000000000000000000000000000000000000000000000000000000000000000000000000000000
00000000000000000000000000000000000000000000000000000000000000000000000000000000000000000000000000000000000000000000000000000000
00000000000000000000000000000000000000000000000000000000000000000000000000000000000000000000000000000000000000000000000000000000
00000000000000000000000000000000000000000000000000000000000000000000000000000000000000000000000000000000000000000000000000000000
00000000000000000000000000000000000000000000000000000000000000000000000000000000000000000000000000000000000000000000000000000000
00000000000000000000000000000000000000000000000000000000000000000000000000000000000000000000000000000000000000000000000000000000
00000000000000000000000000000000000000000000000000000000000000000000000000000000000000000000000000000000000000000000000000000000
00000000000000000000000000000000000000000000000000000000000000000000000000000000000000000000000000000000000000000000000000000000
00000000000000000000000000000000000000000000000000000000000000000000000000000000000000000000000000000000000000000000000000000000
00000000000000000000000000000000000000000000000000000000000000000000000000000000000000000000000000000000000000000000000000000000
00000000000000000000000000000000000000000000000000000000000000000000000000000000000000000000000000000000000000000000000000000000
00000000000000000000000000000000000000000000000000000000000000000000000000000000000000000000000000000000000000000000000000000000
00000000000000000000000000000000000000000000000000000000000000000000000000000000000000000000000000000000000000000000000000000000
00000000000000000000000000000000000000000000000000000000000000000000000000000000000000000000000000000000000000000000000000000000
00000000000000000000000000000000000000000000000000000000000000000000000000000000000000000000000000000000000000000000000000000000
00000000000000000000000000000000000000000000000000000000000000000000000000000000000000000000000000000000000000000000000000000000
00000000000000000000000000000000000000000000000000000000000000000000000000000000000000000000000000000000000000000000000000000000
00000000000000000000000000000000000000000000000000000000000000000000000000000000000000000000000000000000000000000000000000000000
00000000000000000000000000000000000000000000000000000000000000000000000000000000000000000000000000000000000000000000000000000000
00000000000000000000000000000000000000000000000000000000000000000000000000000000000000000000000000000000000000000000000000000000
00000000000000000000000000000000000000000000000000000000000000000000000000000000000000000000000000000000000000000000000000000000
00000000000000000000000000000000000000000000000000000000000000000000000000000000000000000000000000000000000000000000000000000000
00000000000000000000000000000000000000000000000000000000000000000000000000000000000000000000000000000000000000000000000000000000
00000000000000000000000000000000000000000000000000000000000000000000000000000000000000000000000000000000000000000000000000000000
00000000000000000000000000000000000000000000000000000000000000000000000000000000000000000000000000000000000000000000000000000000
00000000000000000000000000000000000000000000000000000000000000000000000000000000000000000000000000000000000000000000000000000000
00000000000000000000000000000000000000000000000000000000000000000000000000000000000000000000000000000000000000000000000000000000
00000000000000000000000000000000000000000000000000000000000000000000000000000000000000000000000000000000000000000000000000000000
00000000000000000000000000000000000000000000000000000000000000000000000000000000000000000000000000000000000000000000000000000000
00000000000000000000000000000000000000000000000000000000000000000000000000000000000000000000000000000000000000000000000000000000
00000000000000000000000000000000000000000000000000000000000000000000000000000000000000000000000000000000000000000000000000000000
00000000000000000000000000000000000000000000000000000000000000000000000000000000000000000000000000000000000000000000000000000000
00000000000000000000000000000000000000000000000000000000000000000000000000000000000000000000000000000000000000000000000000000000
00000000000000000000000000000000000000000000000000000000000000000000000000000000000000000000000000000000000000000000000000000000
00000000000000000000000000000000000000000000000000000000000000000000000000000000000000000000000000000000000000000000000000000000
00000000000000000000000000000000000000000000000000000000000000000000000000000000000000000000000000000000000000000000000000000000
00000000000000000000000000000000000000000000000000000000000000000000000000000000000000000000000000000000000000000000000000000000
00000000000000000000000000000000000000000000000000000000000000000000000000000000000000000000000000000000000000000000000000000000
00000000000000000000000000000000000000000000000000000000000000000000000000000000000000000000000000000000000000000000000000000000
00000000000000000000000000000000000000000000000000000000000000000000000000000000000000000000000000000000000000000000000000000000
00000000000000000000000000000000000000000000000000000000000000000000000000000000000000000000000000000000000000000000000000000000
00000000000000000000000000000000000000000000000000000000000000000000000000000000000000000000000000000000000000000000000000000000
00000000000000000000000000000000000000000000000000000000000000000000000000000000000000000000000000000000000000000000000000000000
00000000000000000000000000000000000000000000000000000000000000000000000000000000000000000000000000000000000000000000000000000000
00000000000000000000000000000000000000000000000000000000000000000000000000000000000000000000000000000000000000000000000000000000
00000000000000000000000000000000000000000000000000000000000000000000000000000000000000000000000000000000000000000000000000000000
00000000000000000000000000000000000000000000000000000000000000000000000000000000000000000000000000000000000000000000000000000000
00000000000000000000000000000000000000000000000000000000000000000000000000000000000000000000000000000000000000000000000000000000
00000000000000000000000000000000000000000000000000000000000000000000000000000000000000000000000000000000000000000000000000000000
00000000000000000000000000000000000000000000000000000000000000000000000000000000000000000000000000000000000000000000000000000000
00000000000000000000000000000000000000000000000000000000000000000000000000000000000000000000000000000000000000000000000000000000
00000000000000000000000000000000000000000000000000000000000000000000000000000000000000000000000000000000000000000000000000000000
00000000000000000000000000000000000000000000000000000000000000000000000000000000000000000000000000000000000000000000000000000000
00000000000000000000000000000000000000000000000000000000000000000000000000000000000000000000000000000000000000000000000000000000
00000000000000000000000000000000000000000000000000000000000000000000000000000000000000000000000000000000000000000000000000000000
00000000000000000000000000000000000000000000000000000000000000000000000000000000000000000000000000000000000000000000000000000000
00000000000000000000000000000000000000000000000000000000000000000000000000000000000000000000000000000000000000000000000000000000
00000000000000000000000000000000000000000000000000000000000000000000000000000000000000000000000000000000000000000000000000000000
00000000000000000000000000000000000000000000000000000000000000000000000000000000000000000000000000000000000000000000000000000000
00000000000000000000000000000000000000000000000000000000000000000000000000000000000000000000000000000000000000000000000000000000
00000000000000000000000000000000000000000000000000000000000000000000000000000000000000000000000000000000000000000000000000000000
00000000000000000000000000000000000000000000000000000000000000000000000000000000000000000000000000000000000000000000000000000000
00000000000000000000000000000000000000000000000000000000000000000000000000000000000000000000000000000000000000000000000000000000
00000000000000000000000000000000000000000000000000000000000000000000000000000000000000000000000000000000000000000000000000000000
00000000000000000000000000000000000000000000000000000000000000000000000000000000000000000000000000000000000000000000000000000000
00000000000000000000000000000000000000000000000000000000000000000000000000000000000000000000000000000000000000000000000000000000
00000000000000000000000000000000000000000000000000000000000000000000000000000000000000000000000000000000000000000000000000000000
00000000000000000000000000000000000000000000000000000000000000000000000000000000000000000000000000000000000000000000000000000000
00000000000000000000000000000000000000000000000000000000000000000000000000000000000000000000000000000000000000000000000000000000
00000000000000000000000000000000000000000000000000000000000000000000000000000000000000000000000000000000000000000000000000000000
00000000000000000000000000000000000000000000000000000000000000000000000000000000000000000000000000000000000000000000000000000000
00000000000000000000000000000000000000000000000000000000000000000000000000000000000000000000000000000000000000000000000000000000
00000000000000000000000000000000000000000000000000000000000000000000000000000000000000000000000000000000000000000000000000000000
00000000000000000000000000000000000000000000000000000000000000000000000000000000000000000000000000000000000000000000000000000000
00000000000000000000000000000000000000000000000000000000000000000000000000000000000000000000000000000000000000000000000000000000
00000000000000000000000000000000000000000000000000000000000000000000000000000000000000000000000000000000000000000000000000000000
00000000000000000000000000000000000000000000000000000000000000000000000000000000000000000000000000000000000000000000000000000000
00000000000000000000000000000000000000000000000000000000000000000000000000000000000000000000000000000000000000000000000000000000
00000000000000000000000000000000000000000000000000000000000000000000000000000000000000000000000000000000000000000000000000000000
00000000000000000000000000000000000000000000000000000000000000000000000000000000000000000000000000000000000000000000000000000000
00000000000000000000000000000000000000000000000000000000000000000000000000000000000000000000000000000000000000000000000000000000
00000000000000000000000000000000000000000000000000000000000000000000000000000000000000000000000000000000000000000000000000000000
00000000000000000000000000000000000000000000000000000000000000000000000000000000000000000000000000000000000000000000000000000000
00000000000000000000000000000000000000000000000000000000000000000000000000000000000000000000000000000000000000000000000000000000
00000000000000000000000000000000000000000000000000000000000000000000000000000000000000000000000000000000000000000000000000000000
00000000000000000000000000000000000000000000000000000000000000000000000000000000000000000000000000000000000000000000000000000000
00000000000000000000000000000000000000000000000000000000000000000000000000000000000000000000000000000000000000000000000000000000
00000000000000000000000000000000000000000000000000000000000000000000000000000000000000000000000000000000000000000000000000000000
00000000000000000000000000000000000000000000000000000000000000000000000000000000000000000000000000000000000000000000000000000000
00000000000000000000000000000000000000000000000000000000000000000000000000000000000000000000000000000000000000000000000000000000
00000000000000000000000000000000000000000000000000000000000000000000000000000000000000000000000000000000000000000000000000000000
00000000000000000000000000000000000000000000000000000000000000000000000000000000000000000000000000000000000000000000000000000000
00000000000000000000000000000000000000000000000000000000000000000000000000000000000000000000000000000000000000000000000000000000
00000000000000000000000000000000000000000000000000000000000000000000000000000000000000000000000000000000000000000000000000000000
00000000000000000000000000000000000000000000000000000000000000000000000000000000000000000000000000000000000000000000000000000000
00000000000000000000000000000000000000000000000000000000000000000000000000000000000000000000000000000000000000000000000000000000
00000000000000000000000000000000000000000000000000000000000000000000000000000000000000000000000000000000000000000000000000000000
00000000000000000000000000000000000000000000000000000000000000000000000000000000000000000000000000000000000000000000000000000000
00000000000000000000000000000000000000000000000000000000000000000000000000000000000000000000000000000000000000000000000000000000
00000000000000000000000000000000000000000000000000000000000000000000000000000000000000000000000000000000000000000000000000000000
00000000000000000000000000000000000000000000000000000000000000000000000000000000000000000000000000000000000000000000000000000000
00000000000000000000000000000000000000000000000000000000000000000000000000000000000000000000000000000000000000000000000000000000
00000000000000000000000000000000000000000000000000000000000000000000000000000000000000000000000000000000000000000000000000000000
00000000000000000000000000000000000000000000000000000000000000000000000000000000000000000000000000000000000000000000000000000000
00000000000000000000000000000000000000000000000000000000000000000000000000000000000000000000000000000000000000000000000000000000
00000000000000000000000000000000000000000000000000000000000000000000000000000000000000000000000000000000000000000000000000000000
00000000000000000000000000000000000000000000000000000000000000000000000000000000000000000000000000000000000000000000000000000000
00000000000000000000000000000000000000000000000000000000000000000000000000000000000000000000000000000000000000000000000000000000
00000000000000000000000000000000000000000000000000000000000000000000000000000000000000000000000000000000000000000000000000000000
00000000000000000000000000000000000000000000000000000000000000000000000000000000000000000000000000000000000000000000000000000000
00000000000000000000000000000000000000000000000000000000000000000000000000000000000000000000000000000000000000000000000000000000
00000000000000000000000000000000000000000000000000000000000000000000000000000000000000000000000000000000000000000000000000000000
00000000000000000000000000000000000000000000000000000000000000000000000000000000000000000000000000000000000000000000000000000000
00000000000000000000000000000000000000000000000000000000000000000000000000000000000000000000000000000000000000000000000000000000
00000000000000000000000000000000000000000000000000000000000000000000000000000000000000000000000000000000000000000000000000000000
00000000000000000000000000000000000000000000000000000000000000000000000000000000000000000000000000000000000000000000000000000000
00000000000000000000000000000000000000000000000000000000000000000000000000000000000000000000000000000000000000000000000000000000
00000000000000000000000000000000000000000000000000000000000000000000000000000000000000000000000000000000000000000000000000000000
00000000000000000000000000000000000000000000000000000000000000000000000000000000000000000000000000000000000000000000000000000000
00000000000000000000000000000000000000000000000000000000000000000000000000000000000000000000000000000000000000000000000000000000
00000000000000000000000000000000000000000000000000000000000000000000000000000000000000000000000000000000000000000000000000000000
00000000000000000000000000000000000000000000000000000000000000000000000000000000000000000000000000000000000000000000000000000000
00000000000000000000000000000000000000000000000000000000000000000000000000000000000000000000000000000000000000000000000000000000
00000000000000000000000000000000000000000000000000000000000000000000000000000000000000000000000000000000000000000000000000000000
00000000000000000000000000000000000000000000000000000000000000000000000000000000000000000000000000000000000000000000000000000000
00000000000000000000000000000000000000000000000000000000000000000000000000000000000000000000000000000000000000000000000000000000
00000000000000000000000000000000000000000000000000000000000000000000000000000000000000000000000000000000000000000000000000000000
00000000000000000000000000000000000000000000000000000000000000000000000000000000000000000000000000000000000000000000000000000000
00000000000000000000000000000000000000000000000000000000000000000000000000000000000000000000000000000000000000000000000000000000
00000000000000000000000000000000000000000000000000000000000000000000000000000000000000000000000000000000000000000000000000000000
00000000000000000000000000000000000000000000000000000000000000000000000000000000000000000000000000000000000000000000000000000000
00000000000000000000000000000000000000000000000000000000000000000000000000000000000000000000000000000000000000000000000000000000
00000000000000000000000000000000000000000000000000000000000000000000000000000000000000000000000000000000000000000000000000000000
00000000000000000000000000000000000000000000000000000000000000000000000000000000000000000000000000000000000000000000000000000000
00000000000000000000000000000000000000000000000000000000000000000000000000000000000000000000000000000000000000000000000000000000
00000000000000000000000000000000000000000000000000000000000000000000000000000000000000000000000000000000000000000000000000000000
00000000000000000000000000000000000000000000000000000000000000000000000000000000000000000000000000000000000000000000000000000000
00000000000000000000000000000000000000000000000000000000000000000000000000000000000000000000000000000000000000000000000000000000
00000000000000000000000000000000000000000000000000000000000000000000000000000000000000000000000000000000000000000000000000000000
00000000000000000000000000000000000000000000000000000000000000000000000000000000000000000000000000000000000000000000000000000000
00000000000000000000000000000000000000000000000000000000000000000000000000000000000000000000000000000000000000000000000000000000
00000000000000000000000000000000000000000000000000000000000000000000000000000000000000000000000000000000000000000000000000000000
00000000000000000000000000000000000000000000000000000000000000000000000000000000000000000000000000000000000000000000000000000000
00000000000000000000000000000000000000000000000000000000000000000000000000000000000000000000000000000000000000000000000000000000
00000000000000000000000000000000000000000000000000000000000000000000000000000000000000000000000000000000000000000000000000000000
00000000000000000000000000000000000000000000000000000000000000000000000000000000000000000000000000000000000000000000000000000000
00000000000000000000000000000000000000000000000000000000000000000000000000000000000000000000000000000000000000000000000000000000
00000000000000000000000000000000000000000000000000000000000000000000000000000000000000000000000000000000000000000000000000000000
00000000000000000000000000000000000000000000000000000000000000000000000000000000000000000000000000000000000000000000000000000000
00000000000000000000000000000000000000000000000000000000000000000000000000000000000000000000000000000000000000000000000000000000
00000000000000000000000000000000000000000000000000000000000000000000000000000000000000000000000000000000000000000000000000000000
00000000000000000000000000000000000000000000000000000000000000000000000000000000000000000000000000000000000000000000000000000000
00000000000000000000000000000000000000000000000000000000000000000000000000000000000000000000000000000000000000000000000000000000
00000000000000000000000000000000000000000000000000000000000000000000000000000000000000000000000000000000000000000000000000000000
00000000000000000000000000000000000000000000000000000000000000000000000000000000000000000000000000000000000000000000000000000000
00000000000000000000000000000000000000000000000000000000000000000000000000000000000000000000000000000000000000000000000000000000
00000000000000000000000000000000000000000000000000000000000000000000000000000000000000000000000000000000000000000000000000000000
00000000000000000000000000000000000000000000000000000000000000000000000000000000000000000000000000000000000000000000000000000000
00000000000000000000000000000000000000000000000000000000000000000000000000000000000000000000000000000000000000000000000000000000
00000000000000000000000000000000000000000000000000000000000000000000000000000000000000000000000000000000000000000000000000000000
00000000000000000000000000000000000000000000000000000000000000000000000000000000000000000000000000000000000000000000000000000000
00000000000000000000000000000000000000000000000000000000000000000000000000000000000000000000000000000000000000000000000000000000
00000000000000000000000000000000000000000000000000000000000000000000000000000000000000000000000000000000000000000000000000000000
00000000000000000000000000000000000000000000000000000000000000000000000000000000000000000000000000000000000000000000000000000000
00000000000000000000000000000000000000000000000000000000000000000000000000000000000000000000000000000000000000000000000000000000
00000000000000000000000000000000000000000000000000000000000000000000000000000000000000000000000000000000000000000000000000000000
00000000000000000000000000000000000000000000000000000000000000000000000000000000000000000000000000000000000000000000000000000000
00000000000000000000000000000000000000000000000000000000000000000000000000000000000000000000000000000000000000000000000000000000
00000000000000000000000000000000000000000000000000000000000000000000000000000000000000000000000000000000000000000000000000000000
00000000000000000000000000000000000000000000000000000000000000000000000000000000000000000000000000000000000000000000000000000000
00000000000000000000000000000000000000000000000000000000000000000000000000000000000000000000000000000000000000000000000000000000
00000000000000000000000000000000000000000000000000000000000000000000000000000000000000000000000000000000000000000000000000000000
00000000000000000000000000000000000000000000000000000000000000000000000000000000000000000000000000000000000000000000000000000000
00000000000000000000000000000000000000000000000000000000000000000000000000000000000000000000000000000000000000000000000000000000
00000000000000000000000000000000000000000000000000000000000000000000000000000000000000000000000000000000000000000000000000000000
00000000000000000000000000000000000000000000000000000000000000000000000000000000000000000000000000000000000000000000000000000000
00000000000000000000000000000000000000000000000000000000000000000000000000000000000000000000000000000000000000000000000000000000
00000000000000000000000000000000000000000000000000000000000000000000000000000000000000000000000000000000000000000000000000000000
00000000000000000000000000000000000000000000000000000000000000000000000000000000000000000000000000000000000000000000000000000000
00000000000000000000000000000000000000000000000000000000000000000000000000000000000000000000000000000000000000000000000000000000
00000000000000000000000000000000000000000000000000000000000000000000000000000000000000000000000000000000000000000000000000000000
00000000000000000000000000000000000000000000000000000000000000000000000000000000000000000000000000000000000000000000000000000000
00000000000000000000000000000000000000000000000000000000000000000000000000000000000000000000000000000000000000000000000000000000
00000000000000000000000000000000000000000000000000000000000000000000000000000000000000000000000000000000000000000000000000000000
00000000000000000000000000000000000000000000000000000000000000000000000000000000000000000000000000000000000000000000000000000000
00000000000000000000000000000000000000000000000000000000000000000000000000000000000000000000000000000000000000000000000000000000
00000000000000000000000000000000000000000000000000000000000000000000000000000000000000000000000000000000000000000000000000000000
00000000000000000000000000000000000000000000000000000000000000000000000000000000000000000000000000000000000000000000000000000000
00000000000000000000000000000000000000000000000000000000000000000000000000000000000000000000000000000000000000000000000000000000
00000000000000000000000000000000000000000000000000000000000000000000000000000000000000000000000000000000000000000000000000000000
00000000000000000000000000000000000000000000000000000000000000000000000000000000000000000000000000000000000000000000000000000000
00000000000000000000000000000000000000000000000000000000000000000000000000000000000000000000000000000000000000000000000000000000
00000000000000000000000000000000000000000000000000000000000000000000000000000000000000000000000000000000000000000000000000000000
00000000000000000000000000000000000000000000000000000000000000000000000000000000000000000000000000000000000000000000000000000000
00000000000000000000000000000000000000000000000000000000000000000000000000000000000000000000000000000000000000000000000000000000
00000000000000000000000000000000000000000000000000000000000000000000000000000000000000000000000000000000000000000000000000000000
00000000000000000000000000000000000000000000000000000000000000000000000000000000000000000000000000000000000000000000000000000000
00000000000000000000000000000000000000000000000000000000000000000000000000000000000000000000000000000000000000000000000000000000
00000000000000000000000000000000000000000000000000000000000000000000000000000000000000000000000000000000000000000000000000000000
00000000000000000000000000000000000000000000000000000000000000000000000000000000000000000000000000000000000000000000000000000000
00000000000000000000000000000000000000000000000000000000000000000000000000000000000000000000000000000000000000000000000000000000
00000000000000000000000000000000000000000000000000000000000000000000000000000000000000000000000000000000000000000000000000000000
00000000000000000000000000000000000000000000000000000000000000000000000000000000000000000000000000000000000000000000000000000000
00000000000000000000000000000000000000000000000000000000000000000000000000000000000000000000000000000000000000000000000000000000
00000000000000000000000000000000000000000000000000000000000000000000000000000000000000000000000000000000000000000000000000000000
00000000000000000000000000000000000000000000000000000000000000000000000000000000000000000000000000000000000000000000000000000000
00000000000000000000000000000000000000000000000000000000000000000000000000000000000000000000000000000000000000000000000000000000
00000000000000000000000000000000000000000000000000000000000000000000000000000000000000000000000000000000000000000000000000000000
00000000000000000000000000000000000000000000000000000000000000000000000000000000000000000000000000000000000000000000000000000000
00000000000000000000000000000000000000000000000000000000000000000000000000000000000000000000000000000000000000000000000000000000
00000000000000000000000000000000000000000000000000000000000000000000000000000000000000000000000000000000000000000000000000000000
00000000000000000000000000000000000000000000000000000000000000000000000000000000000000000000000000000000000000000000000000000000
00000000000000000000000000000000000000000000000000000000000000000000000000000000000000000000000000000000000000000000000000000000
00000000000000000000000000000000000000000000000000000000000000000000000000000000000000000000000000000000000000000000000000000000
00000000000000000000000000000000000000000000000000000000000000000000000000000000000000000000000000000000000000000000000000000000
00000000000000000000000000000000000000000000000000000000000000000000000000000000000000000000000000000000000000000000000000000000
00000000000000000000000000000000000000000000000000000000000000000000000000000000000000000000000000000000000000000000000000000000
00000000000000000000000000000000000000000000000000000000000000000000000000000000000000000000000000000000000000000000000000000000
00000000000000000000000000000000000000000000000000000000000000000000000000000000000000000000000000000000000000000000000000000000
00000000000000000000000000000000000000000000000000000000000000000000000000000000000000000000000000000000000000000000000000000000
00000000000000000000000000000000000000000000000000000000000000000000000000000000000000000000000000000000000000000000000000000000
00000000000000000000000000000000000000000000000000000000000000000000000000000000000000000000000000000000000000000000000000000000
00000000000000000000000000000000000000000000000000000000000000000000000000000000000000000000000000000000000000000000000000000000
00000000000000000000000000000000000000000000000000000000000000000000000000000000000000000000000000000000000000000000000000000000
00000000000000000000000000000000000000000000000000000000000000000000000000000000000000000000000000000000000000000000000000000000
00000000000000000000000000000000000000000000000000000000000000000000000000000000000000000000000000000000000000000000000000000000
00000000000000000000000000000000000000000000000000000000000000000000000000000000000000000000000000000000000000000000000000000000
00000000000000000000000000000000000000000000000000000000000000000000000000000000000000000000000000000000000000000000000000000000
00000000000000000000000000000000000000000000000000000000000000000000000000000000000000000000000000000000000000000000000000000000
00000000000000000000000000000000000000000000000000000000000000000000000000000000000000000000000000000000000000000000000000000000
00000000000000000000000000000000000000000000000000000000000000000000000000000000000000000000000000000000000000000000000000000000
00000000000000000000000000000000000000000000000000000000000000000000000000000000000000000000000000000000000000000000000000000000
00000000000000000000000000000000000000000000000000000000000000000000000000000000000000000000000000000000000000000000000000000000
00000000000000000000000000000000000000000000000000000000000000000000000000000000000000000000000000000000000000000000000000000000
00000000000000000000000000000000000000000000000000000000000000000000000000000000000000000000000000000000000000000000000000000000
00000000000000000000000000000000000000000000000000000000000000000000000000000000000000000000000000000000000000000000000000000000
00000000000000000000000000000000000000000000000000000000000000000000000000000000000000000000000000000000000000000000000000000000
00000000000000000000000000000000000000000000000000000000000000000000000000000000000000000000000000000000000000000000000000000000
00000000000000000000000000000000000000000000000000000000000000000000000000000000000000000000000000000000000000000000000000000000
00000000000000000000000000000000000000000000000000000000000000000000000000000000000000000000000000000000000000000000000000000000
00000000000000000000000000000000000000000000000000000000000000000000000000000000000000000000000000000000000000000000000000000000
00000000000000000000000000000000000000000000000000000000000000000000000000000000000000000000000000000000000000000000000000000000
00000000000000000000000000000000000000000000000000000000000000000000000000000000000000000000000000000000000000000000000000000000
00000000000000000000000000000000000000000000000000000000000000000000000000000000000000000000000000000000000000000000000000000000
00000000000000000000000000000000000000000000000000000000000000000000000000000000000000000000000000000000000000000000000000000000
00000000000000000000000000000000000000000000000000000000000000000000000000000000000000000000000000000000000000000000000000000000
00000000000000000000000000000000000000000000000000000000000000000000000000000000000000000000000000000000000000000000000000000000
00000000000000000000000000000000000000000000000000000000000000000000000000000000000000000000000000000000000000000000000000000000
00000000000000000000000000000000000000000000000000000000000000000000000000000000000000000000000000000000000000000000000000000000
00000000000000000000000000000000000000000000000000000000000000000000000000000000000000000000000000000000000000000000000000000000
00000000000000000000000000000000000000000000000000000000000000000000000000000000000000000000000000000000000000000000000000000000
00000000000000000000000000000000000000000000000000000000000000000000000000000000000000000000000000000000000000000000000000000000
00000000000000000000000000000000000000000000000000000000000000000000000000000000000000000000000000000000000000000000000000000000
00000000000000000000000000000000000000000000000000000000000000000000000000000000000000000000000000000000000000000000000000000000
00000000000000000000000000000000000000000000000000000000000000000000000000000000000000000000000000000000000000000000000000000000
00000000000000000000000000000000000000000000000000000000000000000000000000000000000000000000000000000000000000000000000000000000
00000000000000000000000000000000000000000000000000000000000000000000000000000000000000000000000000000000000000000000000000000000
00000000000000000000000000000000000000000000000000000000000000000000000000000000000000000000000000000000000000000000000000000000
00000000000000000000000000000000000000000000000000000000000000000000000000000000000000000000000000000000000000000000000000000000
00000000000000000000000000000000000000000000000000000000000000000000000000000000000000000000000000000000000000000000000000000000
00000000000000000000000000000000000000000000000000000000000000000000000000000000000000000000000000000000000000000000000000000000
00000000000000000000000000000000000000000000000000000000000000000000000000000000000000000000000000000000000000000000000000000000
00000000000000000000000000000000000000000000000000000000000000000000000000000000000000000000000000000000000000000000000000000000
00000000000000000000000000000000000000000000000000000000000000000000000000000000000000000000000000000000000000000000000000000000
00000000000000000000000000000000000000000000000000000000000000000000000000000000000000000000000000000000000000000000000000000000
00000000000000000000000000000000000000000000000000000000000000000000000000000000000000000000000000000000000000000000000000000000
00000000000000000000000000000000000000000000000000000000000000000000000000000000000000000000000000000000000000000000000000000000
00000000000000000000000000000000000000000000000000000000000000000000000000000000000000000000000000000000000000000000000000000000
00000000000000000000000000000000000000000000000000000000000000000000000000000000000000000000000000000000000000000000000000000000
00000000000000000000000000000000000000000000000000000000000000000000000000000000000000000000000000000000000000000000000000000000
00000000000000000000000000000000000000000000000000000000000000000000000000000000000000000000000000000000000000000000000000000000
00000000000000000000000000000000000000000000000000000000000000000000000000000000000000000000000000000000000000000000000000000000
00000000000000000000000000000000000000000000000000000000000000000000000000000000000000000000000000000000000000000000000000000000
00000000000000000000000000000000000000000000000000000000000000000000000000000000000000000000000000000000000000000000000000000000
00000000000000000000000000000000000000000000000000000000000000000000000000000000000000000000000000000000000000000000000000000000
00000000000000000000000000000000000000000000000000000000000000000000000000000000000000000000000000000000000000000000000000000000
00000000000000000000000000000000000000000000000000000000000000000000000000000000000000000000000000000000000000000000000000000000
00000000000000000000000000000000000000000000000000000000000000000000000000000000000000000000000000000000000000000000000000000000
00000000000000000000000000000000000000000000000000000000000000000000000000000000000000000000000000000000000000000000000000000000
00000000000000000000000000000000000000000000000000000000000000000000000000000000000000000000000000000000000000000000000000000000
00000000000000000000000000000000000000000000000000000000000000000000000000000000000000000000000000000000000000000000000000000000
00000000000000000000000000000000000000000000000000000000000000000000000000000000000000000000000000000000000000000000000000000000
00000000000000000000000000000000000000000000000000000000000000000000000000000000000000000000000000000000000000000000000000000000
00000000000000000000000000000000000000000000000000000000000000000000000000000000000000000000000000000000000000000000000000000000
00000000000000000000000000000000000000000000000000000000000000000000000000000000000000000000000000000000000000000000000000000000
00000000000000000000000000000000000000000000000000000000000000000000000000000000000000000000000000000000000000000000000000000000
00000000000000000000000000000000000000000000000000000000000000000000000000000000000000000000000000000000000000000000000000000000
00000000000000000000000000000000000000000000000000000000000000000000000000000000000000000000000000000000000000000000000000000000
00000000000000000000000000000000000000000000000000000000000000000000000000000000000000000000000000000000000000000000000000000000
00000000000000000000000000000000000000000000000000000000000000000000000000000000000000000000000000000000000000000000000000000000
00000000000000000000000000000000000000000000000000000000000000000000000000000000000000000000000000000000000000000000000000000000
00000000000000000000000000000000000000000000000000000000000000000000000000000000000000000000000000000000000000000000000000000000
00000000000000000000000000000000000000000000000000000000000000000000000000000000000000000000000000000000000000000000000000000000
00000000000000000000000000000000000000000000000000000000000000000000000000000000000000000000000000000000000000000000000000000000
00000000000000000000000000000000000000000000000000000000000000000000000000000000000000000000000000000000000000000000000000000000
00000000000000000000000000000000000000000000000000000000000000000000000000000000000000000000000000000000000000000000000000000000
00000000000000000000000000000000000000000000000000000000000000000000000000000000000000000000000000000000000000000000000000000000
00000000000000000000000000000000000000000000000000000000000000000000000000000000000000000000000000000000000000000000000000000000
00000000000000000000000000000000000000000000000000000000000000000000000000000000000000000000000000000000000000000000000000000000
00000000000000000000000000000000000000000000000000000000000000000000000000000000000000000000000000000000000000000000000000000000
00000000000000000000000000000000000000000000000000000000000000000000000000000000000000000000000000000000000000000000000000000000
00000000000000000000000000000000000000000000000000000000000000000000000000000000000000000000000000000000000000000000000000000000
00000000000000000000000000000000000000000000000000000000000000000000000000000000000000000000000000000000000000000000000000000000
00000000000000000000000000000000000000000000000000000000000000000000000000000000000000000000000000000000000000000000000000000000
00000000000000000000000000000000000000000000000000000000000000000000000000000000000000000000000000000000000000000000000000000000
00000000000000000000000000000000000000000000000000000000000000000000000000000000000000000000000000000000000000000000000000000000
00000000000000000000000000000000000000000000000000000000000000000000000000000000000000000000000000000000000000000000000000000000
00000000000000000000000000000000000000000000000000000000000000000000000000000000000000000000000000000000000000000000000000000000
00000000000000000000000000000000000000000000000000000000000000000000000000000000000000000000000000000000000000000000000000000000
00000000000000000000000000000000000000000000000000000000000000000000000000000000000000000000000000000000000000000000000000000000
00000000000000000000000000000000000000000000000000000000000000000000000000000000000000000000000000000000000000000000000000000000
00000000000000000000000000000000000000000000000000000000000000000000000000000000000000000000000000000000000000000000000000000000
00000000000000000000000000000000000000000000000000000000000000000000000000000000000000000000000000000000000000000000000000000000
00000000000000000000000000000000000000000000000000000000000000000000000000000000000000000000000000000000000000000000000000000000
00000000000000000000000000000000000000000000000000000000000000000000000000000000000000000000000000000000000000000000000000000000
00000000000000000000000000000000000000000000000000000000000000000000000000000000000000000000000000000000000000000000000000000000
00000000000000000000000000000000000000000000000000000000000000000000000000000000000000000000000000000000000000000000000000000000
00000000000000000000000000000000000000000000000000000000000000000000000000000000000000000000000000000000000000000000000000000000
00000000000000000000000000000000000000000000000000000000000000000000000000000000000000000000000000000000000000000000000000000000
00000000000000000000000000000000000000000000000000000000000000000000000000000000000000000000000000000000000000000000000000000000
00000000000000000000000000000000000000000000000000000000000000000000000000000000000000000000000000000000000000000000000000000000
00000000000000000000000000000000000000000000000000000000000000000000000000000000000000000000000000000000000000000000000000000000
00000000000000000000000000000000000000000000000000000000000000000000000000000000000000000000000000000000000000000000000000000000
00000000000000000000000000000000000000000000000000000000000000000000000000000000000000000000000000000000000000000000000000000000
00000000000000000000000000000000000000000000000000000000000000000000000000000000000000000000000000000000000000000000000000000000
00000000000000000000000000000000000000000000000000000000000000000000000000000000000000000000000000000000000000000000000000000000
00000000000000000000000000000000000000000000000000000000000000000000000000000000000000000000000000000000000000000000000000000000
00000000000000000000000000000000000000000000000000000000000000000000000000000000000000000000000000000000000000000000000000000000
00000000000000000000000000000000000000000000000000000000000000000000000000000000000000000000000000000000000000000000000000000000
00000000000000000000000000000000000000000000000000000000000000000000000000000000000000000000000000000000000000000000000000000000
00000000000000000000000000000000000000000000000000000000000000000000000000000000000000000000000000000000000000000000000000000000
00000000000000000000000000000000000000000000000000000000000000000000000000000000000000000000000000000000000000000000000000000000
00000000000000000000000000000000000000000000000000000000000000000000000000000000000000000000000000000000000000000000000000000000
00000000000000000000000000000000000000000000000000000000000000000000000000000000000000000000000000000000000000000000000000000000
00000000000000000000000000000000000000000000000000000000000000000000000000000000000000000000000000000000000000000000000000000000
00000000000000000000000000000000000000000000000000000000000000000000000000000000000000000000000000000000000000000000000000000000
00000000000000000000000000000000000000000000000000000000000000000000000000000000000000000000000000000000000000000000000000000000
00000000000000000000000000000000000000000000000000000000000000000000000000000000000000000000000000000000000000000000000000000000
00000000000000000000000000000000000000000000000000000000000000000000000000000000000000000000000000000000000000000000000000000000
00000000000000000000000000000000000000000000000000000000000000000000000000000000000000000000000000000000000000000000000000000000
00000000000000000000000000000000000000000000000000000000000000000000000000000000000000000000000000000000000000000000000000000000
00000000000000000000000000000000000000000000000000000000000000000000000000000000000000000000000000000000000000000000000000000000
00000000000000000000000000000000000000000000000000000000000000000000000000000000000000000000000000000000000000000000000000000000
00000000000000000000000000000000000000000000000000000000000000000000000000000000000000000000000000000000000000000000000000000000
00000000000000000000000000000000000000000000000000000000000000000000000000000000000000000000000000000000000000000000000000000000
00000000000000000000000000000000000000000000000000000000000000000000000000000000000000000000000000000000000000000000000000000000
00000000000000000000000000000000000000000000000000000000000000000000000000000000000000000000000000000000000000000000000000000000
00000000000000000000000000000000000000000000000000000000000000000000000000000000000000000000000000000000000000000000000000000000
00000000000000000000000000000000000000000000000000000000000000000000000000000000000000000000000000000000000000000000000000000000
00000000000000000000000000000000000000000000000000000000000000000000000000000000000000000000000000000000000000000000000000000000
00000000000000000000000000000000000000000000000000000000000000000000000000000000000000000000000000000000000000000000000000000000
00000000000000000000000000000000000000000000000000000000000000000000000000000000000000000000000000000000000000000000000000000000
00000000000000000000000000000000000000000000000000000000000000000000000000000000000000000000000000000000000000000000000000000000
00000000000000000000000000000000000000000000000000000000000000000000000000000000000000000000000000000000000000000000000000000000
00000000000000000000000000000000000000000000000000000000000000000000000000000000000000000000000000000000000000000000000000000000
00000000000000000000000000000000000000000000000000000000000000000000000000000000000000000000000000000000000000000000000000000000
00000000000000000000000000000000000000000000000000000000000000000000000000000000000000000000000000000000000000000000000000000000
00000000000000000000000000000000000000000000000000000000000000000000000000000000000000000000000000000000000000000000000000000000
00000000000000000000000000000000000000000000000000000000000000000000000000000000000000000000000000000000000000000000000000000000
00000000000000000000000000000000000000000000000000000000000000000000000000000000000000000000000000000000000000000000000000000000
00000000000000000000000000000000000000000000000000000000000000000000000000000000000000000000000000000000000000000000000000000000
00000000000000000000000000000000000000000000000000000000000000000000000000000000000000000000000000000000000000000000000000000000
00000000000000000000000000000000000000000000000000000000000000000000000000000000000000000000000000000000000000000000000000000000
00000000000000000000000000000000000000000000000000000000000000000000000000000000000000000000000000000000000000000000000000000000
00000000000000000000000000000000000000000000000000000000000000000000000000000000000000000000000000000000000000000000000000000000
00000000000000000000000000000000000000000000000000000000000000000000000000000000000000000000000000000000000000000000000000000000
00000000000000000000000000000000000000000000000000000000000000000000000000000000000000000000000000000000000000000000000000000000
00000000000000000000000000000000000000000000000000000000000000000000000000000000000000000000000000000000000000000000000000000000
00000000000000000000000000000000000000000000000000000000000000000000000000000000000000000000000000000000000000000000000000000000
00000000000000000000000000000000000000000000000000000000000000000000000000000000000000000000000000000000000000000000000000000000
00000000000000000000000000000000000000000000000000000000000000000000000000000000000000000000000000000000000000000000000000000000
00000000000000000000000000000000000000000000000000000000000000000000000000000000000000000000000000000000000000000000000000000000
00000000000000000000000000000000000000000000000000000000000000000000000000000000000000000000000000000000000000000000000000000000
00000000000000000000000000000000000000000000000000000000000000000000000000000000000000000000000000000000000000000000000000000000
00000000000000000000000000000000000000000000000000000000000000000000000000000000000000000000000000000000000000000000000000000000
00000000000000000000000000000000000000000000000000000000000000000000000000000000000000000000000000000000000000000000000000000000
00000000000000000000000000000000000000000000000000000000000000000000000000000000000000000000000000000000000000000000000000000000
00000000000000000000000000000000000000000000000000000000000000000000000000000000000000000000000000000000000000000000000000000000
00000000000000000000000000000000000000000000000000000000000000000000000000000000000000000000000000000000000000000000000000000000
00000000000000000000000000000000000000000000000000000000000000000000000000000000000000000000000000000000000000000000000000000000
00000000000000000000000000000000000000000000000000000000000000000000000000000000000000000000000000000000000000000000000000000000
00000000000000000000000000000000000000000000000000000000000000000000000000000000000000000000000000000000000000000000000000000000
00000000000000000000000000000000000000000000000000000000000000000000000000000000000000000000000000000000000000000000000000000000
00000000000000000000000000000000000000000000000000000000000000000000000000000000000000000000000000000000000000000000000000000000
00000000000000000000000000000000000000000000000000000000000000000000000000000000000000000000000000000000000000000000000000000000
00000000000000000000000000000000000000000000000000000000000000000000000000000000000000000000000000000000000000000000000000000000
00000000000000000000000000000000000000000000000000000000000000000000000000000000000000000000000000000000000000000000000000000000
00000000000000000000000000000000000000000000000000000000000000000000000000000000000000000000000000000000000000000000000000000000
00000000000000000000000000000000000000000000000000000000000000000000000000000000000000000000000000000000000000000000000000000000
00000000000000000000000000000000000000000000000000000000000000000000000000000000000000000000000000000000000000000000000000000000
00000000000000000000000000000000000000000000000000000000000000000000000000000000000000000000000000000000000000000000000000000000
00000000000000000000000000000000000000000000000000000000000000000000000000000000000000000000000000000000000000000000000000000000
00000000000000000000000000000000000000000000000000000000000000000000000000000000000000000000000000000000000000000000000000000000
00000000000000000000000000000000000000000000000000000000000000000000000000000000000000000000000000000000000000000000000000000000
00000000000000000000000000000000000000000000000000000000000000000000000000000000000000000000000000000000000000000000000000000000
00000000000000000000000000000000000000000000000000000000000000000000000000000000000000000000000000000000000000000000000000000000
00000000000000000000000000000000000000000000000000000000000000000000000000000000000000000000000000000000000000000000000000000000
00000000000000000000000000000000000000000000000000000000000000000000000000000000000000000000000000000000000000000000000000000000
00000000000000000000000000000000000000000000000000000000000000000000000000000000000000000000000000000000000000000000000000000000
00000000000000000000000000000000000000000000000000000000000000000000000000000000000000000000000000000000000000000000000000000000
00000000000000000000000000000000000000000000000000000000000000000000000000000000000000000000000000000000000000000000000000000000
00000000000000000000000000000000000000000000000000000000000000000000000000000000000000000000000000000000000000000000000000000000
00000000000000000000000000000000000000000000000000000000000000000000000000000000000000000000000000000000000000000000000000000000
00000000000000000000000000000000000000000000000000000000000000000000000000000000000000000000000000000000000000000000000000000000
00000000000000000000000000000000000000000000000000000000000000000000000000000000000000000000000000000000000000000000000000000000
00000000000000000000000000000000000000000000000000000000000000000000000000000000000000000000000000000000000000000000000000000000
00000000000000000000000000000000000000000000000000000000000000000000000000000000000000000000000000000000000000000000000000000000
00000000000000000000000000000000000000000000000000000000000000000000000000000000000000000000000000000000000000000000000000000000
00000000000000000000000000000000000000000000000000000000000000000000000000000000000000000000000000000000000000000000000000000000
00000000000000000000000000000000000000000000000000000000000000000000000000000000000000000000000000000000000000000000000000000000
00000000000000000000000000000000000000000000000000000000000000000000000000000000000000000000000000000000000000000000000000000000
00000000000000000000000000000000000000000000000000000000000000000000000000000000000000000000000000000000000000000000000000000000
00000000000000000000000000000000000000000000000000000000000000000000000000000000000000000000000000000000000000000000000000000000
00000000000000000000000000000000000000000000000000000000000000000000000000000000000000000000000000000000000000000000000000000000
00000000000000000000000000000000000000000000000000000000000000000000000000000000000000000000000000000000000000000000000000000000
00000000000000000000000000000000000000000000000000000000000000000000000000000000000000000000000000000000000000000000000000000000
00000000000000000000000000000000000000000000000000000000000000000000000000000000000000000000000000000000000000000000000000000000
00000000000000000000000000000000000000000000000000000000000000000000000000000000000000000000000000000000000000000000000000000000
00000000000000000000000000000000000000000000000000000000000000000000000000000000000000000000000000000000000000000000000000000000
00000000000000000000000000000000000000000000000000000000000000000000000000000000000000000000000000000000000000000000000000000000
00000000000000000000000000000000000000000000000000000000000000000000000000000000000000000000000000000000000000000000000000000000
00000000000000000000000000000000000000000000000000000000000000000000000000000000000000000000000000000000000000000000000000000000
00000000000000000000000000000000000000000000000000000000000000000000000000000000000000000000000000000000000000000000000000000000
00000000000000000000000000000000000000000000000000000000000000000000000000000000000000000000000000000000000000000000000000000000
00000000000000000000000000000000000000000000000000000000000000000000000000000000000000000000000000000000000000000000000000000000
00000000000000000000000000000000000000000000000000000000000000000000000000000000000000000000000000000000000000000000000000000000
00000000000000000000000000000000000000000000000000000000000000000000000000000000000000000000000000000000000000000000000000000000
00000000000000000000000000000000000000000000000000000000000000000000000000000000000000000000000000000000000000000000000000000000
00000000000000000000000000000000000000000000000000000000000000000000000000000000000000000000000000000000000000000000000000000000
00000000000000000000000000000000000000000000000000000000000000000000000000000000000000000000000000000000000000000000000000000000
00000000000000000000000000000000000000000000000000000000000000000000000000000000000000000000000000000000000000000000000000000000
00000000000000000000000000000000000000000000000000000000000000000000000000000000000000000000000000000000000000000000000000000000
00000000000000000000000000000000000000000000000000000000000000000000000000000000000000000000000000000000000000000000000000000000
00000000000000000000000000000000000000000000000000000000000000000000000000000000000000000000000000000000000000000000000000000000
00000000000000000000000000000000000000000000000000000000000000000000000000000000000000000000000000000000000000000000000000000000
00000000000000000000000000000000000000000000000000000000000000000000000000000000000000000000000000000000000000000000000000000000
00000000000000000000000000000000000000000000000000000000000000000000000000000000000000000000000000000000000000000000000000000000
00000000000000000000000000000000000000000000000000000000000000000000000000000000000000000000000000000000000000000000000000000000
00000000000000000000000000000000000000000000000000000000000000000000000000000000000000000000000000000000000000000000000000000000
00000000000000000000000000000000000000000000000000000000000000000000000000000000000000000000000000000000000000000000000000000000
00000000000000000000000000000000000000000000000000000000000000000000000000000000000000000000000000000000000000000000000000000000
00000000000000000000000000000000000000000000000000000000000000000000000000000000000000000000000000000000000000000000000000000000
00000000000000000000000000000000000000000000000000000000000000000000000000000000000000000000000000000000000000000000000000000000
00000000000000000000000000000000000000000000000000000000000000000000000000000000000000000000000000000000000000000000000000000000
00000000000000000000000000000000000000000000000000000000000000000000000000000000000000000000000000000000000000000000000000000000
00000000000000000000000000000000000000000000000000000000000000000000000000000000000000000000000000000000000000000000000000000000
00000000000000000000000000000000000000000000000000000000000000000000000000000000000000000000000000000000000000000000000000000000
00000000000000000000000000000000000000000000000000000000000000000000000000000000000000000000000000000000000000000000000000000000
00000000000000000000000000000000000000000000000000000000000000000000000000000000000000000000000000000000000000000000000000000000
00000000000000000000000000000000000000000000000000000000000000000000000000000000000000000000000000000000000000000000000000000000
00000000000000000000000000000000000000000000000000000000000000000000000000000000000000000000000000000000000000000000000000000000
00000000000000000000000000000000000000000000000000000000000000000000000000000000000000000000000000000000000000000000000000000000
00000000000000000000000000000000000000000000000000000000000000000000000000000000000000000000000000000000000000000000000000000000
00000000000000000000000000000000000000000000000000000000000000000000000000000000000000000000000000000000000000000000000000000000
00000000000000000000000000000000000000000000000000000000000000000000000000000000000000000000000000000000000000000000000000000000
00000000000000000000000000000000000000000000000000000000000000000000000000000000000000000000000000000000000000000000000000000000
00000000000000000000000000000000000000000000000000000000000000000000000000000000000000000000000000000000000000000000000000000000
00000000000000000000000000000000000000000000000000000000000000000000000000000000000000000000000000000000000000000000000000000000
00000000000000000000000000000000000000000000000000000000000000000000000000000000000000000000000000000000000000000000000000000000
00000000000000000000000000000000000000000000000000000000000000000000000000000000000000000000000000000000000000000000000000000000
00000000000000000000000000000000000000000000000000000000000000000000000000000000000000000000000000000000000000000000000000000000
00000000000000000000000000000000000000000000000000000000000000000000000000000000000000000000000000000000000000000000000000000000
00000000000000000000000000000000000000000000000000000000000000000000000000000000000000000000000000000000000000000000000000000000
00000000000000000000000000000000000000000000000000000000000000000000000000000000000000000000000000000000000000000000000000000000
00000000000000000000000000000000000000000000000000000000000000000000000000000000000000000000000000000000000000000000000000000000
00000000000000000000000000000000000000000000000000000000000000000000000000000000000000000000000000000000000000000000000000000000
00000000000000000000000000000000000000000000000000000000000000000000000000000000000000000000000000000000000000000000000000000000
00000000000000000000000000000000000000000000000000000000000000000000000000000000000000000000000000000000000000000000000000000000
00000000000000000000000000000000000000000000000000000000000000000000000000000000000000000000000000000000000000000000000000000000
00000000000000000000000000000000000000000000000000000000000000000000000000000000000000000000000000000000000000000000000000000000
00000000000000000000000000000000000000000000000000000000000000000000000000000000000000000000000000000000000000000000000000000000
00000000000000000000000000000000000000000000000000000000000000000000000000000000000000000000000000000000000000000000000000000000
00000000000000000000000000000000000000000000000000000000000000000000000000000000000000000000000000000000000000000000000000000000
00000000000000000000000000000000000000000000000000000000000000000000000000000000000000000000000000000000000000000000000000000000
00000000000000000000000000000000000000000000000000000000000000000000000000000000000000000000000000000000000000000000000000000000
00000000000000000000000000000000000000000000000000000000000000000000000000000000000000000000000000000000000000000000000000000000
00000000000000000000000000000000000000000000000000000000000000000000000000000000000000000000000000000000000000000000000000000000
00000000000000000000000000000000000000000000000000000000000000000000000000000000000000000000000000000000000000000000000000000000
00000000000000000000000000000000000000000000000000000000000000000000000000000000000000000000000000000000000000000000000000000000
00000000000000000000000000000000000000000000000000000000000000000000000000000000000000000000000000000000000000000000000000000000
00000000000000000000000000000000000000000000000000000000000000000000000000000000000000000000000000000000000000000000000000000000
00000000000000000000000000000000000000000000000000000000000000000000000000000000000000000000000000000000000000000000000000000000
00000000000000000000000000000000000000000000000000000000000000000000000000000000000000000000000000000000000000000000000000000000
00000000000000000000000000000000000000000000000000000000000000000000000000000000000000000000000000000000000000000000000000000000
00000000000000000000000000000000000000000000000000000000000000000000000000000000000000000000000000000000000000000000000000000000
00000000000000000000000000000000000000000000000000000000000000000000000000000000000000000000000000000000000000000000000000000000
00000000000000000000000000000000000000000000000000000000000000000000000000000000000000000000000000000000000000000000000000000000
00000000000000000000000000000000000000000000000000000000000000000000000000000000000000000000000000000000000000000000000000000000
00000000000000000000000000000000000000000000000000000000000000000000000000000000000000000000000000000000000000000000000000000000
00000000000000000000000000000000000000000000000000000000000000000000000000000000000000000000000000000000000000000000000000000000
00000000000000000000000000000000000000000000000000000000000000000000000000000000000000000000000000000000000000000000000000000000
00000000000000000000000000000000000000000000000000000000000000000000000000000000000000000000000000000000000000000000000000000000
00000000000000000000000000000000000000000000000000000000000000000000000000000000000000000000000000000000000000000000000000000000
00000000000000000000000000000000000000000000000000000000000000000000000000000000000000000000000000000000000000000000000000000000
00000000000000000000000000000000000000000000000000000000000000000000000000000000000000000000000000000000000000000000000000000000
00000000000000000000000000000000000000000000000000000000000000000000000000000000000000000000000000000000000000000000000000000000
00000000000000000000000000000000000000000000000000000000000000000000000000000000000000000000000000000000000000000000000000000000
00000000000000000000000000000000000000000000000000000000000000000000000000000000000000000000000000000000000000000000000000000000
00000000000000000000000000000000000000000000000000000000000000000000000000000000000000000000000000000000000000000000000000000000
00000000000000000000000000000000000000000000000000000000000000000000000000000000000000000000000000000000000000000000000000000000
00000000000000000000000000000000000000000000000000000000000000000000000000000000000000000000000000000000000000000000000000000000
00000000000000000000000000000000000000000000000000000000000000000000000000000000000000000000000000000000000000000000000000000000
00000000000000000000000000000000000000000000000000000000000000000000000000000000000000000000000000000000000000000000000000000000
00000000000000000000000000000000000000000000000000000000000000000000000000000000000000000000000000000000000000000000000000000000
00000000000000000000000000000000000000000000000000000000000000000000000000000000000000000000000000000000000000000000000000000000
00000000000000000000000000000000000000000000000000000000000000000000000000000000000000000000000000000000000000000000000000000000
00000000000000000000000000000000000000000000000000000000000000000000000000000000000000000000000000000000000000000000000000000000
00000000000000000000000000000000000000000000000000000000000000000000000000000000000000000000000000000000000000000000000000000000
00000000000000000000000000000000000000000000000000000000000000000000000000000000000000000000000000000000000000000000000000000000
00000000000000000000000000000000000000000000000000000000000000000000000000000000000000000000000000000000000000000000000000000000
00000000000000000000000000000000000000000000000000000000000000000000000000000000000000000000000000000000000000000000000000000000
00000000000000000000000000000000000000000000000000000000000000000000000000000000000000000000000000000000000000000000000000000000
00000000000000000000000000000000000000000000000000000000000000000000000000000000000000000000000000000000000000000000000000000000
00000000000000000000000000000000000000000000000000000000000000000000000000000000000000000000000000000000000000000000000000000000
00000000000000000000000000000000000000000000000000000000000000000000000000000000000000000000000000000000000000000000000000000000
00000000000000000000000000000000000000000000000000000000000000000000000000000000000000000000000000000000000000000000000000000000
00000000000000000000000000000000000000000000000000000000000000000000000000000000000000000000000000000000000000000000000000000000
00000000000000000000000000000000000000000000000000000000000000000000000000000000000000000000000000000000000000000000000000000000
00000000000000000000000000000000000000000000000000000000000000000000000000000000000000000000000000000000000000000000000000000000
00000000000000000000000000000000000000000000000000000000000000000000000000000000000000000000000000000000000000000000000000000000
00000000000000000000000000000000000000000000000000000000000000000000000000000000000000000000000000000000000000000000000000000000
00000000000000000000000000000000000000000000000000000000000000000000000000000000000000000000000000000000000000000000000000000000
00000000000000000000000000000000000000000000000000000000000000000000000000000000000000000000000000000000000000000000000000000000
00000000000000000000000000000000000000000000000000000000000000000000000000000000000000000000000000000000000000000000000000000000
00000000000000000000000000000000000000000000000000000000000000000000000000000000000000000000000000000000000000000000000000000000
00000000000000000000000000000000000000000000000000000000000000000000000000000000000000000000000000000000000000000000000000000000
00000000000000000000000000000000000000000000000000000000000000000000000000000000000000000000000000000000000000000000000000000000
00000000000000000000000000000000000000000000000000000000000000000000000000000000000000000000000000000000000000000000000000000000
00000000000000000000000000000000000000000000000000000000000000000000000000000000000000000000000000000000000000000000000000000000
00000000000000000000000000000000000000000000000000000000000000000000000000000000000000000000000000000000000000000000000000000000
00000000000000000000000000000000000000000000000000000000000000000000000000000000000000000000000000000000000000000000000000000000
00000000000000000000000000000000000000000000000000000000000000000000000000000000000000000000000000000000000000000000000000000000
00000000000000000000000000000000000000000000000000000000000000000000000000000000000000000000000000000000000000000000000000000000
00000000000000000000000000000000000000000000000000000000000000000000000000000000000000000000000000000000000000000000000000000000
00000000000000000000000000000000000000000000000000000000000000000000000000000000000000000000000000000000000000000000000000000000
00000000000000000000000000000000000000000000000000000000000000000000000000000000000000000000000000000000000000000000000000000000
00000000000000000000000000000000000000000000000000000000000000000000000000000000000000000000000000000000000000000000000000000000
00000000000000000000000000000000000000000000000000000000000000000000000000000000000000000000000000000000000000000000000000000000
00000000000000000000000000000000000000000000000000000000000000000000000000000000000000000000000000000000000000000000000000000000
00000000000000000000000000000000000000000000000000000000000000000000000000000000000000000000000000000000000000000000000000000000
00000000000000000000000000000000000000000000000000000000000000000000000000000000000000000000000000000000000000000000000000000000
00000000000000000000000000000000000000000000000000000000000000000000000000000000000000000000000000000000000000000000000000000000
00000000000000000000000000000000000000000000000000000000000000000000000000000000000000000000000000000000000000000000000000000000
00000000000000000000000000000000000000000000000000000000000000000000000000000000000000000000000000000000000000000000000000000000
00000000000000000000000000000000000000000000000000000000000000000000000000000000000000000000000000000000000000000000000000000000
00000000000000000000000000000000000000000000000000000000000000000000000000000000000000000000000000000000000000000000000000000000
00000000000000000000000000000000000000000000000000000000000000000000000000000000000000000000000000000000000000000000000000000000
00000000000000000000000000000000000000000000000000000000000000000000000000000000000000000000000000000000000000000000000000000000
00000000000000000000000000000000000000000000000000000000000000000000000000000000000000000000000000000000000000000000000000000000
00000000000000000000000000000000000000000000000000000000000000000000000000000000000000000000000000000000000000000000000000000000
00000000000000000000000000000000000000000000000000000000000000000000000000000000000000000000000000000000000000000000000000000000
00000000000000000000000000000000000000000000000000000000000000000000000000000000000000000000000000000000000000000000000000000000
00000000000000000000000000000000000000000000000000000000000000000000000000000000000000000000000000000000000000000000000000000000
00000000000000000000000000000000000000000000000000000000000000000000000000000000000000000000000000000000000000000000000000000000
00000000000000000000000000000000000000000000000000000000000000000000000000000000000000000000000000000000000000000000000000000000
00000000000000000000000000000000000000000000000000000000000000000000000000000000000000000000000000000000000000000000000000000000
00000000000000000000000000000000000000000000000000000000000000000000000000000000000000000000000000000000000000000000000000000000
00000000000000000000000000000000000000000000000000000000000000000000000000000000000000000000000000000000000000000000000000000000
00000000000000000000000000000000000000000000000000000000000000000000000000000000000000000000000000000000000000000000000000000000
00000000000000000000000000000000000000000000000000000000000000000000000000000000000000000000000000000000000000000000000000000000
00000000000000000000000000000000000000000000000000000000000000000000000000000000000000000000000000000000000000000000000000000000
00000000000000000000000000000000000000000000000000000000000000000000000000000000000000000000000000000000000000000000000000000000
00000000000000000000000000000000000000000000000000000000000000000000000000000000000000000000000000000000000000000000000000000000
00000000000000000000000000000000000000000000000000000000000000000000000000000000000000000000000000000000000000000000000000000000
00000000000000000000000000000000000000000000000000000000000000000000000000000000000000000000000000000000000000000000000000000000
00000000000000000000000000000000000000000000000000000000000000000000000000000000000000000000000000000000000000000000000000000000
00000000000000000000000000000000000000000000000000000000000000000000000000000000000000000000000000000000000000000000000000000000
00000000000000000000000000000000000000000000000000000000000000000000000000000000000000000000000000000000000000000000000000000000
00000000000000000000000000000000000000000000000000000000000000000000000000000000000000000000000000000000000000000000000000000000
00000000000000000000000000000000000000000000000000000000000000000000000000000000000000000000000000000000000000000000000000000000
00000000000000000000000000000000000000000000000000000000000000000000000000000000000000000000000000000000000000000000000000000000
00000000000000000000000000000000000000000000000000000000000000000000000000000000000000000000000000000000000000000000000000000000
00000000000000000000000000000000000000000000000000000000000000000000000000000000000000000000000000000000000000000000000000000000
00000000000000000000000000000000000000000000000000000000000000000000000000000000000000000000000000000000000000000000000000000000
00000000000000000000000000000000000000000000000000000000000000000000000000000000000000000000000000000000000000000000000000000000
00000000000000000000000000000000000000000000000000000000000000000000000000000000000000000000000000000000000000000000000000000000
00000000000000000000000000000000000000000000000000000000000000000000000000000000000000000000000000000000000000000000000000000000
00000000000000000000000000000000000000000000000000000000000000000000000000000000000000000000000000000000000000000000000000000000
00000000000000000000000000000000000000000000000000000000000000000000000000000000000000000000000000000000000000000000000000000000
00000000000000000000000000000000000000000000000000000000000000000000000000000000000000000000000000000000000000000000000000000000
00000000000000000000000000000000000000000000000000000000000000000000000000000000000000000000000000000000000000000000000000000000
00000000000000000000000000000000000000000000000000000000000000000000000000000000000000000000000000000000000000000000000000000000
00000000000000000000000000000000000000000000000000000000000000000000000000000000000000000000000000000000000000000000000000000000
00000000000000000000000000000000000000000000000000000000000000000000000000000000000000000000000000000000000000000000000000000000
00000000000000000000000000000000000000000000000000000000000000000000000000000000000000000000000000000000000000000000000000000000
00000000000000000000000000000000000000000000000000000000000000000000000000000000000000000000000000000000000000000000000000000000
00000000000000000000000000000000000000000000000000000000000000000000000000000000000000000000000000000000000000000000000000000000
00000000000000000000000000000000000000000000000000000000000000000000000000000000000000000000000000000000000000000000000000000000
00000000000000000000000000000000000000000000000000000000000000000000000000000000000000000000000000000000000000000000000000000000
00000000000000000000000000000000000000000000000000000000000000000000000000000000000000000000000000000000000000000000000000000000
00000000000000000000000000000000000000000000000000000000000000000000000000000000000000000000000000000000000000000000000000000000
00000000000000000000000000000000000000000000000000000000000000000000000000000000000000000000000000000000000000000000000000000000
00000000000000000000000000000000000000000000000000000000000000000000000000000000000000000000000000000000000000000000000000000000
00000000000000000000000000000000000000000000000000000000000000000000000000000000000000000000000000000000000000000000000000000000
00000000000000000000000000000000000000000000000000000000000000000000000000000000000000000000000000000000000000000000000000000000
00000000000000000000000000000000000000000000000000000000000000000000000000000000000000000000000000000000000000000000000000000000
00000000000000000000000000000000000000000000000000000000000000000000000000000000000000000000000000000000000000000000000000000000
00000000000000000000000000000000000000000000000000000000000000000000000000000000000000000000000000000000000000000000000000000000
00000000000000000000000000000000000000000000000000000000000000000000000000000000000000000000000000000000000000000000000000000000
00000000000000000000000000000000000000000000000000000000000000000000000000000000000000000000000000000000000000000000000000000000
00000000000000000000000000000000000000000000000000000000000000000000000000000000000000000000000000000000000000000000000000000000
00000000000000000000000000000000000000000000000000000000000000000000000000000000000000000000000000000000000000000000000000000000
00000000000000000000000000000000000000000000000000000000000000000000000000000000000000000000000000000000000000000000000000000000
00000000000000000000000000000000000000000000000000000000000000000000000000000000000000000000000000000000000000000000000000000000
00000000000000000000000000000000000000000000000000000000000000000000000000000000000000000000000000000000000000000000000000000000
00000000000000000000000000000000000000000000000000000000000000000000000000000000000000000000000000000000000000000000000000000000
00000000000000000000000000000000000000000000000000000000000000000000000000000000000000000000000000000000000000000000000000000000
00000000000000000000000000000000000000000000000000000000000000000000000000000000000000000000000000000000000000000000000000000000
*
NOTE TAG DATA*
L171648
00000000000000000000000000000000000000000000000000000000000000000000000000000000000000000000000000000000000000000000000000000000
00000000000000000000000000000000000000000000000000000000000000000000000000000000000000000000000000000000000000000000000000000000
*
C9E6F*
NOTE FEATURE_ROW*
E0000000000000000000000000000000000000000000000000000000000000000
0000010001100000*
NOTE User Electronic Signature Data*
UH00000000*
56E0
