!Copyright (C) 2019  Intel Corporation. All rights reserved.
!Your use of Intel Corporation's design tools, logic functions 
!and other software and tools, and any partner logic 
!functions, and any output files from any of the foregoing 
!(including device programming or simulation files), and any 
!associated documentation or information are expressly subject 
!to the terms and conditions of the Intel Program License 
!Subscription Agreement, the Intel Quartus Prime License Agreement,
!the Intel FPGA IP License Agreement, or other applicable license
!agreement, including, without limitation, that your use is for
!the sole purpose of programming logic devices manufactured by
!Intel and sold by Intel or its authorized distributors.  Please
!refer to the applicable agreement for further details, at
!https://fpgasoftware.intel.com/eula.
!
!Quartus Prime SVF converter 19.1
!
!Device #1: EPM240 - /Repos/RAM2E/CPLD/MAXII/output_files/RAM2E.pof Fri Jul 12 16:08:52 2024
!
!NOTE "USERCODE" "001661B2";
!
!NOTE "CHECKSUM" "00166532";
!
!
!
FREQUENCY 1.80E+07 HZ;
!
!
!
TRST ABSENT;
ENDDR IDLE;
ENDIR IRPAUSE;
STATE IDLE;
SIR 10 TDI (005);
RUNTEST IDLE 93 TCK ENDSTATE IDLE;
SDR 240 TDI (FFFFFFFFFFFFFFFFFFFFFFFFFFFFFFFFFFFFFFFFFFFFFFFFFFFFFFFFFFFF);
SIR 10 TDI (3FF);
RUNTEST 18003 TCK;
SIR 10 TDI (2CC);
RUNTEST 18003 TCK;
!
!
!
!CHECKING SILICON ID
!
!
!
SIR 10 TDI (203);
RUNTEST 93 TCK;
SDR 13 TDI (0089);
SIR 10 TDI (205);
RUNTEST 93 TCK;
SDR 16 TDI (FFFF) TDO (8232) MASK (FFFF);
SDR 16 TDI (FFFF) TDO (2AA2);
SDR 16 TDI (FFFF) TDO (4A82);
SDR 16 TDI (FFFF) TDO (0C2C);
SDR 16 TDI (FFFF) TDO (0000);
!
!
!
!BULK ERASE
!
!
!
SIR 10 TDI (203);
RUNTEST 93 TCK;
SDR 13 TDI (0011);
SIR 10 TDI (2F2);
RUNTEST 9000003 TCK;
SIR 10 TDI (203);
RUNTEST 93 TCK;
SDR 13 TDI (0001);
SIR 10 TDI (2F2);
RUNTEST 9000003 TCK;
SIR 10 TDI (203);
RUNTEST 93 TCK;
SDR 13 TDI (0000);
SIR 10 TDI (2F2);
RUNTEST 9000003 TCK;
!
!
!
!PROGRAM
!
!
!
SIR 10 TDI (203);
RUNTEST 93 TCK;
SDR 13 TDI (0000);
SIR 10 TDI (2F4);
RUNTEST 93 TCK;
SDR 16 TDI (7FFF);
RUNTEST 1800 TCK;
SDR 16 TDI (FFFF);
RUNTEST 1800 TCK;
SDR 16 TDI (BFFC);
RUNTEST 1800 TCK;
SDR 16 TDI (F9E7);
RUNTEST 1800 TCK;
SDR 16 TDI (79FF);
RUNTEST 1800 TCK;
SDR 16 TDI (FFFE);
RUNTEST 1800 TCK;
SDR 16 TDI (AF9E);
RUNTEST 1800 TCK;
SDR 16 TDI (7FFF);
RUNTEST 1800 TCK;
SDR 16 TDI (7FFF);
RUNTEST 1800 TCK;
SDR 16 TDI (F3E7);
RUNTEST 1800 TCK;
SDR 16 TDI (B3E7);
RUNTEST 1800 TCK;
SDR 16 TDI (FFFF);
RUNTEST 1800 TCK;
SDR 16 TDI (7F3E);
RUNTEST 1800 TCK;
SDR 16 TDI (79F3);
RUNTEST 1800 TCK;
SDR 16 TDI (BFFF);
RUNTEST 1800 TCK;
SDR 16 TDI (FFFF);
RUNTEST 1800 TCK;
SDR 16 TDI (7FFF);
RUNTEST 1800 TCK;
SDR 16 TDI (FFFF);
RUNTEST 1800 TCK;
SDR 16 TDI (BFF7);
RUNTEST 1800 TCK;
SDR 16 TDI (FEEE);
RUNTEST 1800 TCK;
SDR 16 TDI (7FFB);
RUNTEST 1800 TCK;
SDR 16 TDI (FFFF);
RUNTEST 1800 TCK;
SDR 16 TDI (BFEF);
RUNTEST 1800 TCK;
SDR 16 TDI (FFFF);
RUNTEST 1800 TCK;
SDR 16 TDI (7FFF);
RUNTEST 1800 TCK;
SDR 16 TDI (FFFB);
RUNTEST 1800 TCK;
SDR 16 TDI (B77F);
RUNTEST 1800 TCK;
SDR 16 TDI (EFFF);
RUNTEST 1800 TCK;
SDR 16 TDI (7FFF);
RUNTEST 1800 TCK;
SDR 16 TDI (FFFF);
RUNTEST 1800 TCK;
SDR 16 TDI (BFFF);
RUNTEST 1800 TCK;
SDR 16 TDI (FFFF);
RUNTEST 1800 TCK;
SDR 16 TDI (77FF);
RUNTEST 1800 TCK;
SDR 16 TDI (FFFF);
RUNTEST 1800 TCK;
SDR 16 TDI (BFFF);
RUNTEST 1800 TCK;
SDR 16 TDI (FEEE);
RUNTEST 1800 TCK;
SDR 16 TDI (7FFB);
RUNTEST 1800 TCK;
SDR 16 TDI (FF7F);
RUNTEST 1800 TCK;
SDR 16 TDI (BFFF);
RUNTEST 1800 TCK;
SDR 16 TDI (EFF9);
RUNTEST 1800 TCK;
SDR 16 TDI (733F);
RUNTEST 1800 TCK;
SDR 16 TDI (FFFF);
RUNTEST 1800 TCK;
SDR 16 TDI (BFFF);
RUNTEST 1800 TCK;
SDR 16 TDI (F8C7);
RUNTEST 1800 TCK;
SDR 16 TDI (7FFF);
RUNTEST 1800 TCK;
SDR 16 TDI (FFFF);
RUNTEST 1800 TCK;
SDR 16 TDI (BF4E);
RUNTEST 1800 TCK;
SDR 16 TDI (C7FE);
RUNTEST 1800 TCK;
SDR 16 TDI (7FFF);
RUNTEST 1800 TCK;
SDR 16 TDI (FFFF);
RUNTEST 1800 TCK;
SDR 16 TDI (BFFF);
RUNTEST 1800 TCK;
SDR 16 TDI (FFFF);
RUNTEST 1800 TCK;
SDR 16 TDI (7FFF);
RUNTEST 1800 TCK;
SDR 16 TDI (FFFF);
RUNTEST 1800 TCK;
SDR 16 TDI (BFFD);
RUNTEST 1800 TCK;
SDR 16 TDI (FFFF);
RUNTEST 1800 TCK;
SDR 16 TDI (7F7F);
RUNTEST 1800 TCK;
SDR 16 TDI (FFFF);
RUNTEST 1800 TCK;
SDR 16 TDI (BFFF);
RUNTEST 1800 TCK;
SDR 16 TDI (FEFF);
RUNTEST 1800 TCK;
SDR 16 TDI (7FEF);
RUNTEST 1800 TCK;
SDR 16 TDI (7BBF);
RUNTEST 1800 TCK;
SDR 16 TDI (BFCF);
RUNTEST 1800 TCK;
SDR 16 TDI (3FFF);
RUNTEST 1800 TCK;
SDR 16 TDI (7FFF);
RUNTEST 1800 TCK;
SDR 16 TDI (FFFF);
RUNTEST 1800 TCK;
SDR 16 TDI (BFFF);
RUNTEST 1800 TCK;
SDR 16 TDI (FFFF);
RUNTEST 1800 TCK;
SDR 16 TDI (7FFF);
RUNTEST 1800 TCK;
SDR 16 TDI (FFFF);
RUNTEST 1800 TCK;
SDR 16 TDI (BFFF);
RUNTEST 1800 TCK;
SDR 16 TDI (FFFF);
RUNTEST 1800 TCK;
SDR 16 TDI (7FFF);
RUNTEST 1800 TCK;
SDR 16 TDI (EFFF);
RUNTEST 1800 TCK;
SDR 16 TDI (BFFF);
RUNTEST 1800 TCK;
SDR 16 TDI (FEF7);
RUNTEST 1800 TCK;
SDR 16 TDI (77FF);
RUNTEST 1800 TCK;
SDR 16 TDI (F7FF);
RUNTEST 1800 TCK;
SDR 16 TDI (BFDE);
RUNTEST 1800 TCK;
SDR 16 TDI (FFFF);
RUNTEST 1800 TCK;
SDR 16 TDI (6FFF);
RUNTEST 1800 TCK;
SDR 16 TDI (FFFF);
RUNTEST 1800 TCK;
SDR 16 TDI (BFFF);
RUNTEST 1800 TCK;
SDR 16 TDI (FFFF);
RUNTEST 1800 TCK;
SDR 16 TDI (7FFF);
RUNTEST 1800 TCK;
SDR 16 TDI (FFFF);
RUNTEST 1800 TCK;
SDR 16 TDI (BFFF);
RUNTEST 1800 TCK;
SDR 16 TDI (FFFF);
RUNTEST 1800 TCK;
SDR 16 TDI (7EFF);
RUNTEST 1800 TCK;
SDR 16 TDI (EFFF);
RUNTEST 1800 TCK;
SDR 16 TDI (BFFF);
RUNTEST 1800 TCK;
SDR 16 TDI (FDFF);
RUNTEST 1800 TCK;
SDR 16 TDI (7FEF);
RUNTEST 1800 TCK;
SDR 16 TDI (FFFF);
RUNTEST 1800 TCK;
SDR 16 TDI (BFFF);
RUNTEST 1800 TCK;
SDR 16 TDI (F7FE);
RUNTEST 1800 TCK;
SDR 16 TDI (6FFF);
RUNTEST 1800 TCK;
SDR 16 TDI (FFFF);
RUNTEST 1800 TCK;
SDR 16 TDI (BFFF);
RUNTEST 1800 TCK;
SDR 16 TDI (FFFF);
RUNTEST 1800 TCK;
SDR 16 TDI (7FFF);
RUNTEST 1800 TCK;
SDR 16 TDI (FFFF);
RUNTEST 1800 TCK;
SDR 16 TDI (BFFD);
RUNTEST 1800 TCK;
SDR 16 TDI (FFFF);
RUNTEST 1800 TCK;
SDR 16 TDI (7FFF);
RUNTEST 1800 TCK;
SDR 16 TDI (EFFF);
RUNTEST 1800 TCK;
SDR 16 TDI (BFFF);
RUNTEST 1800 TCK;
SDR 16 TDI (FFFF);
RUNTEST 1800 TCK;
SDR 16 TDI (7FFF);
RUNTEST 1800 TCK;
SDR 16 TDI (BFBF);
RUNTEST 1800 TCK;
SDR 16 TDI (BEF7);
RUNTEST 1800 TCK;
SDR 16 TDI (BFFE);
RUNTEST 1800 TCK;
SDR 16 TDI (7FFF);
RUNTEST 1800 TCK;
SDR 16 TDI (FFFF);
RUNTEST 1800 TCK;
SDR 16 TDI (BFFF);
RUNTEST 1800 TCK;
SDR 16 TDI (FFFF);
RUNTEST 1800 TCK;
SDR 16 TDI (7FFF);
RUNTEST 1800 TCK;
SDR 16 TDI (FFFF);
RUNTEST 1800 TCK;
SDR 16 TDI (BFFF);
RUNTEST 1800 TCK;
SDR 16 TDI (FBFF);
RUNTEST 1800 TCK;
SDR 16 TDI (7FFF);
RUNTEST 1800 TCK;
SDR 16 TDI (EFFF);
RUNTEST 1800 TCK;
SDR 16 TDI (BFFF);
RUNTEST 1800 TCK;
SDR 16 TDI (FFFF);
RUNTEST 1800 TCK;
SDR 16 TDI (7FFF);
RUNTEST 1800 TCK;
SDR 16 TDI (FFFF);
RUNTEST 1800 TCK;
SDR 16 TDI (BDBF);
RUNTEST 1800 TCK;
SDR 16 TDI (FFFF);
RUNTEST 1800 TCK;
SDR 16 TDI (7FFF);
RUNTEST 1800 TCK;
SDR 16 TDI (FFFF);
RUNTEST 1800 TCK;
SDR 16 TDI (BFFF);
RUNTEST 1800 TCK;
SDR 16 TDI (FFFF);
RUNTEST 1800 TCK;
SDR 16 TDI (7FFF);
RUNTEST 1800 TCK;
SDR 16 TDI (FFFF);
RUNTEST 1800 TCK;
SDR 16 TDI (BFFF);
RUNTEST 1800 TCK;
SDR 16 TDI (FFFF);
RUNTEST 1800 TCK;
SDR 16 TDI (7FBF);
RUNTEST 1800 TCK;
SDR 16 TDI (EFBF);
RUNTEST 1800 TCK;
SDR 16 TDI (AFFF);
RUNTEST 1800 TCK;
SDR 16 TDI (FFFF);
RUNTEST 1800 TCK;
SDR 16 TDI (6FFD);
RUNTEST 1800 TCK;
SDR 16 TDI (BBBF);
RUNTEST 1800 TCK;
SDR 16 TDI (BF6E);
RUNTEST 1800 TCK;
SDR 16 TDI (FFFE);
RUNTEST 1800 TCK;
SDR 16 TDI (6FFF);
RUNTEST 1800 TCK;
SDR 16 TDI (FFFF);
RUNTEST 1800 TCK;
SDR 16 TDI (BFFF);
RUNTEST 1800 TCK;
SDR 16 TDI (FFFF);
RUNTEST 1800 TCK;
SDR 16 TDI (7FFF);
RUNTEST 1800 TCK;
SDR 16 TDI (FFFF);
RUNTEST 1800 TCK;
SDR 16 TDI (BFFF);
RUNTEST 1800 TCK;
SDR 16 TDI (FBFF);
RUNTEST 1800 TCK;
SDR 16 TDI (7FFF);
RUNTEST 1800 TCK;
SDR 16 TDI (EFFF);
RUNTEST 1800 TCK;
SDR 16 TDI (BFFF);
RUNTEST 1800 TCK;
SDR 16 TDI (FFFF);
RUNTEST 1800 TCK;
SDR 16 TDI (7FFF);
RUNTEST 1800 TCK;
SDR 16 TDI (FFFF);
RUNTEST 1800 TCK;
SDR 16 TDI (BF7F);
RUNTEST 1800 TCK;
SDR 16 TDI (FFFE);
RUNTEST 1800 TCK;
SDR 16 TDI (6FFF);
RUNTEST 1800 TCK;
SDR 16 TDI (FFFF);
RUNTEST 1800 TCK;
SDR 16 TDI (BFFF);
RUNTEST 1800 TCK;
SDR 16 TDI (FFFF);
RUNTEST 1800 TCK;
SDR 16 TDI (7FFF);
RUNTEST 1800 TCK;
SDR 16 TDI (FFFF);
RUNTEST 1800 TCK;
SDR 16 TDI (BFFF);
RUNTEST 1800 TCK;
SDR 16 TDI (FFFF);
RUNTEST 1800 TCK;
SDR 16 TDI (7FFF);
RUNTEST 1800 TCK;
SDR 16 TDI (FFFF);
RUNTEST 1800 TCK;
SDR 16 TDI (AFFF);
RUNTEST 1800 TCK;
SDR 16 TDI (FFFE);
RUNTEST 1800 TCK;
SDR 16 TDI (7FFE);
RUNTEST 1800 TCK;
SDR 16 TDI (FFFF);
RUNTEST 1800 TCK;
SDR 16 TDI (BBDF);
RUNTEST 1800 TCK;
SDR 16 TDI (FFFF);
RUNTEST 1800 TCK;
SDR 16 TDI (7FFF);
RUNTEST 1800 TCK;
SDR 16 TDI (FFFF);
RUNTEST 1800 TCK;
SDR 16 TDI (BFFF);
RUNTEST 1800 TCK;
SDR 16 TDI (FFEF);
RUNTEST 1800 TCK;
SDR 16 TDI (7FFF);
RUNTEST 1800 TCK;
SDR 16 TDI (FFFF);
RUNTEST 1800 TCK;
SDR 16 TDI (BFFD);
RUNTEST 1800 TCK;
SDR 16 TDI (FFFF);
RUNTEST 1800 TCK;
SDR 16 TDI (77FF);
RUNTEST 1800 TCK;
SDR 16 TDI (FFFF);
RUNTEST 1800 TCK;
SDR 16 TDI (BFFF);
RUNTEST 1800 TCK;
SDR 16 TDI (FEFF);
RUNTEST 1800 TCK;
SDR 16 TDI (7EFF);
RUNTEST 1800 TCK;
SDR 16 TDI (FFDF);
RUNTEST 1800 TCK;
SDR 16 TDI (BFFF);
RUNTEST 1800 TCK;
SDR 16 TDI (DEFF);
RUNTEST 1800 TCK;
SDR 16 TDI (7FFF);
RUNTEST 1800 TCK;
SDR 16 TDI (FFFF);
RUNTEST 1800 TCK;
SDR 16 TDI (BFFF);
RUNTEST 1800 TCK;
SDR 16 TDI (FFFF);
RUNTEST 1800 TCK;
SDR 16 TDI (7FFF);
RUNTEST 1800 TCK;
SDR 16 TDI (FFFF);
RUNTEST 1800 TCK;
SDR 16 TDI (BBE7);
RUNTEST 1800 TCK;
SDR 16 TDI (FFFD);
RUNTEST 1800 TCK;
SDR 16 TDI (7FFF);
RUNTEST 1800 TCK;
SDR 16 TDI (FFFF);
RUNTEST 1800 TCK;
SDR 16 TDI (BFFF);
RUNTEST 1800 TCK;
SDR 16 TDI (FFFF);
RUNTEST 1800 TCK;
SDR 16 TDI (7FFF);
RUNTEST 1800 TCK;
SDR 16 TDI (FFFF);
RUNTEST 1800 TCK;
SDR 16 TDI (BFFF);
RUNTEST 1800 TCK;
SDR 16 TDI (FFFF);
RUNTEST 1800 TCK;
SDR 16 TDI (7FFF);
RUNTEST 1800 TCK;
SDR 16 TDI (FFFF);
RUNTEST 1800 TCK;
SDR 16 TDI (BFDF);
RUNTEST 1800 TCK;
SDR 16 TDI (FFFF);
RUNTEST 1800 TCK;
SDR 16 TDI (7FFF);
RUNTEST 1800 TCK;
SDR 16 TDI (FFFF);
RUNTEST 1800 TCK;
SDR 16 TDI (B7FF);
RUNTEST 1800 TCK;
SDR 16 TDI (FFFF);
RUNTEST 1800 TCK;
SDR 16 TDI (7FFB);
RUNTEST 1800 TCK;
SDR 16 TDI (EFFF);
RUNTEST 1800 TCK;
SDR 16 TDI (BFFF);
RUNTEST 1800 TCK;
SDR 16 TDI (FFEF);
RUNTEST 1800 TCK;
SDR 16 TDI (7EFF);
RUNTEST 1800 TCK;
SDR 16 TDI (FFFF);
RUNTEST 1800 TCK;
SDR 16 TDI (BFFF);
RUNTEST 1800 TCK;
SDR 16 TDI (FBFF);
RUNTEST 1800 TCK;
SDR 16 TDI (7FFF);
RUNTEST 1800 TCK;
SDR 16 TDI (FFFF);
RUNTEST 1800 TCK;
SDR 16 TDI (BFFF);
RUNTEST 1800 TCK;
SDR 16 TDI (FFEF);
RUNTEST 1800 TCK;
SDR 16 TDI (7FFF);
RUNTEST 1800 TCK;
SDR 16 TDI (FFFF);
RUNTEST 1800 TCK;
SDR 16 TDI (BFE6);
RUNTEST 1800 TCK;
SDR 16 TDI (FFFE);
RUNTEST 1800 TCK;
SDR 16 TDI (6FFF);
RUNTEST 1800 TCK;
SDR 16 TDI (EFFF);
RUNTEST 1800 TCK;
SDR 16 TDI (BFFF);
RUNTEST 1800 TCK;
SDR 16 TDI (FF7F);
RUNTEST 1800 TCK;
SDR 16 TDI (7FFF);
RUNTEST 1800 TCK;
SDR 16 TDI (FFDF);
RUNTEST 1800 TCK;
SDR 16 TDI (BFFF);
RUNTEST 1800 TCK;
SDR 16 TDI (BF7F);
RUNTEST 1800 TCK;
SDR 16 TDI (7FFF);
RUNTEST 1800 TCK;
SDR 16 TDI (FFFF);
RUNTEST 1800 TCK;
SDR 16 TDI (BFFF);
RUNTEST 1800 TCK;
SDR 16 TDI (FFFF);
RUNTEST 1800 TCK;
SDR 16 TDI (7FFF);
RUNTEST 1800 TCK;
SDR 16 TDI (FFFF);
RUNTEST 1800 TCK;
SDR 16 TDI (BFFF);
RUNTEST 1800 TCK;
SDR 16 TDI (FFFF);
RUNTEST 1800 TCK;
SDR 16 TDI (7FFF);
RUNTEST 1800 TCK;
SDR 16 TDI (EFFF);
RUNTEST 1800 TCK;
SDR 16 TDI (BBFF);
RUNTEST 1800 TCK;
SDR 16 TDI (FFFF);
RUNTEST 1800 TCK;
SDR 16 TDI (7FFF);
RUNTEST 1800 TCK;
SDR 16 TDI (FDFF);
RUNTEST 1800 TCK;
SDR 16 TDI (BFF7);
RUNTEST 1800 TCK;
SDR 16 TDI (7FFF);
RUNTEST 1800 TCK;
SDR 16 TDI (7FFF);
RUNTEST 1800 TCK;
SDR 16 TDI (FFFF);
RUNTEST 1800 TCK;
SDR 16 TDI (BFFF);
RUNTEST 1800 TCK;
SDR 16 TDI (FEDF);
RUNTEST 1800 TCK;
SDR 16 TDI (6FFF);
RUNTEST 1800 TCK;
SDR 16 TDI (DFF7);
RUNTEST 1800 TCK;
SDR 16 TDI (BFDF);
RUNTEST 1800 TCK;
SDR 16 TDI (F7FF);
RUNTEST 1800 TCK;
SDR 16 TDI (6F7F);
RUNTEST 1800 TCK;
SDR 16 TDI (EFFB);
RUNTEST 1800 TCK;
SDR 16 TDI (BFBF);
RUNTEST 1800 TCK;
SDR 16 TDI (FFEF);
RUNTEST 1800 TCK;
SDR 16 TDI (7FFF);
RUNTEST 1800 TCK;
SDR 16 TDI (F7DF);
RUNTEST 1800 TCK;
SDR 16 TDI (BFBB);
RUNTEST 1800 TCK;
SDR 16 TDI (FFFF);
RUNTEST 1800 TCK;
SDR 16 TDI (67FF);
RUNTEST 1800 TCK;
SDR 16 TDI (FFFF);
RUNTEST 1800 TCK;
SDR 16 TDI (BFFF);
RUNTEST 1800 TCK;
SDR 16 TDI (FFFF);
RUNTEST 1800 TCK;
SDR 16 TDI (6FFF);
RUNTEST 1800 TCK;
SDR 16 TDI (DFF7);
RUNTEST 1800 TCK;
SDR 16 TDI (BFDF);
RUNTEST 1800 TCK;
SDR 16 TDI (F7FF);
RUNTEST 1800 TCK;
SDR 16 TDI (7FFF);
RUNTEST 1800 TCK;
SDR 16 TDI (FFFF);
RUNTEST 1800 TCK;
SDR 16 TDI (BFBF);
RUNTEST 1800 TCK;
SDR 16 TDI (FFFF);
RUNTEST 1800 TCK;
SDR 16 TDI (7FFF);
RUNTEST 1800 TCK;
SDR 16 TDI (FFFF);
RUNTEST 1800 TCK;
SDR 16 TDI (BFFF);
RUNTEST 1800 TCK;
SDR 16 TDI (6FFF);
RUNTEST 1800 TCK;
SDR 16 TDI (7FFF);
RUNTEST 1800 TCK;
SDR 16 TDI (FFFF);
RUNTEST 1800 TCK;
SDR 16 TDI (BFFF);
RUNTEST 1800 TCK;
SDR 16 TDI (FDDF);
RUNTEST 1800 TCK;
SDR 16 TDI (7FFF);
RUNTEST 1800 TCK;
SDR 16 TDI (FFFF);
RUNTEST 1800 TCK;
SDR 16 TDI (BFFF);
RUNTEST 1800 TCK;
SDR 16 TDI (FFFF);
RUNTEST 1800 TCK;
SDR 16 TDI (777F);
RUNTEST 1800 TCK;
SDR 16 TDI (FFF7);
RUNTEST 1800 TCK;
SDR 16 TDI (BDFF);
RUNTEST 1800 TCK;
SDR 16 TDI (FFF7);
RUNTEST 1800 TCK;
SDR 16 TDI (7FFF);
RUNTEST 1800 TCK;
SDR 16 TDI (F6FF);
RUNTEST 1800 TCK;
SDR 16 TDI (BFB3);
RUNTEST 1800 TCK;
SDR 16 TDI (FFFE);
RUNTEST 1800 TCK;
SDR 16 TDI (7BFF);
RUNTEST 1800 TCK;
SDR 16 TDI (FFFF);
RUNTEST 1800 TCK;
SDR 16 TDI (A55F);
RUNTEST 1800 TCK;
SDR 16 TDI (7FB7);
RUNTEST 1800 TCK;
SDR 16 TDI (77EF);
RUNTEST 1800 TCK;
SDR 16 TDI (F77F);
RUNTEST 1800 TCK;
SDR 16 TDI (BFFE);
RUNTEST 1800 TCK;
SDR 16 TDI (EFFD);
RUNTEST 1800 TCK;
SDR 16 TDI (7BFF);
RUNTEST 1800 TCK;
SDR 16 TDI (B6FF);
RUNTEST 1800 TCK;
SDR 16 TDI (BFFF);
RUNTEST 1800 TCK;
SDR 16 TDI (BB35);
RUNTEST 1800 TCK;
SDR 16 TDI (76F9);
RUNTEST 1800 TCK;
SDR 16 TDI (DDDF);
RUNTEST 1800 TCK;
SDR 16 TDI (BCDE);
RUNTEST 1800 TCK;
SDR 16 TDI (FFF5);
RUNTEST 1800 TCK;
SDR 16 TDI (6DFF);
RUNTEST 1800 TCK;
SDR 16 TDI (FFFF);
RUNTEST 1800 TCK;
SDR 16 TDI (AFFF);
RUNTEST 1800 TCK;
SDR 16 TDI (FFFF);
RUNTEST 1800 TCK;
SDR 16 TDI (7FFF);
RUNTEST 1800 TCK;
SDR 16 TDI (FFFF);
RUNTEST 1800 TCK;
SDR 16 TDI (BFBF);
RUNTEST 1800 TCK;
SDR 16 TDI (FFFF);
RUNTEST 1800 TCK;
SDR 16 TDI (7F7F);
RUNTEST 1800 TCK;
SDR 16 TDI (FFFF);
RUNTEST 1800 TCK;
SDR 16 TDI (BBFF);
RUNTEST 1800 TCK;
SDR 16 TDI (FFFF);
RUNTEST 1800 TCK;
SDR 16 TDI (7F7F);
RUNTEST 1800 TCK;
SDR 16 TDI (B7FF);
RUNTEST 1800 TCK;
SDR 16 TDI (BFFF);
RUNTEST 1800 TCK;
SDR 16 TDI (DD7F);
RUNTEST 1800 TCK;
SDR 16 TDI (79FF);
RUNTEST 1800 TCK;
SDR 16 TDI (FFFF);
RUNTEST 1800 TCK;
SDR 16 TDI (A55F);
RUNTEST 1800 TCK;
SDR 16 TDI (F7FF);
RUNTEST 1800 TCK;
SDR 16 TDI (7F7F);
RUNTEST 1800 TCK;
SDR 16 TDI (7FF7);
RUNTEST 1800 TCK;
SDR 16 TDI (BFF5);
RUNTEST 1800 TCK;
SDR 16 TDI (57FA);
RUNTEST 1800 TCK;
SDR 16 TDI (75FF);
RUNTEST 1800 TCK;
SDR 16 TDI (57FD);
RUNTEST 1800 TCK;
SDR 16 TDI (BFBD);
RUNTEST 1800 TCK;
SDR 16 TDI (FF77);
RUNTEST 1800 TCK;
SDR 16 TDI (6EDF);
RUNTEST 1800 TCK;
SDR 16 TDI (FFFF);
RUNTEST 1800 TCK;
SDR 16 TDI (BFFD);
RUNTEST 1800 TCK;
SDR 16 TDI (FF75);
RUNTEST 1800 TCK;
SDR 16 TDI (7DFF);
RUNTEST 1800 TCK;
SDR 16 TDI (FFFF);
RUNTEST 1800 TCK;
SDR 16 TDI (AAFD);
RUNTEST 1800 TCK;
SDR 16 TDI (FFFF);
RUNTEST 1800 TCK;
SDR 16 TDI (7FFE);
RUNTEST 1800 TCK;
SDR 16 TDI (DDDF);
RUNTEST 1800 TCK;
SDR 16 TDI (BFBB);
RUNTEST 1800 TCK;
SDR 16 TDI (FFFF);
RUNTEST 1800 TCK;
SDR 16 TDI (7FFF);
RUNTEST 1800 TCK;
SDR 16 TDI (FFFE);
RUNTEST 1800 TCK;
SDR 16 TDI (BFFF);
RUNTEST 1800 TCK;
SDR 16 TDI (FFFF);
RUNTEST 1800 TCK;
SDR 16 TDI (7FFB);
RUNTEST 1800 TCK;
SDR 16 TDI (FEFF);
RUNTEST 1800 TCK;
SDR 16 TDI (BB7F);
RUNTEST 1800 TCK;
SDR 16 TDI (BBFF);
RUNTEST 1800 TCK;
SDR 16 TDI (69FF);
RUNTEST 1800 TCK;
SDR 16 TDI (FFFF);
RUNTEST 1800 TCK;
SDR 16 TDI (BBFF);
RUNTEST 1800 TCK;
SDR 16 TDI (5FFF);
RUNTEST 1800 TCK;
SDR 16 TDI (7FFF);
RUNTEST 1800 TCK;
SDR 16 TDI (F77D);
RUNTEST 1800 TCK;
SDR 16 TDI (BFFF);
RUNTEST 1800 TCK;
SDR 16 TDI (FF7F);
RUNTEST 1800 TCK;
SDR 16 TDI (7FFF);
RUNTEST 1800 TCK;
SDR 16 TDI (FFFF);
RUNTEST 1800 TCK;
SDR 16 TDI (BFFF);
RUNTEST 1800 TCK;
SDR 16 TDI (FFFF);
RUNTEST 1800 TCK;
SDR 16 TDI (7F5F);
RUNTEST 1800 TCK;
SDR 16 TDI (BFDF);
RUNTEST 1800 TCK;
SDR 16 TDI (BFB5);
RUNTEST 1800 TCK;
SDR 16 TDI (7FFF);
RUNTEST 1800 TCK;
SDR 16 TDI (7FFF);
RUNTEST 1800 TCK;
SDR 16 TDI (FFFF);
RUNTEST 1800 TCK;
SDR 16 TDI (BFFE);
RUNTEST 1800 TCK;
SDR 16 TDI (E7FF);
RUNTEST 1800 TCK;
SDR 16 TDI (7FFF);
RUNTEST 1800 TCK;
SDR 16 TDI (DBF3);
RUNTEST 1800 TCK;
SDR 16 TDI (BFFF);
RUNTEST 1800 TCK;
SDR 16 TDI (F7FB);
RUNTEST 1800 TCK;
SDR 16 TDI (77F7);
RUNTEST 1800 TCK;
SDR 16 TDI (7DFF);
RUNTEST 1800 TCK;
SDR 16 TDI (BFFF);
RUNTEST 1800 TCK;
SDR 16 TDI (FDDF);
RUNTEST 1800 TCK;
SDR 16 TDI (7BFF);
RUNTEST 1800 TCK;
SDR 16 TDI (FFFF);
RUNTEST 1800 TCK;
SDR 16 TDI (BFEF);
RUNTEST 1800 TCK;
SDR 16 TDI (FFFF);
RUNTEST 1800 TCK;
SDR 16 TDI (7FFF);
RUNTEST 1800 TCK;
SDR 16 TDI (FFFF);
RUNTEST 1800 TCK;
SDR 16 TDI (BFFD);
RUNTEST 1800 TCK;
SDR 16 TDI (8B77);
RUNTEST 1800 TCK;
SDR 16 TDI (7FFE);
RUNTEST 1800 TCK;
SDR 16 TDI (CCE9);
RUNTEST 1800 TCK;
SDR 16 TDI (BF3D);
RUNTEST 1800 TCK;
SDR 16 TDI (DBF6);
RUNTEST 1800 TCK;
SDR 16 TDI (6DFE);
RUNTEST 1800 TCK;
SDR 16 TDI (D8FF);
RUNTEST 1800 TCK;
SDR 16 TDI (BFBF);
RUNTEST 1800 TCK;
SDR 16 TDI (F88E);
RUNTEST 1800 TCK;
SDR 16 TDI (71CD);
RUNTEST 1800 TCK;
SDR 16 TDI (BEEF);
RUNTEST 1800 TCK;
SDR 16 TDI (BDF9);
RUNTEST 1800 TCK;
SDR 16 TDI (BBFF);
RUNTEST 1800 TCK;
SDR 16 TDI (7FFF);
RUNTEST 1800 TCK;
SDR 16 TDI (FFFF);
RUNTEST 1800 TCK;
SDR 16 TDI (B3DF);
RUNTEST 1800 TCK;
SDR 16 TDI (7FFF);
RUNTEST 1800 TCK;
SDR 16 TDI (7EF7);
RUNTEST 1800 TCK;
SDR 16 TDI (F77F);
RUNTEST 1800 TCK;
SDR 16 TDI (BFFB);
RUNTEST 1800 TCK;
SDR 16 TDI (FFBF);
RUNTEST 1800 TCK;
SDR 16 TDI (7FFF);
RUNTEST 1800 TCK;
SDR 16 TDI (F7FF);
RUNTEST 1800 TCK;
SDR 16 TDI (BBFF);
RUNTEST 1800 TCK;
SDR 16 TDI (FF75);
RUNTEST 1800 TCK;
SDR 16 TDI (7E7F);
RUNTEST 1800 TCK;
SDR 16 TDI (5DDF);
RUNTEST 1800 TCK;
SDR 16 TDI (BFCF);
RUNTEST 1800 TCK;
SDR 16 TDI (7F6E);
RUNTEST 1800 TCK;
SDR 16 TDI (7FFF);
RUNTEST 1800 TCK;
SDR 16 TDI (FFFF);
RUNTEST 1800 TCK;
SDR 16 TDI (BFFE);
RUNTEST 1800 TCK;
SDR 16 TDI (F7FF);
RUNTEST 1800 TCK;
SDR 16 TDI (6FFF);
RUNTEST 1800 TCK;
SDR 16 TDI (3BB7);
RUNTEST 1800 TCK;
SDR 16 TDI (BFF6);
RUNTEST 1800 TCK;
SDR 16 TDI (67F9);
RUNTEST 1800 TCK;
SDR 16 TDI (736F);
RUNTEST 1800 TCK;
SDR 16 TDI (3FFC);
RUNTEST 1800 TCK;
SDR 16 TDI (BFFB);
RUNTEST 1800 TCK;
SDR 16 TDI (DFFF);
RUNTEST 1800 TCK;
SDR 16 TDI (7FB3);
RUNTEST 1800 TCK;
SDR 16 TDI (F7FF);
RUNTEST 1800 TCK;
SDR 16 TDI (BA36);
RUNTEST 1800 TCK;
SDR 16 TDI (DCFF);
RUNTEST 1800 TCK;
SDR 16 TDI (7FFF);
RUNTEST 1800 TCK;
SDR 16 TDI (FFFF);
RUNTEST 1800 TCK;
SDR 16 TDI (BE7D);
RUNTEST 1800 TCK;
SDR 16 TDI (2000);
RUNTEST 1800 TCK;
SDR 16 TDI (67C1);
RUNTEST 1800 TCK;
SDR 16 TDI (5E09);
RUNTEST 1800 TCK;
SDR 16 TDI (BC00);
RUNTEST 1800 TCK;
SDR 16 TDI (03E3);
RUNTEST 1800 TCK;
SDR 16 TDI (6618);
RUNTEST 1800 TCK;
SDR 16 TDI (1200);
RUNTEST 1800 TCK;
SDR 16 TDI (A01F);
RUNTEST 1800 TCK;
SDR 16 TDI (0202);
RUNTEST 1800 TCK;
SDR 16 TDI (7F00);
RUNTEST 1800 TCK;
SDR 16 TDI (FF0F);
RUNTEST 1800 TCK;
SDR 16 TDI (B068);
RUNTEST 1800 TCK;
SDR 16 TDI (18F5);
RUNTEST 1800 TCK;
SDR 16 TDI (67FF);
RUNTEST 1800 TCK;
SDR 16 TDI (FFFF);
RUNTEST 1800 TCK;
SDR 16 TDI (B9DD);
RUNTEST 1800 TCK;
SDR 16 TDI (4000);
RUNTEST 1800 TCK;
SDR 16 TDI (67E1);
RUNTEST 1800 TCK;
SDR 16 TDI (4E0B);
RUNTEST 1800 TCK;
SDR 16 TDI (BC01);
RUNTEST 1800 TCK;
SDR 16 TDI (4778);
RUNTEST 1800 TCK;
SDR 16 TDI (7018);
RUNTEST 1800 TCK;
SDR 16 TDI (1000);
RUNTEST 1800 TCK;
SDR 16 TDI (A01F);
RUNTEST 1800 TCK;
SDR 16 TDI (82F2);
RUNTEST 1800 TCK;
SDR 16 TDI (7000);
RUNTEST 1800 TCK;
SDR 16 TDI (8F0F);
RUNTEST 1800 TCK;
SDR 16 TDI (A808);
RUNTEST 1800 TCK;
SDR 16 TDI (18FF);
RUNTEST 1800 TCK;
SDR 16 TDI (7FFF);
RUNTEST 1800 TCK;
SDR 16 TDI (FFFF);
RUNTEST 1800 TCK;
SDR 16 TDI (BF7C);
RUNTEST 1800 TCK;
SDR 16 TDI (3800);
RUNTEST 1800 TCK;
SDR 16 TDI (67E0);
RUNTEST 1800 TCK;
SDR 16 TDI (5C3D);
RUNTEST 1800 TCK;
SDR 16 TDI (BF30);
RUNTEST 1800 TCK;
SDR 16 TDI (03FD);
RUNTEST 1800 TCK;
SDR 16 TDI (7A18);
RUNTEST 1800 TCK;
SDR 16 TDI (900C);
RUNTEST 1800 TCK;
SDR 16 TDI (A01F);
RUNTEST 1800 TCK;
SDR 16 TDI (8100);
RUNTEST 1800 TCK;
SDR 16 TDI (6F09);
RUNTEST 1800 TCK;
SDR 16 TDI (F0CF);
RUNTEST 1800 TCK;
SDR 16 TDI (B885);
RUNTEST 1800 TCK;
SDR 16 TDI (80F5);
RUNTEST 1800 TCK;
SDR 16 TDI (6BFF);
RUNTEST 1800 TCK;
SDR 16 TDI (FFFF);
RUNTEST 1800 TCK;
SDR 16 TDI (BDDC);
RUNTEST 1800 TCK;
SDR 16 TDI (1800);
RUNTEST 1800 TCK;
SDR 16 TDI (67E0);
RUNTEST 1800 TCK;
SDR 16 TDI (DE3F);
RUNTEST 1800 TCK;
SDR 16 TDI (BF30);
RUNTEST 1800 TCK;
SDR 16 TDI (03F0);
RUNTEST 1800 TCK;
SDR 16 TDI (6018);
RUNTEST 1800 TCK;
SDR 16 TDI (100C);
RUNTEST 1800 TCK;
SDR 16 TDI (A01F);
RUNTEST 1800 TCK;
SDR 16 TDI (8480);
RUNTEST 1800 TCK;
SDR 16 TDI (6710);
RUNTEST 1800 TCK;
SDR 16 TDI (0CCF);
RUNTEST 1800 TCK;
SDR 16 TDI (B801);
RUNTEST 1800 TCK;
SDR 16 TDI (807F);
RUNTEST 1800 TCK;
SDR 16 TDI (77FF);
RUNTEST 1800 TCK;
SDR 16 TDI (FFFF);
RUNTEST 1800 TCK;
SDR 16 TDI (B7FF);
RUNTEST 1800 TCK;
SDR 16 TDI (3B33);
RUNTEST 1800 TCK;
SDR 16 TDI (62E6);
RUNTEST 1800 TCK;
SDR 16 TDI (222F);
RUNTEST 1800 TCK;
SDR 16 TDI (B23A);
RUNTEST 1800 TCK;
SDR 16 TDI (2171);
RUNTEST 1800 TCK;
SDR 16 TDI (6266);
RUNTEST 1800 TCK;
SDR 16 TDI (78CE);
RUNTEST 1800 TCK;
SDR 16 TDI (B98B);
RUNTEST 1800 TCK;
SDR 16 TDI (9998);
RUNTEST 1800 TCK;
SDR 16 TDI (718C);
RUNTEST 1800 TCK;
SDR 16 TDI (FEE7);
RUNTEST 1800 TCK;
SDR 16 TDI (BBBB);
RUNTEST 1800 TCK;
SDR 16 TDI (99FF);
RUNTEST 1800 TCK;
SDR 16 TDI (7FFF);
RUNTEST 1800 TCK;
SDR 16 TDI (FFFF);
RUNTEST 1800 TCK;
SDR 16 TDI (BFFF);
RUNTEST 1800 TCK;
SDR 16 TDI (7333);
RUNTEST 1800 TCK;
SDR 16 TDI (6547);
RUNTEST 1800 TCK;
SDR 16 TDI (7767);
RUNTEST 1800 TCK;
SDR 16 TDI (B773);
RUNTEST 1800 TCK;
SDR 16 TDI (76AB);
RUNTEST 1800 TCK;
SDR 16 TDI (7672);
RUNTEST 1800 TCK;
SDR 16 TDI (7D9C);
RUNTEST 1800 TCK;
SDR 16 TDI (B995);
RUNTEST 1800 TCK;
SDR 16 TDI (19CD);
RUNTEST 1800 TCK;
SDR 16 TDI (7BDD);
RUNTEST 1800 TCK;
SDR 16 TDI (CCC2);
RUNTEST 1800 TCK;
SDR 16 TDI (B199);
RUNTEST 1800 TCK;
SDR 16 TDI (CDFF);
RUNTEST 1800 TCK;
SDR 16 TDI (7FFF);
RUNTEST 1800 TCK;
SDR 16 TDI (FFFF);
RUNTEST 1800 TCK;
SDR 16 TDI (BADF);
RUNTEST 1800 TCK;
SDR 16 TDI (BDDD);
RUNTEST 1800 TCK;
SDR 16 TDI (7FDD);
RUNTEST 1800 TCK;
SDR 16 TDI (FFFF);
RUNTEST 1800 TCK;
SDR 16 TDI (BFFF);
RUNTEST 1800 TCK;
SDR 16 TDI (FBEF);
RUNTEST 1800 TCK;
SDR 16 TDI (7FDF);
RUNTEST 1800 TCK;
SDR 16 TDI (FFFF);
RUNTEST 1800 TCK;
SDR 16 TDI (AEFF);
RUNTEST 1800 TCK;
SDR 16 TDI (77BF);
RUNTEST 1800 TCK;
SDR 16 TDI (7FFE);
RUNTEST 1800 TCK;
SDR 16 TDI (FFFF);
RUNTEST 1800 TCK;
SDR 16 TDI (B7FF);
RUNTEST 1800 TCK;
SDR 16 TDI (FBFF);
RUNTEST 1800 TCK;
SDR 16 TDI (7BFF);
RUNTEST 1800 TCK;
SDR 16 TDI (FFFF);
RUNTEST 1800 TCK;
SDR 16 TDI (BFFF);
RUNTEST 1800 TCK;
SDR 16 TDI (FFFF);
RUNTEST 1800 TCK;
SDR 16 TDI (7FEF);
RUNTEST 1800 TCK;
SDR 16 TDI (F7FE);
RUNTEST 1800 TCK;
SDR 16 TDI (BFFF);
RUNTEST 1800 TCK;
SDR 16 TDI (EFFB);
RUNTEST 1800 TCK;
SDR 16 TDI (7F7E);
RUNTEST 1800 TCK;
SDR 16 TDI (DFFF);
RUNTEST 1800 TCK;
SDR 16 TDI (BBFF);
RUNTEST 1800 TCK;
SDR 16 TDI (DFDF);
RUNTEST 1800 TCK;
SDR 16 TDI (7EDF);
RUNTEST 1800 TCK;
SDR 16 TDI (DFDF);
RUNTEST 1800 TCK;
SDR 16 TDI (BFDF);
RUNTEST 1800 TCK;
SDR 16 TDI (FFFF);
RUNTEST 1800 TCK;
SDR 16 TDI (7FFF);
RUNTEST 1800 TCK;
SDR 16 TDI (FFFF);
RUNTEST 1800 TCK;
SDR 16 TDI (BFFF);
RUNTEST 1800 TCK;
SDR 16 TDI (B7FB);
RUNTEST 1800 TCK;
SDR 16 TDI (77FF);
RUNTEST 1800 TCK;
SDR 16 TDI (3F7F);
RUNTEST 1800 TCK;
SDR 16 TDI (BFB6);
RUNTEST 1800 TCK;
SDR 16 TDI (FFFF);
RUNTEST 1800 TCK;
SDR 16 TDI (77FF);
RUNTEST 1800 TCK;
SDR 16 TDI (FBFE);
RUNTEST 1800 TCK;
SDR 16 TDI (BFFF);
RUNTEST 1800 TCK;
SDR 16 TDI (FFFB);
RUNTEST 1800 TCK;
SDR 16 TDI (7FFF);
RUNTEST 1800 TCK;
SDR 16 TDI (BDFF);
RUNTEST 1800 TCK;
SDR 16 TDI (BFFF);
RUNTEST 1800 TCK;
SDR 16 TDI (CFFF);
RUNTEST 1800 TCK;
SDR 16 TDI (7FFF);
RUNTEST 1800 TCK;
SDR 16 TDI (FFFF);
RUNTEST 1800 TCK;
SDR 16 TDI (AFFF);
RUNTEST 1800 TCK;
SDR 16 TDI (F7FF);
RUNTEST 1800 TCK;
SDR 16 TDI (7FFE);
RUNTEST 1800 TCK;
SDR 16 TDI (FFFF);
RUNTEST 1800 TCK;
SDR 16 TDI (BFF7);
RUNTEST 1800 TCK;
SDR 16 TDI (EFFB);
RUNTEST 1800 TCK;
SDR 16 TDI (7F7E);
RUNTEST 1800 TCK;
SDR 16 TDI (FFFF);
RUNTEST 1800 TCK;
SDR 16 TDI (BFFF);
RUNTEST 1800 TCK;
SDR 16 TDI (FFFF);
RUNTEST 1800 TCK;
SDR 16 TDI (7EEF);
RUNTEST 1800 TCK;
SDR 16 TDI (FEFF);
RUNTEST 1800 TCK;
SDR 16 TDI (BFFF);
RUNTEST 1800 TCK;
SDR 16 TDI (FFFF);
RUNTEST 1800 TCK;
SDR 16 TDI (7DFF);
RUNTEST 1800 TCK;
SDR 16 TDI (FFFF);
RUNTEST 1800 TCK;
SDR 16 TDI (AFFF);
RUNTEST 1800 TCK;
SDR 16 TDI (FFFF);
RUNTEST 1800 TCK;
SDR 16 TDI (7FEF);
RUNTEST 1800 TCK;
SDR 16 TDI (EEFF);
RUNTEST 1800 TCK;
SDR 16 TDI (AFFF);
RUNTEST 1800 TCK;
SDR 16 TDI (FFFF);
RUNTEST 1800 TCK;
SDR 16 TDI (77FF);
RUNTEST 1800 TCK;
SDR 16 TDI (DFFF);
RUNTEST 1800 TCK;
SDR 16 TDI (BBFF);
RUNTEST 1800 TCK;
SDR 16 TDI (DFDF);
RUNTEST 1800 TCK;
SDR 16 TDI (7FFF);
RUNTEST 1800 TCK;
SDR 16 TDI (EFDF);
RUNTEST 1800 TCK;
SDR 16 TDI (BFDF);
RUNTEST 1800 TCK;
SDR 16 TDI (DFFF);
RUNTEST 1800 TCK;
SDR 16 TDI (75FF);
RUNTEST 1800 TCK;
SDR 16 TDI (FFFF);
RUNTEST 1800 TCK;
SDR 16 TDI (BFFE);
RUNTEST 1800 TCK;
SDR 16 TDI (FFF7);
RUNTEST 1800 TCK;
SDR 16 TDI (7FFF);
RUNTEST 1800 TCK;
SDR 16 TDI (FFFF);
RUNTEST 1800 TCK;
SDR 16 TDI (BFFF);
RUNTEST 1800 TCK;
SDR 16 TDI (FFFF);
RUNTEST 1800 TCK;
SDR 16 TDI (7B7F);
RUNTEST 1800 TCK;
SDR 16 TDI (FFFF);
RUNTEST 1800 TCK;
SDR 16 TDI (B7DF);
RUNTEST 1800 TCK;
SDR 16 TDI (FFDF);
RUNTEST 1800 TCK;
SDR 16 TDI (7FFF);
RUNTEST 1800 TCK;
SDR 16 TDI (FFFF);
RUNTEST 1800 TCK;
SDR 16 TDI (BDFF);
RUNTEST 1800 TCK;
SDR 16 TDI (3AFF);
RUNTEST 1800 TCK;
SDR 16 TDI (7FFF);
RUNTEST 1800 TCK;
SDR 16 TDI (FFFF);
RUNTEST 1800 TCK;
SDR 16 TDI (BFFF);
RUNTEST 1800 TCK;
SDR 16 TDI (FFFF);
RUNTEST 1800 TCK;
SDR 16 TDI (7FEB);
RUNTEST 1800 TCK;
SDR 16 TDI (F7FF);
RUNTEST 1800 TCK;
SDR 16 TDI (BFDB);
RUNTEST 1800 TCK;
SDR 16 TDI (FFFD);
RUNTEST 1800 TCK;
SDR 16 TDI (7FFF);
RUNTEST 1800 TCK;
SDR 16 TDI (DBFF);
RUNTEST 1800 TCK;
SDR 16 TDI (BBFF);
RUNTEST 1800 TCK;
SDR 16 TDI (FFFF);
RUNTEST 1800 TCK;
SDR 16 TDI (7E7B);
RUNTEST 1800 TCK;
SDR 16 TDI (FDDF);
RUNTEST 1800 TCK;
SDR 16 TDI (BFDF);
RUNTEST 1800 TCK;
SDR 16 TDI (FFFF);
RUNTEST 1800 TCK;
SDR 16 TDI (7FFF);
RUNTEST 1800 TCK;
SDR 16 TDI (FFFF);
RUNTEST 1800 TCK;
SDR 16 TDI (BDFD);
RUNTEST 1800 TCK;
SDR 16 TDI (FFEF);
RUNTEST 1800 TCK;
SDR 16 TDI (7FFF);
RUNTEST 1800 TCK;
SDR 16 TDI (F7EF);
RUNTEST 1800 TCK;
SDR 16 TDI (BFFF);
RUNTEST 1800 TCK;
SDR 16 TDI (BBF7);
RUNTEST 1800 TCK;
SDR 16 TDI (6FFF);
RUNTEST 1800 TCK;
SDR 16 TDI (CEBF);
RUNTEST 1800 TCK;
SDR 16 TDI (AF7F);
RUNTEST 1800 TCK;
SDR 16 TDI (FBEF);
RUNTEST 1800 TCK;
SDR 16 TDI (7F7F);
RUNTEST 1800 TCK;
SDR 16 TDI (FFDF);
RUNTEST 1800 TCK;
SDR 16 TDI (BFFF);
RUNTEST 1800 TCK;
SDR 16 TDI (5DDF);
RUNTEST 1800 TCK;
SDR 16 TDI (7FFF);
RUNTEST 1800 TCK;
SDR 16 TDI (FFFF);
RUNTEST 1800 TCK;
SDR 16 TDI (BFFF);
RUNTEST 1800 TCK;
SDR 16 TDI (FFF7);
RUNTEST 1800 TCK;
SDR 16 TDI (7FED);
RUNTEST 1800 TCK;
SDR 16 TDI (FFFF);
RUNTEST 1800 TCK;
SDR 16 TDI (BFD7);
RUNTEST 1800 TCK;
SDR 16 TDI (FFFE);
RUNTEST 1800 TCK;
SDR 16 TDI (7CFF);
RUNTEST 1800 TCK;
SDR 16 TDI (FBFF);
RUNTEST 1800 TCK;
SDR 16 TDI (BBBF);
RUNTEST 1800 TCK;
SDR 16 TDI (FFDF);
RUNTEST 1800 TCK;
SDR 16 TDI (7EFB);
RUNTEST 1800 TCK;
SDR 16 TDI (FDFF);
RUNTEST 1800 TCK;
SDR 16 TDI (BDDF);
RUNTEST 1800 TCK;
SDR 16 TDI (FEFF);
RUNTEST 1800 TCK;
SDR 16 TDI (7FFF);
RUNTEST 1800 TCK;
SDR 16 TDI (FFFF);
RUNTEST 1800 TCK;
SDR 16 TDI (BEFD);
RUNTEST 1800 TCK;
SDR 16 TDI (7FFF);
RUNTEST 1800 TCK;
SDR 16 TDI (7FFF);
RUNTEST 1800 TCK;
SDR 16 TDI (7FFF);
RUNTEST 1800 TCK;
SDR 16 TDI (BFFF);
RUNTEST 1800 TCK;
SDR 16 TDI (FFFF);
RUNTEST 1800 TCK;
SDR 16 TDI (7FFB);
RUNTEST 1800 TCK;
SDR 16 TDI (EFBE);
RUNTEST 1800 TCK;
SDR 16 TDI (BFFF);
RUNTEST 1800 TCK;
SDR 16 TDI (FFDE);
RUNTEST 1800 TCK;
SDR 16 TDI (7FBF);
RUNTEST 1800 TCK;
SDR 16 TDI (FFFF);
RUNTEST 1800 TCK;
SDR 16 TDI (BFBF);
RUNTEST 1800 TCK;
SDR 16 TDI (FEFF);
RUNTEST 1800 TCK;
SDR 16 TDI (6FFF);
RUNTEST 1800 TCK;
SDR 16 TDI (FFFF);
RUNTEST 1800 TCK;
SDR 16 TDI (BFFF);
RUNTEST 1800 TCK;
SDR 16 TDI (FFFF);
RUNTEST 1800 TCK;
SDR 16 TDI (6FFF);
RUNTEST 1800 TCK;
SDR 16 TDI (FFFF);
RUNTEST 1800 TCK;
SDR 16 TDI (BEFF);
RUNTEST 1800 TCK;
SDR 16 TDI (F7FF);
RUNTEST 1800 TCK;
SDR 16 TDI (7DFF);
RUNTEST 1800 TCK;
SDR 16 TDI (EDEF);
RUNTEST 1800 TCK;
SDR 16 TDI (B7BF);
RUNTEST 1800 TCK;
SDR 16 TDI (FDF7);
RUNTEST 1800 TCK;
SDR 16 TDI (7DFD);
RUNTEST 1800 TCK;
SDR 16 TDI (BFDF);
RUNTEST 1800 TCK;
SDR 16 TDI (BFF7);
RUNTEST 1800 TCK;
SDR 16 TDI (7FFF);
RUNTEST 1800 TCK;
SDR 16 TDI (7FFF);
RUNTEST 1800 TCK;
SDR 16 TDI (FFFF);
RUNTEST 1800 TCK;
SDR 16 TDI (BDFF);
RUNTEST 1800 TCK;
SDR 16 TDI (EFEF);
RUNTEST 1800 TCK;
SDR 16 TDI (7FFF);
RUNTEST 1800 TCK;
SDR 16 TDI (6AFF);
RUNTEST 1800 TCK;
SDR 16 TDI (BDFF);
RUNTEST 1800 TCK;
SDR 16 TDI (BFFF);
RUNTEST 1800 TCK;
SDR 16 TDI (7FFF);
RUNTEST 1800 TCK;
SDR 16 TDI (FBFB);
RUNTEST 1800 TCK;
SDR 16 TDI (BFBF);
RUNTEST 1800 TCK;
SDR 16 TDI (FFFB);
RUNTEST 1800 TCK;
SDR 16 TDI (76ED);
RUNTEST 1800 TCK;
SDR 16 TDI (FFDF);
RUNTEST 1800 TCK;
SDR 16 TDI (BFFF);
RUNTEST 1800 TCK;
SDR 16 TDI (EFFF);
RUNTEST 1800 TCK;
SDR 16 TDI (7FFF);
RUNTEST 1800 TCK;
SDR 16 TDI (FFFF);
RUNTEST 1800 TCK;
SDR 16 TDI (BFFD);
RUNTEST 1800 TCK;
SDR 16 TDI (7FFF);
RUNTEST 1800 TCK;
SDR 16 TDI (7FFF);
RUNTEST 1800 TCK;
SDR 16 TDI (FFFF);
RUNTEST 1800 TCK;
SDR 16 TDI (BFFF);
RUNTEST 1800 TCK;
SDR 16 TDI (FFFF);
RUNTEST 1800 TCK;
SDR 16 TDI (7BFD);
RUNTEST 1800 TCK;
SDR 16 TDI (FE5D);
RUNTEST 1800 TCK;
SDR 16 TDI (B7FF);
RUNTEST 1800 TCK;
SDR 16 TDI (FDAF);
RUNTEST 1800 TCK;
SDR 16 TDI (6FBF);
RUNTEST 1800 TCK;
SDR 16 TDI (7FFF);
RUNTEST 1800 TCK;
SDR 16 TDI (BFD6);
RUNTEST 1800 TCK;
SDR 16 TDI (FF7F);
RUNTEST 1800 TCK;
SDR 16 TDI (6FFF);
RUNTEST 1800 TCK;
SDR 16 TDI (FFFF);
RUNTEST 1800 TCK;
SDR 16 TDI (BF5F);
RUNTEST 1800 TCK;
SDR 16 TDI (D6FF);
RUNTEST 1800 TCK;
SDR 16 TDI (7FEF);
RUNTEST 1800 TCK;
SDR 16 TDI (7FFD);
RUNTEST 1800 TCK;
SDR 16 TDI (BFFF);
RUNTEST 1800 TCK;
SDR 16 TDI (FFFF);
RUNTEST 1800 TCK;
SDR 16 TDI (7B7E);
RUNTEST 1800 TCK;
SDR 16 TDI (FFFB);
RUNTEST 1800 TCK;
SDR 16 TDI (B6BF);
RUNTEST 1800 TCK;
SDR 16 TDI (DF6F);
RUNTEST 1800 TCK;
SDR 16 TDI (7EF5);
RUNTEST 1800 TCK;
SDR 16 TDI (FFFF);
RUNTEST 1800 TCK;
SDR 16 TDI (BFFF);
RUNTEST 1800 TCK;
SDR 16 TDI (CFF5);
RUNTEST 1800 TCK;
SDR 16 TDI (69FF);
RUNTEST 1800 TCK;
SDR 16 TDI (FFFF);
RUNTEST 1800 TCK;
SDR 16 TDI (B9FF);
RUNTEST 1800 TCK;
SDR 16 TDI (7F7E);
RUNTEST 1800 TCK;
SDR 16 TDI (77FF);
RUNTEST 1800 TCK;
SDR 16 TDI (F3FF);
RUNTEST 1800 TCK;
SDR 16 TDI (BEFB);
RUNTEST 1800 TCK;
SDR 16 TDI (FFFD);
RUNTEST 1800 TCK;
SDR 16 TDI (6FFF);
RUNTEST 1800 TCK;
SDR 16 TDI (BFDD);
RUNTEST 1800 TCK;
SDR 16 TDI (BBFF);
RUNTEST 1800 TCK;
SDR 16 TDI (FFFD);
RUNTEST 1800 TCK;
SDR 16 TDI (7FEF);
RUNTEST 1800 TCK;
SDR 16 TDI (BF7F);
RUNTEST 1800 TCK;
SDR 16 TDI (BAD7);
RUNTEST 1800 TCK;
SDR 16 TDI (FFFF);
RUNTEST 1800 TCK;
SDR 16 TDI (7DFF);
RUNTEST 1800 TCK;
SDR 16 TDI (FFFF);
RUNTEST 1800 TCK;
SDR 16 TDI (BAAF);
RUNTEST 1800 TCK;
SDR 16 TDI (FFF7);
RUNTEST 1800 TCK;
SDR 16 TDI (7FFF);
RUNTEST 1800 TCK;
SDR 16 TDI (FBF7);
RUNTEST 1800 TCK;
SDR 16 TDI (ABAF);
RUNTEST 1800 TCK;
SDR 16 TDI (FBF7);
RUNTEST 1800 TCK;
SDR 16 TDI (7FCB);
RUNTEST 1800 TCK;
SDR 16 TDI (FD7F);
RUNTEST 1800 TCK;
SDR 16 TDI (B77F);
RUNTEST 1800 TCK;
SDR 16 TDI (EDDF);
RUNTEST 1800 TCK;
SDR 16 TDI (7BFF);
RUNTEST 1800 TCK;
SDR 16 TDI (EFAF);
RUNTEST 1800 TCK;
SDR 16 TDI (BFFF);
RUNTEST 1800 TCK;
SDR 16 TDI (EFF4);
RUNTEST 1800 TCK;
SDR 16 TDI (7BFF);
RUNTEST 1800 TCK;
SDR 16 TDI (FFFF);
RUNTEST 1800 TCK;
SDR 16 TDI (BFFF);
RUNTEST 1800 TCK;
SDR 16 TDI (B5FD);
RUNTEST 1800 TCK;
SDR 16 TDI (7FFD);
RUNTEST 1800 TCK;
SDR 16 TDI (FFF7);
RUNTEST 1800 TCK;
SDR 16 TDI (BAFF);
RUNTEST 1800 TCK;
SDR 16 TDI (FFF7);
RUNTEST 1800 TCK;
SDR 16 TDI (7DFF);
RUNTEST 1800 TCK;
SDR 16 TDI (D7FF);
RUNTEST 1800 TCK;
SDR 16 TDI (BFBF);
RUNTEST 1800 TCK;
SDR 16 TDI (FDEF);
RUNTEST 1800 TCK;
SDR 16 TDI (7FF7);
RUNTEST 1800 TCK;
SDR 16 TDI (FFFF);
RUNTEST 1800 TCK;
SDR 16 TDI (BFBD);
RUNTEST 1800 TCK;
SDR 16 TDI (DFFB);
RUNTEST 1800 TCK;
SDR 16 TDI (77FF);
RUNTEST 1800 TCK;
SDR 16 TDI (FFFF);
RUNTEST 1800 TCK;
SDR 16 TDI (BFFE);
RUNTEST 1800 TCK;
SDR 16 TDI (FFE7);
RUNTEST 1800 TCK;
SDR 16 TDI (7FFF);
RUNTEST 1800 TCK;
SDR 16 TDI (3EDD);
RUNTEST 1800 TCK;
SDR 16 TDI (BFB7);
RUNTEST 1800 TCK;
SDR 16 TDI (BBFD);
RUNTEST 1800 TCK;
SDR 16 TDI (7F6F);
RUNTEST 1800 TCK;
SDR 16 TDI (FFFB);
RUNTEST 1800 TCK;
SDR 16 TDI (BFFF);
RUNTEST 1800 TCK;
SDR 16 TDI (FF7D);
RUNTEST 1800 TCK;
SDR 16 TDI (7FDD);
RUNTEST 1800 TCK;
SDR 16 TDI (7EEF);
RUNTEST 1800 TCK;
SDR 16 TDI (BEEF);
RUNTEST 1800 TCK;
SDR 16 TDI (FFFF);
RUNTEST 1800 TCK;
SDR 16 TDI (7FFF);
RUNTEST 1800 TCK;
SDR 16 TDI (FFFF);
RUNTEST 1800 TCK;
SDR 16 TDI (BFFE);
RUNTEST 1800 TCK;
SDR 16 TDI (FF5F);
RUNTEST 1800 TCK;
SDR 16 TDI (77EF);
RUNTEST 1800 TCK;
SDR 16 TDI (BFDF);
RUNTEST 1800 TCK;
SDR 16 TDI (AFEF);
RUNTEST 1800 TCK;
SDR 16 TDI (FFFF);
RUNTEST 1800 TCK;
SDR 16 TDI (6FFA);
RUNTEST 1800 TCK;
SDR 16 TDI (FFFE);
RUNTEST 1800 TCK;
SDR 16 TDI (BBFA);
RUNTEST 1800 TCK;
SDR 16 TDI (AFDF);
RUNTEST 1800 TCK;
SDR 16 TDI (6FFF);
RUNTEST 1800 TCK;
SDR 16 TDI (EFFD);
RUNTEST 1800 TCK;
SDR 16 TDI (BBFF);
RUNTEST 1800 TCK;
SDR 16 TDI (FBFF);
RUNTEST 1800 TCK;
SDR 16 TDI (7FFF);
RUNTEST 1800 TCK;
SDR 16 TDI (FFFF);
RUNTEST 1800 TCK;
SDR 16 TDI (BFFF);
RUNTEST 1800 TCK;
SDR 16 TDI (BFDF);
RUNTEST 1800 TCK;
SDR 16 TDI (77EF);
RUNTEST 1800 TCK;
SDR 16 TDI (7FDF);
RUNTEST 1800 TCK;
SDR 16 TDI (AFFF);
RUNTEST 1800 TCK;
SDR 16 TDI (BFFC);
RUNTEST 1800 TCK;
SDR 16 TDI (6EFE);
RUNTEST 1800 TCK;
SDR 16 TDI (FBB3);
RUNTEST 1800 TCK;
SDR 16 TDI (B8FF);
RUNTEST 1800 TCK;
SDR 16 TDI (7BBF);
RUNTEST 1800 TCK;
SDR 16 TDI (7AFE);
RUNTEST 1800 TCK;
SDR 16 TDI (BFAF);
RUNTEST 1800 TCK;
SDR 16 TDI (BF9F);
RUNTEST 1800 TCK;
SDR 16 TDI (E7FF);
RUNTEST 1800 TCK;
SDR 16 TDI (7FFF);
RUNTEST 1800 TCK;
SDR 16 TDI (FFFF);
RUNTEST 1800 TCK;
SDR 16 TDI (B5FE);
RUNTEST 1800 TCK;
SDR 16 TDI (D13B);
RUNTEST 1800 TCK;
SDR 16 TDI (6FF6);
RUNTEST 1800 TCK;
SDR 16 TDI (F5A1);
RUNTEST 1800 TCK;
SDR 16 TDI (B7A7);
RUNTEST 1800 TCK;
SDR 16 TDI (F7FF);
RUNTEST 1800 TCK;
SDR 16 TDI (773B);
RUNTEST 1800 TCK;
SDR 16 TDI (DDDF);
RUNTEST 1800 TCK;
SDR 16 TDI (A7DF);
RUNTEST 1800 TCK;
SDR 16 TDI (BDC3);
RUNTEST 1800 TCK;
SDR 16 TDI (6FFD);
RUNTEST 1800 TCK;
SDR 16 TDI (6E5E);
RUNTEST 1800 TCK;
SDR 16 TDI (B87B);
RUNTEST 1800 TCK;
SDR 16 TDI (9BEA);
RUNTEST 1800 TCK;
SDR 16 TDI (77FF);
RUNTEST 1800 TCK;
SDR 16 TDI (FFFF);
RUNTEST 1800 TCK;
SDR 16 TDI (BFFD);
RUNTEST 1800 TCK;
SDR 16 TDI (7EE4);
RUNTEST 1800 TCK;
SDR 16 TDI (7FFB);
RUNTEST 1800 TCK;
SDR 16 TDI (9AFE);
RUNTEST 1800 TCK;
SDR 16 TDI (B85B);
RUNTEST 1800 TCK;
SDR 16 TDI (FBF3);
RUNTEST 1800 TCK;
SDR 16 TDI (79E5);
RUNTEST 1800 TCK;
SDR 16 TDI (3FFC);
RUNTEST 1800 TCK;
SDR 16 TDI (BF3D);
RUNTEST 1800 TCK;
SDR 16 TDI (C67D);
RUNTEST 1800 TCK;
SDR 16 TDI (7FC3);
RUNTEST 1800 TCK;
SDR 16 TDI (DFFF);
RUNTEST 1800 TCK;
SDR 16 TDI (BFE7);
RUNTEST 1800 TCK;
SDR 16 TDI (FFFF);
RUNTEST 1800 TCK;
SDR 16 TDI (7FFF);
RUNTEST 1800 TCK;
SDR 16 TDI (FFFF);
RUNTEST 1800 TCK;
SDR 16 TDI (BFAC);
RUNTEST 1800 TCK;
SDR 16 TDI (C3C3);
RUNTEST 1800 TCK;
SDR 16 TDI (7FC3);
RUNTEST 1800 TCK;
SDR 16 TDI (BA08);
RUNTEST 1800 TCK;
SDR 16 TDI (A950);
RUNTEST 1800 TCK;
SDR 16 TDI (C3E4);
RUNTEST 1800 TCK;
SDR 16 TDI (6E07);
RUNTEST 1800 TCK;
SDR 16 TDI (F5AE);
RUNTEST 1800 TCK;
SDR 16 TDI (B61E);
RUNTEST 1800 TCK;
SDR 16 TDI (39D9);
RUNTEST 1800 TCK;
SDR 16 TDI (700D);
RUNTEST 1800 TCK;
SDR 16 TDI (8C0F);
RUNTEST 1800 TCK;
SDR 16 TDI (B029);
RUNTEST 1800 TCK;
SDR 16 TDI (89F5);
RUNTEST 1800 TCK;
SDR 16 TDI (6BFF);
RUNTEST 1800 TCK;
SDR 16 TDI (FFFF);
RUNTEST 1800 TCK;
SDR 16 TDI (B9FC);
RUNTEST 1800 TCK;
SDR 16 TDI (4284);
RUNTEST 1800 TCK;
SDR 16 TDI (67A3);
RUNTEST 1800 TCK;
SDR 16 TDI (F90A);
RUNTEST 1800 TCK;
SDR 16 TDI (A000);
RUNTEST 1800 TCK;
SDR 16 TDI (C3D4);
RUNTEST 1800 TCK;
SDR 16 TDI (6606);
RUNTEST 1800 TCK;
SDR 16 TDI (95AA);
RUNTEST 1800 TCK;
SDR 16 TDI (A1FB);
RUNTEST 1800 TCK;
SDR 16 TDI (9A91);
RUNTEST 1800 TCK;
SDR 16 TDI (7008);
RUNTEST 1800 TCK;
SDR 16 TDI (0C0D);
RUNTEST 1800 TCK;
SDR 16 TDI (BC09);
RUNTEST 1800 TCK;
SDR 16 TDI (81FF);
RUNTEST 1800 TCK;
SDR 16 TDI (7FFF);
RUNTEST 1800 TCK;
SDR 16 TDI (FFFF);
RUNTEST 1800 TCK;
SDR 16 TDI (BF5C);
RUNTEST 1800 TCK;
SDR 16 TDI (F3D3);
RUNTEST 1800 TCK;
SDR 16 TDI (7FFD);
RUNTEST 1800 TCK;
SDR 16 TDI (3C12);
RUNTEST 1800 TCK;
SDR 16 TDI (AD90);
RUNTEST 1800 TCK;
SDR 16 TDI (CFFC);
RUNTEST 1800 TCK;
SDR 16 TDI (6641);
RUNTEST 1800 TCK;
SDR 16 TDI (F0FC);
RUNTEST 1800 TCK;
SDR 16 TDI (B71F);
RUNTEST 1800 TCK;
SDR 16 TDI (C83F);
RUNTEST 1800 TCK;
SDR 16 TDI (7F37);
RUNTEST 1800 TCK;
SDR 16 TDI (0C4F);
RUNTEST 1800 TCK;
SDR 16 TDI (B849);
RUNTEST 1800 TCK;
SDR 16 TDI (81F5);
RUNTEST 1800 TCK;
SDR 16 TDI (6BFF);
RUNTEST 1800 TCK;
SDR 16 TDI (FFFF);
RUNTEST 1800 TCK;
SDR 16 TDI (BDEC);
RUNTEST 1800 TCK;
SDR 16 TDI (01D9);
RUNTEST 1800 TCK;
SDR 16 TDI (6FFD);
RUNTEST 1800 TCK;
SDR 16 TDI (7892);
RUNTEST 1800 TCK;
SDR 16 TDI (AD18);
RUNTEST 1800 TCK;
SDR 16 TDI (CFF8);
RUNTEST 1800 TCK;
SDR 16 TDI (6644);
RUNTEST 1800 TCK;
SDR 16 TDI (10F0);
RUNTEST 1800 TCK;
SDR 16 TDI (A7FF);
RUNTEST 1800 TCK;
SDR 16 TDI (8498);
RUNTEST 1800 TCK;
SDR 16 TDI (6031);
RUNTEST 1800 TCK;
SDR 16 TDI (0C0F);
RUNTEST 1800 TCK;
SDR 16 TDI (B869);
RUNTEST 1800 TCK;
SDR 16 TDI (81FF);
RUNTEST 1800 TCK;
SDR 16 TDI (7FFF);
RUNTEST 1800 TCK;
SDR 16 TDI (FFFF);
RUNTEST 1800 TCK;
SDR 16 TDI (B7F7);
RUNTEST 1800 TCK;
SDR 16 TDI (9B3B);
RUNTEST 1800 TCK;
SDR 16 TDI (73E2);
RUNTEST 1800 TCK;
SDR 16 TDI (FE67);
RUNTEST 1800 TCK;
SDR 16 TDI (BBB3);
RUNTEST 1800 TCK;
SDR 16 TDI (31F7);
RUNTEST 1800 TCK;
SDR 16 TDI (6E66);
RUNTEST 1800 TCK;
SDR 16 TDI (FCCC);
RUNTEST 1800 TCK;
SDR 16 TDI (B98F);
RUNTEST 1800 TCK;
SDR 16 TDI (999B);
RUNTEST 1800 TCK;
SDR 16 TDI (716C);
RUNTEST 1800 TCK;
SDR 16 TDI (2E27);
RUNTEST 1800 TCK;
SDR 16 TDI (BB1B);
RUNTEST 1800 TCK;
SDR 16 TDI (A3FF);
RUNTEST 1800 TCK;
SDR 16 TDI (7FFF);
RUNTEST 1800 TCK;
SDR 16 TDI (FFFF);
RUNTEST 1800 TCK;
SDR 16 TDI (BDFF);
RUNTEST 1800 TCK;
SDR 16 TDI (3373);
RUNTEST 1800 TCK;
SDR 16 TDI (6556);
RUNTEST 1800 TCK;
SDR 16 TDI (6777);
RUNTEST 1800 TCK;
SDR 16 TDI (B336);
RUNTEST 1800 TCK;
SDR 16 TDI (74A3);
RUNTEST 1800 TCK;
SDR 16 TDI (6776);
RUNTEST 1800 TCK;
SDR 16 TDI (79CC);
RUNTEST 1800 TCK;
SDR 16 TDI (BB85);
RUNTEST 1800 TCK;
SDR 16 TDI (5D99);
RUNTEST 1800 TCK;
SDR 16 TDI (7B8D);
RUNTEST 1800 TCK;
SDR 16 TDI (CCCA);
RUNTEST 1800 TCK;
SDR 16 TDI (B199);
RUNTEST 1800 TCK;
SDR 16 TDI (99FF);
RUNTEST 1800 TCK;
SDR 16 TDI (7FFF);
RUNTEST 1800 TCK;
SDR 16 TDI (FFFF);
RUNTEST 1800 TCK;
SDR 16 TDI (BBE7);
RUNTEST 1800 TCK;
SDR 16 TDI (DBBF);
RUNTEST 1800 TCK;
SDR 16 TDI (7FDF);
RUNTEST 1800 TCK;
SDR 16 TDI (FEEF);
RUNTEST 1800 TCK;
SDR 16 TDI (BFFB);
RUNTEST 1800 TCK;
SDR 16 TDI (FBEF);
RUNTEST 1800 TCK;
SDR 16 TDI (7EEF);
RUNTEST 1800 TCK;
SDR 16 TDI (FEFF);
RUNTEST 1800 TCK;
SDR 16 TDI (BDE7);
RUNTEST 1800 TCK;
SDR 16 TDI (3BFF);
RUNTEST 1800 TCK;
SDR 16 TDI (6F7E);
RUNTEST 1800 TCK;
SDR 16 TDI (7F7F);
RUNTEST 1800 TCK;
SDR 16 TDI (B37F);
RUNTEST 1800 TCK;
SDR 16 TDI (F7FF);
RUNTEST 1800 TCK;
SDR 16 TDI (7FFF);
RUNTEST 1800 TCK;
SDR 16 TDI (FFFF);
RUNTEST 1800 TCK;
SDR 16 TDI (BFFF);
RUNTEST 1800 TCK;
SDR 16 TDI (EFF7);
RUNTEST 1800 TCK;
SDR 16 TDI (6FF7);
RUNTEST 1800 TCK;
SDR 16 TDI (5FFD);
RUNTEST 1800 TCK;
SDR 16 TDI (BFFD);
RUNTEST 1800 TCK;
SDR 16 TDI (67FF);
RUNTEST 1800 TCK;
SDR 16 TDI (7FCF);
RUNTEST 1800 TCK;
SDR 16 TDI (FDFD);
RUNTEST 1800 TCK;
SDR 16 TDI (BF7F);
RUNTEST 1800 TCK;
SDR 16 TDI (FF5F);
RUNTEST 1800 TCK;
SDR 16 TDI (7FF7);
RUNTEST 1800 TCK;
SDR 16 TDI (7D5F);
RUNTEST 1800 TCK;
SDR 16 TDI (BFFF);
RUNTEST 1800 TCK;
SDR 16 TDI (F7FF);
RUNTEST 1800 TCK;
SDR 16 TDI (7FFF);
RUNTEST 1800 TCK;
SDR 16 TDI (FFFF);
RUNTEST 1800 TCK;
SDR 16 TDI (BF7F);
RUNTEST 1800 TCK;
SDR 16 TDI (77FE);
RUNTEST 1800 TCK;
SDR 16 TDI (7FFF);
RUNTEST 1800 TCK;
SDR 16 TDI (FFFF);
RUNTEST 1800 TCK;
SDR 16 TDI (BFFF);
RUNTEST 1800 TCK;
SDR 16 TDI (FFFF);
RUNTEST 1800 TCK;
SDR 16 TDI (7FFF);
RUNTEST 1800 TCK;
SDR 16 TDI (FFEB);
RUNTEST 1800 TCK;
SDR 16 TDI (BFFF);
RUNTEST 1800 TCK;
SDR 16 TDI (CFEF);
RUNTEST 1800 TCK;
SDR 16 TDI (77FF);
RUNTEST 1800 TCK;
SDR 16 TDI (FFFF);
RUNTEST 1800 TCK;
SDR 16 TDI (BF3F);
RUNTEST 1800 TCK;
SDR 16 TDI (7FFD);
RUNTEST 1800 TCK;
SDR 16 TDI (7FFF);
RUNTEST 1800 TCK;
SDR 16 TDI (FFFF);
RUNTEST 1800 TCK;
SDR 16 TDI (BFFF);
RUNTEST 1800 TCK;
SDR 16 TDI (DFFB);
RUNTEST 1800 TCK;
SDR 16 TDI (7FEF);
RUNTEST 1800 TCK;
SDR 16 TDI (5FFF);
RUNTEST 1800 TCK;
SDR 16 TDI (BFFE);
RUNTEST 1800 TCK;
SDR 16 TDI (FFFF);
RUNTEST 1800 TCK;
SDR 16 TDI (7FFF);
RUNTEST 1800 TCK;
SDR 16 TDI (FEFD);
RUNTEST 1800 TCK;
SDR 16 TDI (BFFF);
RUNTEST 1800 TCK;
SDR 16 TDI (FFFF);
RUNTEST 1800 TCK;
SDR 16 TDI (7FFF);
RUNTEST 1800 TCK;
SDR 16 TDI (7FDF);
RUNTEST 1800 TCK;
SDR 16 TDI (BFFF);
RUNTEST 1800 TCK;
SDR 16 TDI (FFFF);
RUNTEST 1800 TCK;
SDR 16 TDI (7FFF);
RUNTEST 1800 TCK;
SDR 16 TDI (FFFF);
RUNTEST 1800 TCK;
SDR 16 TDI (BBFB);
RUNTEST 1800 TCK;
SDR 16 TDI (77FF);
RUNTEST 1800 TCK;
SDR 16 TDI (77FF);
RUNTEST 1800 TCK;
SDR 16 TDI (FFFD);
RUNTEST 1800 TCK;
SDR 16 TDI (BFFF);
RUNTEST 1800 TCK;
SDR 16 TDI (A7FF);
RUNTEST 1800 TCK;
SDR 16 TDI (7FCF);
RUNTEST 1800 TCK;
SDR 16 TDI (FFFF);
RUNTEST 1800 TCK;
SDR 16 TDI (BF7F);
RUNTEST 1800 TCK;
SDR 16 TDI (DF5F);
RUNTEST 1800 TCK;
SDR 16 TDI (7FF7);
RUNTEST 1800 TCK;
SDR 16 TDI (FE7F);
RUNTEST 1800 TCK;
SDR 16 TDI (BEFF);
RUNTEST 1800 TCK;
SDR 16 TDI (6FFF);
RUNTEST 1800 TCK;
SDR 16 TDI (77FF);
RUNTEST 1800 TCK;
SDR 16 TDI (FFFF);
RUNTEST 1800 TCK;
SDR 16 TDI (BFFF);
RUNTEST 1800 TCK;
SDR 16 TDI (FFFA);
RUNTEST 1800 TCK;
SDR 16 TDI (7FFF);
RUNTEST 1800 TCK;
SDR 16 TDI (FFFE);
RUNTEST 1800 TCK;
SDR 16 TDI (BDBF);
RUNTEST 1800 TCK;
SDR 16 TDI (7FFF);
RUNTEST 1800 TCK;
SDR 16 TDI (76FF);
RUNTEST 1800 TCK;
SDR 16 TDI (BFFF);
RUNTEST 1800 TCK;
SDR 16 TDI (BFFF);
RUNTEST 1800 TCK;
SDR 16 TDI (FDFF);
RUNTEST 1800 TCK;
SDR 16 TDI (7EFF);
RUNTEST 1800 TCK;
SDR 16 TDI (FF7F);
RUNTEST 1800 TCK;
SDR 16 TDI (BFEF);
RUNTEST 1800 TCK;
SDR 16 TDI (FDFF);
RUNTEST 1800 TCK;
SDR 16 TDI (77FF);
RUNTEST 1800 TCK;
SDR 16 TDI (FFFF);
RUNTEST 1800 TCK;
SDR 16 TDI (BFFF);
RUNTEST 1800 TCK;
SDR 16 TDI (FFEF);
RUNTEST 1800 TCK;
SDR 16 TDI (7FFF);
RUNTEST 1800 TCK;
SDR 16 TDI (FFFF);
RUNTEST 1800 TCK;
SDR 16 TDI (BBFF);
RUNTEST 1800 TCK;
SDR 16 TDI (FFFF);
RUNTEST 1800 TCK;
SDR 16 TDI (7FCF);
RUNTEST 1800 TCK;
SDR 16 TDI (76BE);
RUNTEST 1800 TCK;
SDR 16 TDI (BF7F);
RUNTEST 1800 TCK;
SDR 16 TDI (DFEB);
RUNTEST 1800 TCK;
SDR 16 TDI (7F7F);
RUNTEST 1800 TCK;
SDR 16 TDI (FFFF);
RUNTEST 1800 TCK;
SDR 16 TDI (BFFF);
RUNTEST 1800 TCK;
SDR 16 TDI (DFFF);
RUNTEST 1800 TCK;
SDR 16 TDI (7FFF);
RUNTEST 1800 TCK;
SDR 16 TDI (FFFF);
RUNTEST 1800 TCK;
SDR 16 TDI (BFD7);
RUNTEST 1800 TCK;
SDR 16 TDI (FFFD);
RUNTEST 1800 TCK;
SDR 16 TDI (77FE);
RUNTEST 1800 TCK;
SDR 16 TDI (EFFF);
RUNTEST 1800 TCK;
SDR 16 TDI (B57E);
RUNTEST 1800 TCK;
SDR 16 TDI (FFFD);
RUNTEST 1800 TCK;
SDR 16 TDI (7FF3);
RUNTEST 1800 TCK;
SDR 16 TDI (ED7F);
RUNTEST 1800 TCK;
SDR 16 TDI (BFFF);
RUNTEST 1800 TCK;
SDR 16 TDI (DEFD);
RUNTEST 1800 TCK;
SDR 16 TDI (777F);
RUNTEST 1800 TCK;
SDR 16 TDI (FE6F);
RUNTEST 1800 TCK;
SDR 16 TDI (BFF6);
RUNTEST 1800 TCK;
SDR 16 TDI (FDFD);
RUNTEST 1800 TCK;
SDR 16 TDI (6FFF);
RUNTEST 1800 TCK;
SDR 16 TDI (FFFF);
RUNTEST 1800 TCK;
SDR 16 TDI (BFFF);
RUNTEST 1800 TCK;
SDR 16 TDI (FFE7);
RUNTEST 1800 TCK;
SDR 16 TDI (7FFF);
RUNTEST 1800 TCK;
SDR 16 TDI (FFFE);
RUNTEST 1800 TCK;
SDR 16 TDI (BFFF);
RUNTEST 1800 TCK;
SDR 16 TDI (7FFF);
RUNTEST 1800 TCK;
SDR 16 TDI (6EBE);
RUNTEST 1800 TCK;
SDR 16 TDI (B7FD);
RUNTEST 1800 TCK;
SDR 16 TDI (BEFF);
RUNTEST 1800 TCK;
SDR 16 TDI (FBEF);
RUNTEST 1800 TCK;
SDR 16 TDI (7DFF);
RUNTEST 1800 TCK;
SDR 16 TDI (FFFF);
RUNTEST 1800 TCK;
SDR 16 TDI (BFFF);
RUNTEST 1800 TCK;
SDR 16 TDI (DFFF);
RUNTEST 1800 TCK;
SDR 16 TDI (7FFF);
RUNTEST 1800 TCK;
SDR 16 TDI (FFFF);
RUNTEST 1800 TCK;
SDR 16 TDI (BFFE);
RUNTEST 1800 TCK;
SDR 16 TDI (DDFF);
RUNTEST 1800 TCK;
SDR 16 TDI (7FFF);
RUNTEST 1800 TCK;
SDR 16 TDI (7FF7);
RUNTEST 1800 TCK;
SDR 16 TDI (AFFF);
RUNTEST 1800 TCK;
SDR 16 TDI (BFFF);
RUNTEST 1800 TCK;
SDR 16 TDI (7BFF);
RUNTEST 1800 TCK;
SDR 16 TDI (EDBE);
RUNTEST 1800 TCK;
SDR 16 TDI (BDFF);
RUNTEST 1800 TCK;
SDR 16 TDI (FEEB);
RUNTEST 1800 TCK;
SDR 16 TDI (7BBE);
RUNTEST 1800 TCK;
SDR 16 TDI (FFFF);
RUNTEST 1800 TCK;
SDR 16 TDI (BFF7);
RUNTEST 1800 TCK;
SDR 16 TDI (FFFF);
RUNTEST 1800 TCK;
SDR 16 TDI (7FFF);
RUNTEST 1800 TCK;
SDR 16 TDI (FFFF);
RUNTEST 1800 TCK;
SDR 16 TDI (BFF7);
RUNTEST 1800 TCK;
SDR 16 TDI (FBFF);
RUNTEST 1800 TCK;
SDR 16 TDI (6FFF);
RUNTEST 1800 TCK;
SDR 16 TDI (FFFF);
RUNTEST 1800 TCK;
SDR 16 TDI (BFFE);
RUNTEST 1800 TCK;
SDR 16 TDI (F7FF);
RUNTEST 1800 TCK;
SDR 16 TDI (77BC);
RUNTEST 1800 TCK;
SDR 16 TDI (EFDF);
RUNTEST 1800 TCK;
SDR 16 TDI (BFBF);
RUNTEST 1800 TCK;
SDR 16 TDI (FFDF);
RUNTEST 1800 TCK;
SDR 16 TDI (7FFB);
RUNTEST 1800 TCK;
SDR 16 TDI (7BDF);
RUNTEST 1800 TCK;
SDR 16 TDI (BFBF);
RUNTEST 1800 TCK;
SDR 16 TDI (EF7F);
RUNTEST 1800 TCK;
SDR 16 TDI (7FFF);
RUNTEST 1800 TCK;
SDR 16 TDI (FFFF);
RUNTEST 1800 TCK;
SDR 16 TDI (BFF7);
RUNTEST 1800 TCK;
SDR 16 TDI (FFFB);
RUNTEST 1800 TCK;
SDR 16 TDI (7FFF);
RUNTEST 1800 TCK;
SDR 16 TDI (6FFF);
RUNTEST 1800 TCK;
SDR 16 TDI (BFFF);
RUNTEST 1800 TCK;
SDR 16 TDI (77FF);
RUNTEST 1800 TCK;
SDR 16 TDI (77FF);
RUNTEST 1800 TCK;
SDR 16 TDI (FDFF);
RUNTEST 1800 TCK;
SDR 16 TDI (BFBF);
RUNTEST 1800 TCK;
SDR 16 TDI (FFFF);
RUNTEST 1800 TCK;
SDR 16 TDI (7FEF);
RUNTEST 1800 TCK;
SDR 16 TDI (6EFF);
RUNTEST 1800 TCK;
SDR 16 TDI (BFDB);
RUNTEST 1800 TCK;
SDR 16 TDI (BBFF);
RUNTEST 1800 TCK;
SDR 16 TDI (7FFF);
RUNTEST 1800 TCK;
SDR 16 TDI (FFFF);
RUNTEST 1800 TCK;
SDR 16 TDI (BFFE);
RUNTEST 1800 TCK;
SDR 16 TDI (DAFF);
RUNTEST 1800 TCK;
SDR 16 TDI (7FFF);
RUNTEST 1800 TCK;
SDR 16 TDI (FFF6);
RUNTEST 1800 TCK;
SDR 16 TDI (BFFE);
RUNTEST 1800 TCK;
SDR 16 TDI (FFFF);
RUNTEST 1800 TCK;
SDR 16 TDI (7BDB);
RUNTEST 1800 TCK;
SDR 16 TDI (7F6E);
RUNTEST 1800 TCK;
SDR 16 TDI (BDFF);
RUNTEST 1800 TCK;
SDR 16 TDI (FF2D);
RUNTEST 1800 TCK;
SDR 16 TDI (7BB5);
RUNTEST 1800 TCK;
SDR 16 TDI (FBFF);
RUNTEST 1800 TCK;
SDR 16 TDI (BFF7);
RUNTEST 1800 TCK;
SDR 16 TDI (EEFF);
RUNTEST 1800 TCK;
SDR 16 TDI (7FFF);
RUNTEST 1800 TCK;
SDR 16 TDI (FFFF);
RUNTEST 1800 TCK;
SDR 16 TDI (BBFF);
RUNTEST 1800 TCK;
SDR 16 TDI (DBEF);
RUNTEST 1800 TCK;
SDR 16 TDI (6FFF);
RUNTEST 1800 TCK;
SDR 16 TDI (F7ED);
RUNTEST 1800 TCK;
SDR 16 TDI (B7EE);
RUNTEST 1800 TCK;
SDR 16 TDI (EFFD);
RUNTEST 1800 TCK;
SDR 16 TDI (7BFF);
RUNTEST 1800 TCK;
SDR 16 TDI (BFDF);
RUNTEST 1800 TCK;
SDR 16 TDI (BBFF);
RUNTEST 1800 TCK;
SDR 16 TDI (F5FF);
RUNTEST 1800 TCK;
SDR 16 TDI (6BFF);
RUNTEST 1800 TCK;
SDR 16 TDI (77FF);
RUNTEST 1800 TCK;
SDR 16 TDI (BF6F);
RUNTEST 1800 TCK;
SDR 16 TDI (FEFD);
RUNTEST 1800 TCK;
SDR 16 TDI (7BFF);
RUNTEST 1800 TCK;
SDR 16 TDI (FFFF);
RUNTEST 1800 TCK;
SDR 16 TDI (BF7E);
RUNTEST 1800 TCK;
SDR 16 TDI (FFF7);
RUNTEST 1800 TCK;
SDR 16 TDI (7FFF);
RUNTEST 1800 TCK;
SDR 16 TDI (3FFF);
RUNTEST 1800 TCK;
SDR 16 TDI (BF7F);
RUNTEST 1800 TCK;
SDR 16 TDI (FF7F);
RUNTEST 1800 TCK;
SDR 16 TDI (7FFF);
RUNTEST 1800 TCK;
SDR 16 TDI (FEFF);
RUNTEST 1800 TCK;
SDR 16 TDI (AFFF);
RUNTEST 1800 TCK;
SDR 16 TDI (DFDD);
RUNTEST 1800 TCK;
SDR 16 TDI (7E5F);
RUNTEST 1800 TCK;
SDR 16 TDI (FFFF);
RUNTEST 1800 TCK;
SDR 16 TDI (BFFF);
RUNTEST 1800 TCK;
SDR 16 TDI (FFFF);
RUNTEST 1800 TCK;
SDR 16 TDI (7FFF);
RUNTEST 1800 TCK;
SDR 16 TDI (FFFF);
RUNTEST 1800 TCK;
SDR 16 TDI (BBBF);
RUNTEST 1800 TCK;
SDR 16 TDI (BF7F);
RUNTEST 1800 TCK;
SDR 16 TDI (7FFD);
RUNTEST 1800 TCK;
SDR 16 TDI (FF7F);
RUNTEST 1800 TCK;
SDR 16 TDI (BFF7);
RUNTEST 1800 TCK;
SDR 16 TDI (77FB);
RUNTEST 1800 TCK;
SDR 16 TDI (776F);
RUNTEST 1800 TCK;
SDR 16 TDI (7BFF);
RUNTEST 1800 TCK;
SDR 16 TDI (BFFF);
RUNTEST 1800 TCK;
SDR 16 TDI (7EFF);
RUNTEST 1800 TCK;
SDR 16 TDI (6D7D);
RUNTEST 1800 TCK;
SDR 16 TDI (DD5F);
RUNTEST 1800 TCK;
SDR 16 TDI (BDD3);
RUNTEST 1800 TCK;
SDR 16 TDI (DDFD);
RUNTEST 1800 TCK;
SDR 16 TDI (7BFF);
RUNTEST 1800 TCK;
SDR 16 TDI (FFFF);
RUNTEST 1800 TCK;
SDR 16 TDI (BFFD);
RUNTEST 1800 TCK;
SDR 16 TDI (F6D9);
RUNTEST 1800 TCK;
SDR 16 TDI (7FEF);
RUNTEST 1800 TCK;
SDR 16 TDI (FFBF);
RUNTEST 1800 TCK;
SDR 16 TDI (A9FB);
RUNTEST 1800 TCK;
SDR 16 TDI (BBF7);
RUNTEST 1800 TCK;
SDR 16 TDI (6EFE);
RUNTEST 1800 TCK;
SDR 16 TDI (FFFB);
RUNTEST 1800 TCK;
SDR 16 TDI (BFBF);
RUNTEST 1800 TCK;
SDR 16 TDI (BFFD);
RUNTEST 1800 TCK;
SDR 16 TDI (7FEE);
RUNTEST 1800 TCK;
SDR 16 TDI (9EEF);
RUNTEST 1800 TCK;
SDR 16 TDI (BEFD);
RUNTEST 1800 TCK;
SDR 16 TDI (3EFB);
RUNTEST 1800 TCK;
SDR 16 TDI (77FF);
RUNTEST 1800 TCK;
SDR 16 TDI (FFFF);
RUNTEST 1800 TCK;
SDR 16 TDI (BFFF);
RUNTEST 1800 TCK;
SDR 16 TDI (DFFF);
RUNTEST 1800 TCK;
SDR 16 TDI (7FFE);
RUNTEST 1800 TCK;
SDR 16 TDI (CDFD);
RUNTEST 1800 TCK;
SDR 16 TDI (BF5D);
RUNTEST 1800 TCK;
SDR 16 TDI (DFFE);
RUNTEST 1800 TCK;
SDR 16 TDI (7DFF);
RUNTEST 1800 TCK;
SDR 16 TDI (DFFD);
RUNTEST 1800 TCK;
SDR 16 TDI (BAF7);
RUNTEST 1800 TCK;
SDR 16 TDI (FFFF);
RUNTEST 1800 TCK;
SDR 16 TDI (7FF7);
RUNTEST 1800 TCK;
SDR 16 TDI (F7FE);
RUNTEST 1800 TCK;
SDR 16 TDI (BFFF);
RUNTEST 1800 TCK;
SDR 16 TDI (F7FF);
RUNTEST 1800 TCK;
SDR 16 TDI (7FFF);
RUNTEST 1800 TCK;
SDR 16 TDI (FFFF);
RUNTEST 1800 TCK;
SDR 16 TDI (BFFF);
RUNTEST 1800 TCK;
SDR 16 TDI (BFFF);
RUNTEST 1800 TCK;
SDR 16 TDI (77FF);
RUNTEST 1800 TCK;
SDR 16 TDI (FB7E);
RUNTEST 1800 TCK;
SDR 16 TDI (BDFF);
RUNTEST 1800 TCK;
SDR 16 TDI (FFFF);
RUNTEST 1800 TCK;
SDR 16 TDI (7FED);
RUNTEST 1800 TCK;
SDR 16 TDI (F9DB);
RUNTEST 1800 TCK;
SDR 16 TDI (BEFB);
RUNTEST 1800 TCK;
SDR 16 TDI (FCDF);
RUNTEST 1800 TCK;
SDR 16 TDI (7FF7);
RUNTEST 1800 TCK;
SDR 16 TDI (FFFF);
RUNTEST 1800 TCK;
SDR 16 TDI (BFFF);
RUNTEST 1800 TCK;
SDR 16 TDI (EDFF);
RUNTEST 1800 TCK;
SDR 16 TDI (7FFF);
RUNTEST 1800 TCK;
SDR 16 TDI (FFFF);
RUNTEST 1800 TCK;
SDR 16 TDI (BEFF);
RUNTEST 1800 TCK;
SDR 16 TDI (F7DF);
RUNTEST 1800 TCK;
SDR 16 TDI (67EB);
RUNTEST 1800 TCK;
SDR 16 TDI (EDB7);
RUNTEST 1800 TCK;
SDR 16 TDI (B5B7);
RUNTEST 1800 TCK;
SDR 16 TDI (77FB);
RUNTEST 1800 TCK;
SDR 16 TDI (777F);
RUNTEST 1800 TCK;
SDR 16 TDI (7FF7);
RUNTEST 1800 TCK;
SDR 16 TDI (BD5E);
RUNTEST 1800 TCK;
SDR 16 TDI (F7BB);
RUNTEST 1800 TCK;
SDR 16 TDI (7F7D);
RUNTEST 1800 TCK;
SDR 16 TDI (D5DE);
RUNTEST 1800 TCK;
SDR 16 TDI (BCFC);
RUNTEST 1800 TCK;
SDR 16 TDI (C57F);
RUNTEST 1800 TCK;
SDR 16 TDI (7FFF);
RUNTEST 1800 TCK;
SDR 16 TDI (FFFF);
RUNTEST 1800 TCK;
SDR 16 TDI (BFFC);
RUNTEST 1800 TCK;
SDR 16 TDI (AE6E);
RUNTEST 1800 TCK;
SDR 16 TDI (7FFF);
RUNTEST 1800 TCK;
SDR 16 TDI (BBF9);
RUNTEST 1800 TCK;
SDR 16 TDI (AE59);
RUNTEST 1800 TCK;
SDR 16 TDI (9BF6);
RUNTEST 1800 TCK;
SDR 16 TDI (6CF6);
RUNTEST 1800 TCK;
SDR 16 TDI (D6CE);
RUNTEST 1800 TCK;
SDR 16 TDI (AAFF);
RUNTEST 1800 TCK;
SDR 16 TDI (9B5C);
RUNTEST 1800 TCK;
SDR 16 TDI (6AF7);
RUNTEST 1800 TCK;
SDR 16 TDI (EBAF);
RUNTEST 1800 TCK;
SDR 16 TDI (BF77);
RUNTEST 1800 TCK;
SDR 16 TDI (FFEA);
RUNTEST 1800 TCK;
SDR 16 TDI (77FF);
RUNTEST 1800 TCK;
SDR 16 TDI (FFFF);
RUNTEST 1800 TCK;
SDR 16 TDI (BFFF);
RUNTEST 1800 TCK;
SDR 16 TDI (5BF3);
RUNTEST 1800 TCK;
SDR 16 TDI (7FFE);
RUNTEST 1800 TCK;
SDR 16 TDI (567E);
RUNTEST 1800 TCK;
SDR 16 TDI (BBEE);
RUNTEST 1800 TCK;
SDR 16 TDI (EF7D);
RUNTEST 1800 TCK;
SDR 16 TDI (7BED);
RUNTEST 1800 TCK;
SDR 16 TDI (B9FB);
RUNTEST 1800 TCK;
SDR 16 TDI (BFF5);
RUNTEST 1800 TCK;
SDR 16 TDI (FCFF);
RUNTEST 1800 TCK;
SDR 16 TDI (7D8A);
RUNTEST 1800 TCK;
SDR 16 TDI (3EFF);
RUNTEST 1800 TCK;
SDR 16 TDI (BFCB);
RUNTEST 1800 TCK;
SDR 16 TDI (BAFF);
RUNTEST 1800 TCK;
SDR 16 TDI (7FFF);
RUNTEST 1800 TCK;
SDR 16 TDI (FFFF);
RUNTEST 1800 TCK;
SDR 16 TDI (B9AC);
RUNTEST 1800 TCK;
SDR 16 TDI (5C32);
RUNTEST 1800 TCK;
SDR 16 TDI (7FC5);
RUNTEST 1800 TCK;
SDR 16 TDI (3F6A);
RUNTEST 1800 TCK;
SDR 16 TDI (AE24);
RUNTEST 1800 TCK;
SDR 16 TDI (1BEC);
RUNTEST 1800 TCK;
SDR 16 TDI (619F);
RUNTEST 1800 TCK;
SDR 16 TDI (F83C);
RUNTEST 1800 TCK;
SDR 16 TDI (BF5F);
RUNTEST 1800 TCK;
SDR 16 TDI (6087);
RUNTEST 1800 TCK;
SDR 16 TDI (7D55);
RUNTEST 1800 TCK;
SDR 16 TDI (00AF);
RUNTEST 1800 TCK;
SDR 16 TDI (B680);
RUNTEST 1800 TCK;
SDR 16 TDI (5075);
RUNTEST 1800 TCK;
SDR 16 TDI (6BFF);
RUNTEST 1800 TCK;
SDR 16 TDI (FFFF);
RUNTEST 1800 TCK;
SDR 16 TDI (BB5C);
RUNTEST 1800 TCK;
SDR 16 TDI (C022);
RUNTEST 1800 TCK;
SDR 16 TDI (7FA4);
RUNTEST 1800 TCK;
SDR 16 TDI (3B60);
RUNTEST 1800 TCK;
SDR 16 TDI (A020);
RUNTEST 1800 TCK;
SDR 16 TDI (3BFC);
RUNTEST 1800 TCK;
SDR 16 TDI (6998);
RUNTEST 1800 TCK;
SDR 16 TDI (D03E);
RUNTEST 1800 TCK;
SDR 16 TDI (A79B);
RUNTEST 1800 TCK;
SDR 16 TDI (E000);
RUNTEST 1800 TCK;
SDR 16 TDI (6C75);
RUNTEST 1800 TCK;
SDR 16 TDI (FFAD);
RUNTEST 1800 TCK;
SDR 16 TDI (BE00);
RUNTEST 1800 TCK;
SDR 16 TDI (57FF);
RUNTEST 1800 TCK;
SDR 16 TDI (7FFF);
RUNTEST 1800 TCK;
SDR 16 TDI (FFFF);
RUNTEST 1800 TCK;
SDR 16 TDI (BDFC);
RUNTEST 1800 TCK;
SDR 16 TDI (3E7C);
RUNTEST 1800 TCK;
SDR 16 TDI (67E5);
RUNTEST 1800 TCK;
SDR 16 TDI (EDF3);
RUNTEST 1800 TCK;
SDR 16 TDI (AC02);
RUNTEST 1800 TCK;
SDR 16 TDI (0FF4);
RUNTEST 1800 TCK;
SDR 16 TDI (6007);
RUNTEST 1800 TCK;
SDR 16 TDI (DC0C);
RUNTEST 1800 TCK;
SDR 16 TDI (BF3F);
RUNTEST 1800 TCK;
SDR 16 TDI (FC9F);
RUNTEST 1800 TCK;
SDR 16 TDI (7300);
RUNTEST 1800 TCK;
SDR 16 TDI (22CF);
RUNTEST 1800 TCK;
SDR 16 TDI (BE08);
RUNTEST 1800 TCK;
SDR 16 TDI (8275);
RUNTEST 1800 TCK;
SDR 16 TDI (6BFF);
RUNTEST 1800 TCK;
SDR 16 TDI (FFFF);
RUNTEST 1800 TCK;
SDR 16 TDI (BFFC);
RUNTEST 1800 TCK;
SDR 16 TDI (667C);
RUNTEST 1800 TCK;
SDR 16 TDI (67E5);
RUNTEST 1800 TCK;
SDR 16 TDI (EDF3);
RUNTEST 1800 TCK;
SDR 16 TDI (A020);
RUNTEST 1800 TCK;
SDR 16 TDI (3FFC);
RUNTEST 1800 TCK;
SDR 16 TDI (6001);
RUNTEST 1800 TCK;
SDR 16 TDI (540D);
RUNTEST 1800 TCK;
SDR 16 TDI (BF9F);
RUNTEST 1800 TCK;
SDR 16 TDI (841D);
RUNTEST 1800 TCK;
SDR 16 TDI (7913);
RUNTEST 1800 TCK;
SDR 16 TDI (22CF);
RUNTEST 1800 TCK;
SDR 16 TDI (BE00);
RUNTEST 1800 TCK;
SDR 16 TDI (E27F);
RUNTEST 1800 TCK;
SDR 16 TDI (7FFF);
RUNTEST 1800 TCK;
SDR 16 TDI (FFFF);
RUNTEST 1800 TCK;
SDR 16 TDI (BDF7);
RUNTEST 1800 TCK;
SDR 16 TDI (B233);
RUNTEST 1800 TCK;
SDR 16 TDI (73E6);
RUNTEST 1800 TCK;
SDR 16 TDI (6667);
RUNTEST 1800 TCK;
SDR 16 TDI (BA23);
RUNTEST 1800 TCK;
SDR 16 TDI (2173);
RUNTEST 1800 TCK;
SDR 16 TDI (6224);
RUNTEST 1800 TCK;
SDR 16 TDI (78CE);
RUNTEST 1800 TCK;
SDR 16 TDI (B99F);
RUNTEST 1800 TCK;
SDR 16 TDI (9999);
RUNTEST 1800 TCK;
SDR 16 TDI (7BEE);
RUNTEST 1800 TCK;
SDR 16 TDI (EEE7);
RUNTEST 1800 TCK;
SDR 16 TDI (BCD9);
RUNTEST 1800 TCK;
SDR 16 TDI (BBFE);
RUNTEST 1800 TCK;
SDR 16 TDI (7FFF);
RUNTEST 1800 TCK;
SDR 16 TDI (FFFF);
RUNTEST 1800 TCK;
SDR 16 TDI (BFFF);
RUNTEST 1800 TCK;
SDR 16 TDI (3777);
RUNTEST 1800 TCK;
SDR 16 TDI (6157);
RUNTEST 1800 TCK;
SDR 16 TDI (7777);
RUNTEST 1800 TCK;
SDR 16 TDI (B376);
RUNTEST 1800 TCK;
SDR 16 TDI (76A9);
RUNTEST 1800 TCK;
SDR 16 TDI (7763);
RUNTEST 1800 TCK;
SDR 16 TDI (3D9C);
RUNTEST 1800 TCK;
SDR 16 TDI (BBA5);
RUNTEST 1800 TCK;
SDR 16 TDI (1C9D);
RUNTEST 1800 TCK;
SDR 16 TDI (79CC);
RUNTEST 1800 TCK;
SDR 16 TDI (CCC2);
RUNTEST 1800 TCK;
SDR 16 TDI (B5CC);
RUNTEST 1800 TCK;
SDR 16 TDI (99FF);
RUNTEST 1800 TCK;
SDR 16 TDI (7FFF);
RUNTEST 1800 TCK;
SDR 16 TDI (FFFF);
RUNTEST 1800 TCK;
SDR 16 TDI (BEF7);
RUNTEST 1800 TCK;
SDR 16 TDI (FBFB);
RUNTEST 1800 TCK;
SDR 16 TDI (7FCE);
RUNTEST 1800 TCK;
SDR 16 TDI (EEEF);
RUNTEST 1800 TCK;
SDR 16 TDI (BFFF);
RUNTEST 1800 TCK;
SDR 16 TDI (FFEF);
RUNTEST 1800 TCK;
SDR 16 TDI (7FFD);
RUNTEST 1800 TCK;
SDR 16 TDI (FFEF);
RUNTEST 1800 TCK;
SDR 16 TDI (BDEF);
RUNTEST 1800 TCK;
SDR 16 TDI (77F3);
RUNTEST 1800 TCK;
SDR 16 TDI (7FFF);
RUNTEST 1800 TCK;
SDR 16 TDI (FFFF);
RUNTEST 1800 TCK;
SDR 16 TDI (B3FF);
RUNTEST 1800 TCK;
SDR 16 TDI (FFFF);
RUNTEST 1800 TCK;
SDR 16 TDI (7FFF);
RUNTEST 1800 TCK;
SDR 16 TDI (FFFF);
RUNTEST 1800 TCK;
SDR 16 TDI (BFFF);
RUNTEST 1800 TCK;
SDR 16 TDI (FFFF);
RUNTEST 1800 TCK;
SDR 16 TDI (77F5);
RUNTEST 1800 TCK;
SDR 16 TDI (7FEF);
RUNTEST 1800 TCK;
SDR 16 TDI (B75F);
RUNTEST 1800 TCK;
SDR 16 TDI (DFFF);
RUNTEST 1800 TCK;
SDR 16 TDI (7D7B);
RUNTEST 1800 TCK;
SDR 16 TDI (F7FF);
RUNTEST 1800 TCK;
SDR 16 TDI (AFFF);
RUNTEST 1800 TCK;
SDR 16 TDI (FFFF);
RUNTEST 1800 TCK;
SDR 16 TDI (7FE6);
RUNTEST 1800 TCK;
SDR 16 TDI (DFFF);
RUNTEST 1800 TCK;
SDR 16 TDI (BFF7);
RUNTEST 1800 TCK;
SDR 16 TDI (F5FF);
RUNTEST 1800 TCK;
SDR 16 TDI (7FFF);
RUNTEST 1800 TCK;
SDR 16 TDI (FFFF);
RUNTEST 1800 TCK;
SDR 16 TDI (BFFF);
RUNTEST 1800 TCK;
SDR 16 TDI (77F6);
RUNTEST 1800 TCK;
SDR 16 TDI (7FFF);
RUNTEST 1800 TCK;
SDR 16 TDI (FFFF);
RUNTEST 1800 TCK;
SDR 16 TDI (BFF6);
RUNTEST 1800 TCK;
SDR 16 TDI (FFFD);
RUNTEST 1800 TCK;
SDR 16 TDI (7FFF);
RUNTEST 1800 TCK;
SDR 16 TDI (3DDF);
RUNTEST 1800 TCK;
SDR 16 TDI (BBFF);
RUNTEST 1800 TCK;
SDR 16 TDI (FFBE);
RUNTEST 1800 TCK;
SDR 16 TDI (7BFF);
RUNTEST 1800 TCK;
SDR 16 TDI (BE5F);
RUNTEST 1800 TCK;
SDR 16 TDI (BD5E);
RUNTEST 1800 TCK;
SDR 16 TDI (FFDF);
RUNTEST 1800 TCK;
SDR 16 TDI (7FFF);
RUNTEST 1800 TCK;
SDR 16 TDI (FFFF);
RUNTEST 1800 TCK;
SDR 16 TDI (BFFF);
RUNTEST 1800 TCK;
SDR 16 TDI (77FB);
RUNTEST 1800 TCK;
SDR 16 TDI (77F4);
RUNTEST 1800 TCK;
SDR 16 TDI (FFFF);
RUNTEST 1800 TCK;
SDR 16 TDI (BBD7);
RUNTEST 1800 TCK;
SDR 16 TDI (FFFF);
RUNTEST 1800 TCK;
SDR 16 TDI (7CFF);
RUNTEST 1800 TCK;
SDR 16 TDI (7BDF);
RUNTEST 1800 TCK;
SDR 16 TDI (ADFF);
RUNTEST 1800 TCK;
SDR 16 TDI (FFFF);
RUNTEST 1800 TCK;
SDR 16 TDI (7FD5);
RUNTEST 1800 TCK;
SDR 16 TDI (FF7F);
RUNTEST 1800 TCK;
SDR 16 TDI (BBFF);
RUNTEST 1800 TCK;
SDR 16 TDI (FFFF);
RUNTEST 1800 TCK;
SDR 16 TDI (7FFF);
RUNTEST 1800 TCK;
SDR 16 TDI (FFFF);
RUNTEST 1800 TCK;
SDR 16 TDI (BFBF);
RUNTEST 1800 TCK;
SDR 16 TDI (FFFF);
RUNTEST 1800 TCK;
SDR 16 TDI (7FFF);
RUNTEST 1800 TCK;
SDR 16 TDI (FFEF);
RUNTEST 1800 TCK;
SDR 16 TDI (BFBF);
RUNTEST 1800 TCK;
SDR 16 TDI (EFFF);
RUNTEST 1800 TCK;
SDR 16 TDI (7FFD);
RUNTEST 1800 TCK;
SDR 16 TDI (FDFF);
RUNTEST 1800 TCK;
SDR 16 TDI (BFFF);
RUNTEST 1800 TCK;
SDR 16 TDI (FFFF);
RUNTEST 1800 TCK;
SDR 16 TDI (7BFF);
RUNTEST 1800 TCK;
SDR 16 TDI (EFDF);
RUNTEST 1800 TCK;
SDR 16 TDI (BED7);
RUNTEST 1800 TCK;
SDR 16 TDI (EDFB);
RUNTEST 1800 TCK;
SDR 16 TDI (7FFF);
RUNTEST 1800 TCK;
SDR 16 TDI (FFFF);
RUNTEST 1800 TCK;
SDR 16 TDI (BFFF);
RUNTEST 1800 TCK;
SDR 16 TDI (F7FF);
RUNTEST 1800 TCK;
SDR 16 TDI (7FFF);
RUNTEST 1800 TCK;
SDR 16 TDI (EFFF);
RUNTEST 1800 TCK;
SDR 16 TDI (B7EF);
RUNTEST 1800 TCK;
SDR 16 TDI (FFFF);
RUNTEST 1800 TCK;
SDR 16 TDI (7FFF);
RUNTEST 1800 TCK;
SDR 16 TDI (FD7D);
RUNTEST 1800 TCK;
SDR 16 TDI (BFBF);
RUNTEST 1800 TCK;
SDR 16 TDI (BFBF);
RUNTEST 1800 TCK;
SDR 16 TDI (77FF);
RUNTEST 1800 TCK;
SDR 16 TDI (DFBF);
RUNTEST 1800 TCK;
SDR 16 TDI (BFFF);
RUNTEST 1800 TCK;
SDR 16 TDI (7F7F);
RUNTEST 1800 TCK;
SDR 16 TDI (7FFF);
RUNTEST 1800 TCK;
SDR 16 TDI (FFFF);
RUNTEST 1800 TCK;
SDR 16 TDI (BFFF);
RUNTEST 1800 TCK;
SDR 16 TDI (7EFF);
RUNTEST 1800 TCK;
SDR 16 TDI (7FF7);
RUNTEST 1800 TCK;
SDR 16 TDI (FFFF);
RUNTEST 1800 TCK;
SDR 16 TDI (BFFF);
RUNTEST 1800 TCK;
SDR 16 TDI (FFFD);
RUNTEST 1800 TCK;
SDR 16 TDI (7F77);
RUNTEST 1800 TCK;
SDR 16 TDI (F7FF);
RUNTEST 1800 TCK;
SDR 16 TDI (BB7F);
RUNTEST 1800 TCK;
SDR 16 TDI (FFFF);
RUNTEST 1800 TCK;
SDR 16 TDI (7F7F);
RUNTEST 1800 TCK;
SDR 16 TDI (FFFF);
RUNTEST 1800 TCK;
SDR 16 TDI (BFFF);
RUNTEST 1800 TCK;
SDR 16 TDI (DFFF);
RUNTEST 1800 TCK;
SDR 16 TDI (7FFF);
RUNTEST 1800 TCK;
SDR 16 TDI (FFFF);
RUNTEST 1800 TCK;
SDR 16 TDI (BFFF);
RUNTEST 1800 TCK;
SDR 16 TDI (7FEF);
RUNTEST 1800 TCK;
SDR 16 TDI (7FFF);
RUNTEST 1800 TCK;
SDR 16 TDI (FFBF);
RUNTEST 1800 TCK;
SDR 16 TDI (BFBB);
RUNTEST 1800 TCK;
SDR 16 TDI (EFFF);
RUNTEST 1800 TCK;
SDR 16 TDI (7FFF);
RUNTEST 1800 TCK;
SDR 16 TDI (E7FD);
RUNTEST 1800 TCK;
SDR 16 TDI (BFFF);
RUNTEST 1800 TCK;
SDR 16 TDI (CEFF);
RUNTEST 1800 TCK;
SDR 16 TDI (7DFB);
RUNTEST 1800 TCK;
SDR 16 TDI (DFFF);
RUNTEST 1800 TCK;
SDR 16 TDI (BFFF);
RUNTEST 1800 TCK;
SDR 16 TDI (7B7D);
RUNTEST 1800 TCK;
SDR 16 TDI (6BFF);
RUNTEST 1800 TCK;
SDR 16 TDI (FFFF);
RUNTEST 1800 TCK;
SDR 16 TDI (BFFF);
RUNTEST 1800 TCK;
SDR 16 TDI (F6FF);
RUNTEST 1800 TCK;
SDR 16 TDI (7FF7);
RUNTEST 1800 TCK;
SDR 16 TDI (EFFF);
RUNTEST 1800 TCK;
SDR 16 TDI (BBDF);
RUNTEST 1800 TCK;
SDR 16 TDI (FFFD);
RUNTEST 1800 TCK;
SDR 16 TDI (7EEF);
RUNTEST 1800 TCK;
SDR 16 TDI (FE7F);
RUNTEST 1800 TCK;
SDR 16 TDI (BD5F);
RUNTEST 1800 TCK;
SDR 16 TDI (FFDF);
RUNTEST 1800 TCK;
SDR 16 TDI (7BBF);
RUNTEST 1800 TCK;
SDR 16 TDI (FFBF);
RUNTEST 1800 TCK;
SDR 16 TDI (BFFF);
RUNTEST 1800 TCK;
SDR 16 TDI (DFFF);
RUNTEST 1800 TCK;
SDR 16 TDI (7FFF);
RUNTEST 1800 TCK;
SDR 16 TDI (FFFF);
RUNTEST 1800 TCK;
SDR 16 TDI (B7FF);
RUNTEST 1800 TCK;
SDR 16 TDI (FFFF);
RUNTEST 1800 TCK;
SDR 16 TDI (7FFF);
RUNTEST 1800 TCK;
SDR 16 TDI (FFFF);
RUNTEST 1800 TCK;
SDR 16 TDI (B5F7);
RUNTEST 1800 TCK;
SDR 16 TDI (FFFF);
RUNTEST 1800 TCK;
SDR 16 TDI (6EAF);
RUNTEST 1800 TCK;
SDR 16 TDI (EFBD);
RUNTEST 1800 TCK;
SDR 16 TDI (BFFF);
RUNTEST 1800 TCK;
SDR 16 TDI (FFFF);
RUNTEST 1800 TCK;
SDR 16 TDI (6F6F);
RUNTEST 1800 TCK;
SDR 16 TDI (77FF);
RUNTEST 1800 TCK;
SDR 16 TDI (BFFB);
RUNTEST 1800 TCK;
SDR 16 TDI (7FFF);
RUNTEST 1800 TCK;
SDR 16 TDI (7FFF);
RUNTEST 1800 TCK;
SDR 16 TDI (FFFF);
RUNTEST 1800 TCK;
SDR 16 TDI (BFFF);
RUNTEST 1800 TCK;
SDR 16 TDI (FFFF);
RUNTEST 1800 TCK;
SDR 16 TDI (6FFF);
RUNTEST 1800 TCK;
SDR 16 TDI (FFFF);
RUNTEST 1800 TCK;
SDR 16 TDI (BF7E);
RUNTEST 1800 TCK;
SDR 16 TDI (F7FF);
RUNTEST 1800 TCK;
SDR 16 TDI (7DFF);
RUNTEST 1800 TCK;
SDR 16 TDI (6FDF);
RUNTEST 1800 TCK;
SDR 16 TDI (BBBF);
RUNTEST 1800 TCK;
SDR 16 TDI (FFFF);
RUNTEST 1800 TCK;
SDR 16 TDI (75F7);
RUNTEST 1800 TCK;
SDR 16 TDI (FFDF);
RUNTEST 1800 TCK;
SDR 16 TDI (BFF7);
RUNTEST 1800 TCK;
SDR 16 TDI (F6FF);
RUNTEST 1800 TCK;
SDR 16 TDI (7FFF);
RUNTEST 1800 TCK;
SDR 16 TDI (FFFF);
RUNTEST 1800 TCK;
SDR 16 TDI (BFFF);
RUNTEST 1800 TCK;
SDR 16 TDI (FFFF);
RUNTEST 1800 TCK;
SDR 16 TDI (7FFF);
RUNTEST 1800 TCK;
SDR 16 TDI (FFFF);
RUNTEST 1800 TCK;
SDR 16 TDI (B7FF);
RUNTEST 1800 TCK;
SDR 16 TDI (F7FF);
RUNTEST 1800 TCK;
SDR 16 TDI (7F5F);
RUNTEST 1800 TCK;
SDR 16 TDI (FFDF);
RUNTEST 1800 TCK;
SDR 16 TDI (BFFF);
RUNTEST 1800 TCK;
SDR 16 TDI (FFFF);
RUNTEST 1800 TCK;
SDR 16 TDI (7E76);
RUNTEST 1800 TCK;
SDR 16 TDI (EEDF);
RUNTEST 1800 TCK;
SDR 16 TDI (BFBF);
RUNTEST 1800 TCK;
SDR 16 TDI (7FFF);
RUNTEST 1800 TCK;
SDR 16 TDI (7FFF);
RUNTEST 1800 TCK;
SDR 16 TDI (FFFF);
RUNTEST 1800 TCK;
SDR 16 TDI (BBFF);
RUNTEST 1800 TCK;
SDR 16 TDI (FFFF);
RUNTEST 1800 TCK;
SDR 16 TDI (7FFF);
RUNTEST 1800 TCK;
SDR 16 TDI (FFFF);
RUNTEST 1800 TCK;
SDR 16 TDI (BEB6);
RUNTEST 1800 TCK;
SDR 16 TDI (FFFF);
RUNTEST 1800 TCK;
SDR 16 TDI (75EE);
RUNTEST 1800 TCK;
SDR 16 TDI (FFBE);
RUNTEST 1800 TCK;
SDR 16 TDI (BDFF);
RUNTEST 1800 TCK;
SDR 16 TDI (FFFE);
RUNTEST 1800 TCK;
SDR 16 TDI (7BDF);
RUNTEST 1800 TCK;
SDR 16 TDI (77FF);
RUNTEST 1800 TCK;
SDR 16 TDI (BFF3);
RUNTEST 1800 TCK;
SDR 16 TDI (EF7F);
RUNTEST 1800 TCK;
SDR 16 TDI (7FFF);
RUNTEST 1800 TCK;
SDR 16 TDI (FFFF);
RUNTEST 1800 TCK;
SDR 16 TDI (A55F);
RUNTEST 1800 TCK;
SDR 16 TDI (F7FF);
RUNTEST 1800 TCK;
SDR 16 TDI (7FFF);
RUNTEST 1800 TCK;
SDR 16 TDI (FFFF);
RUNTEST 1800 TCK;
SDR 16 TDI (BE79);
RUNTEST 1800 TCK;
SDR 16 TDI (FFFF);
RUNTEST 1800 TCK;
SDR 16 TDI (6BFD);
RUNTEST 1800 TCK;
SDR 16 TDI (77D7);
RUNTEST 1800 TCK;
SDR 16 TDI (AFBF);
RUNTEST 1800 TCK;
SDR 16 TDI (F7F7);
RUNTEST 1800 TCK;
SDR 16 TDI (6BBF);
RUNTEST 1800 TCK;
SDR 16 TDI (FEFF);
RUNTEST 1800 TCK;
SDR 16 TDI (BFF3);
RUNTEST 1800 TCK;
SDR 16 TDI (FFF5);
RUNTEST 1800 TCK;
SDR 16 TDI (6BFF);
RUNTEST 1800 TCK;
SDR 16 TDI (FFFF);
RUNTEST 1800 TCK;
SDR 16 TDI (AFFF);
RUNTEST 1800 TCK;
SDR 16 TDI (AFFE);
RUNTEST 1800 TCK;
SDR 16 TDI (7FFF);
RUNTEST 1800 TCK;
SDR 16 TDI (FFBB);
RUNTEST 1800 TCK;
SDR 16 TDI (B7FF);
RUNTEST 1800 TCK;
SDR 16 TDI (BFFB);
RUNTEST 1800 TCK;
SDR 16 TDI (7FF7);
RUNTEST 1800 TCK;
SDR 16 TDI (FFFE);
RUNTEST 1800 TCK;
SDR 16 TDI (BFFF);
RUNTEST 1800 TCK;
SDR 16 TDI (BF5D);
RUNTEST 1800 TCK;
SDR 16 TDI (7FFF);
RUNTEST 1800 TCK;
SDR 16 TDI (FFF7);
RUNTEST 1800 TCK;
SDR 16 TDI (BDDE);
RUNTEST 1800 TCK;
SDR 16 TDI (F37F);
RUNTEST 1800 TCK;
SDR 16 TDI (7FFF);
RUNTEST 1800 TCK;
SDR 16 TDI (FFFF);
RUNTEST 1800 TCK;
SDR 16 TDI (A75F);
RUNTEST 1800 TCK;
SDR 16 TDI (EF9F);
RUNTEST 1800 TCK;
SDR 16 TDI (7FFF);
RUNTEST 1800 TCK;
SDR 16 TDI (FBFF);
RUNTEST 1800 TCK;
SDR 16 TDI (BFFF);
RUNTEST 1800 TCK;
SDR 16 TDI (F7BF);
RUNTEST 1800 TCK;
SDR 16 TDI (7EFF);
RUNTEST 1800 TCK;
SDR 16 TDI (DD7F);
RUNTEST 1800 TCK;
SDR 16 TDI (BCFF);
RUNTEST 1800 TCK;
SDR 16 TDI (F5FF);
RUNTEST 1800 TCK;
SDR 16 TDI (7EFD);
RUNTEST 1800 TCK;
SDR 16 TDI (DFDF);
RUNTEST 1800 TCK;
SDR 16 TDI (BF7F);
RUNTEST 1800 TCK;
SDR 16 TDI (57F5);
RUNTEST 1800 TCK;
SDR 16 TDI (6BFF);
RUNTEST 1800 TCK;
SDR 16 TDI (FFFF);
RUNTEST 1800 TCK;
SDR 16 TDI (A8FF);
RUNTEST 1800 TCK;
SDR 16 TDI (FFFF);
RUNTEST 1800 TCK;
SDR 16 TDI (7FFF);
RUNTEST 1800 TCK;
SDR 16 TDI (FFFE);
RUNTEST 1800 TCK;
SDR 16 TDI (BFF7);
RUNTEST 1800 TCK;
SDR 16 TDI (EFFF);
RUNTEST 1800 TCK;
SDR 16 TDI (7FFC);
RUNTEST 1800 TCK;
SDR 16 TDI (FFFF);
RUNTEST 1800 TCK;
SDR 16 TDI (AFDB);
RUNTEST 1800 TCK;
SDR 16 TDI (FFFB);
RUNTEST 1800 TCK;
SDR 16 TDI (7FB7);
RUNTEST 1800 TCK;
SDR 16 TDI (DFDF);
RUNTEST 1800 TCK;
SDR 16 TDI (BFFF);
RUNTEST 1800 TCK;
SDR 16 TDI (DFEA);
RUNTEST 1800 TCK;
SDR 16 TDI (77FF);
RUNTEST 1800 TCK;
SDR 16 TDI (FFFF);
RUNTEST 1800 TCK;
SDR 16 TDI (BFFF);
RUNTEST 1800 TCK;
SDR 16 TDI (FFFF);
RUNTEST 1800 TCK;
SDR 16 TDI (7FFB);
RUNTEST 1800 TCK;
SDR 16 TDI (FFFF);
RUNTEST 1800 TCK;
SDR 16 TDI (BF5F);
RUNTEST 1800 TCK;
SDR 16 TDI (FFFF);
RUNTEST 1800 TCK;
SDR 16 TDI (75EF);
RUNTEST 1800 TCK;
SDR 16 TDI (FFFF);
RUNTEST 1800 TCK;
SDR 16 TDI (BFFF);
RUNTEST 1800 TCK;
SDR 16 TDI (FFDF);
RUNTEST 1800 TCK;
SDR 16 TDI (7FDD);
RUNTEST 1800 TCK;
SDR 16 TDI (7D7F);
RUNTEST 1800 TCK;
SDR 16 TDI (BDDD);
RUNTEST 1800 TCK;
SDR 16 TDI (FF7F);
RUNTEST 1800 TCK;
SDR 16 TDI (7FFF);
RUNTEST 1800 TCK;
SDR 16 TDI (FFFF);
RUNTEST 1800 TCK;
SDR 16 TDI (BFFE);
RUNTEST 1800 TCK;
SDR 16 TDI (7FAF);
RUNTEST 1800 TCK;
SDR 16 TDI (7FFF);
RUNTEST 1800 TCK;
SDR 16 TDI (BFFE);
RUNTEST 1800 TCK;
SDR 16 TDI (BBFF);
RUNTEST 1800 TCK;
SDR 16 TDI (B7FB);
RUNTEST 1800 TCK;
SDR 16 TDI (7EDF);
RUNTEST 1800 TCK;
SDR 16 TDI (FD7D);
RUNTEST 1800 TCK;
SDR 16 TDI (BAFF);
RUNTEST 1800 TCK;
SDR 16 TDI (DBFF);
RUNTEST 1800 TCK;
SDR 16 TDI (7EFF);
RUNTEST 1800 TCK;
SDR 16 TDI (7F7E);
RUNTEST 1800 TCK;
SDR 16 TDI (BF7F);
RUNTEST 1800 TCK;
SDR 16 TDI (FFFF);
RUNTEST 1800 TCK;
SDR 16 TDI (7FFF);
RUNTEST 1800 TCK;
SDR 16 TDI (FFFF);
RUNTEST 1800 TCK;
SDR 16 TDI (BFFF);
RUNTEST 1800 TCK;
SDR 16 TDI (E7AD);
RUNTEST 1800 TCK;
SDR 16 TDI (7FFB);
RUNTEST 1800 TCK;
SDR 16 TDI (FBFF);
RUNTEST 1800 TCK;
SDR 16 TDI (BBAB);
RUNTEST 1800 TCK;
SDR 16 TDI (FF7F);
RUNTEST 1800 TCK;
SDR 16 TDI (7BFF);
RUNTEST 1800 TCK;
SDR 16 TDI (7E3C);
RUNTEST 1800 TCK;
SDR 16 TDI (B6DD);
RUNTEST 1800 TCK;
SDR 16 TDI (AF5D);
RUNTEST 1800 TCK;
SDR 16 TDI (7EFB);
RUNTEST 1800 TCK;
SDR 16 TDI (BDBF);
RUNTEST 1800 TCK;
SDR 16 TDI (B8DD);
RUNTEST 1800 TCK;
SDR 16 TDI (7FFF);
RUNTEST 1800 TCK;
SDR 16 TDI (7FFF);
RUNTEST 1800 TCK;
SDR 16 TDI (FFFF);
RUNTEST 1800 TCK;
SDR 16 TDI (BEFF);
RUNTEST 1800 TCK;
SDR 16 TDI (5FDF);
RUNTEST 1800 TCK;
SDR 16 TDI (7FFF);
RUNTEST 1800 TCK;
SDR 16 TDI (FFFD);
RUNTEST 1800 TCK;
SDR 16 TDI (BF7F);
RUNTEST 1800 TCK;
SDR 16 TDI (E3F3);
RUNTEST 1800 TCK;
SDR 16 TDI (6D6E);
RUNTEST 1800 TCK;
SDR 16 TDI (F5F7);
RUNTEST 1800 TCK;
SDR 16 TDI (BB7F);
RUNTEST 1800 TCK;
SDR 16 TDI (D7F7);
RUNTEST 1800 TCK;
SDR 16 TDI (7D7F);
RUNTEST 1800 TCK;
SDR 16 TDI (6E6E);
RUNTEST 1800 TCK;
SDR 16 TDI (BF7B);
RUNTEST 1800 TCK;
SDR 16 TDI (D76A);
RUNTEST 1800 TCK;
SDR 16 TDI (77FF);
RUNTEST 1800 TCK;
SDR 16 TDI (FFFF);
RUNTEST 1800 TCK;
SDR 16 TDI (BFFD);
RUNTEST 1800 TCK;
SDR 16 TDI (BF7F);
RUNTEST 1800 TCK;
SDR 16 TDI (7FFF);
RUNTEST 1800 TCK;
SDR 16 TDI (DFDE);
RUNTEST 1800 TCK;
SDR 16 TDI (A5F5);
RUNTEST 1800 TCK;
SDR 16 TDI (3FFF);
RUNTEST 1800 TCK;
SDR 16 TDI (76D1);
RUNTEST 1800 TCK;
SDR 16 TDI (BFDF);
RUNTEST 1800 TCK;
SDR 16 TDI (ADBF);
RUNTEST 1800 TCK;
SDR 16 TDI (F9BB);
RUNTEST 1800 TCK;
SDR 16 TDI (6BAC);
RUNTEST 1800 TCK;
SDR 16 TDI (DFD7);
RUNTEST 1800 TCK;
SDR 16 TDI (BFB6);
RUNTEST 1800 TCK;
SDR 16 TDI (ACFF);
RUNTEST 1800 TCK;
SDR 16 TDI (7FFF);
RUNTEST 1800 TCK;
SDR 16 TDI (FFFF);
RUNTEST 1800 TCK;
SDR 16 TDI (A95F);
RUNTEST 1800 TCK;
SDR 16 TDI (2817);
RUNTEST 1800 TCK;
SDR 16 TDI (67C5);
RUNTEST 1800 TCK;
SDR 16 TDI (FDF9);
RUNTEST 1800 TCK;
SDR 16 TDI (B837);
RUNTEST 1800 TCK;
SDR 16 TDI (E3E0);
RUNTEST 1800 TCK;
SDR 16 TDI (63EE);
RUNTEST 1800 TCK;
SDR 16 TDI (B000);
RUNTEST 1800 TCK;
SDR 16 TDI (A01F);
RUNTEST 1800 TCK;
SDR 16 TDI (07E6);
RUNTEST 1800 TCK;
SDR 16 TDI (60EC);
RUNTEST 1800 TCK;
SDR 16 TDI (400F);
RUNTEST 1800 TCK;
SDR 16 TDI (B098);
RUNTEST 1800 TCK;
SDR 16 TDI (27F5);
RUNTEST 1800 TCK;
SDR 16 TDI (6BFF);
RUNTEST 1800 TCK;
SDR 16 TDI (FFFF);
RUNTEST 1800 TCK;
SDR 16 TDI (ABFF);
RUNTEST 1800 TCK;
SDR 16 TDI (002C);
RUNTEST 1800 TCK;
SDR 16 TDI (7FA4);
RUNTEST 1800 TCK;
SDR 16 TDI (1C1E);
RUNTEST 1800 TCK;
SDR 16 TDI (B034);
RUNTEST 1800 TCK;
SDR 16 TDI (E3F0);
RUNTEST 1800 TCK;
SDR 16 TDI (6384);
RUNTEST 1800 TCK;
SDR 16 TDI (B020);
RUNTEST 1800 TCK;
SDR 16 TDI (A0BB);
RUNTEST 1800 TCK;
SDR 16 TDI (8000);
RUNTEST 1800 TCK;
SDR 16 TDI (6ACC);
RUNTEST 1800 TCK;
SDR 16 TDI (004D);
RUNTEST 1800 TCK;
SDR 16 TDI (B818);
RUNTEST 1800 TCK;
SDR 16 TDI (72FF);
RUNTEST 1800 TCK;
SDR 16 TDI (7FFF);
RUNTEST 1800 TCK;
SDR 16 TDI (FFFF);
RUNTEST 1800 TCK;
SDR 16 TDI (BD5F);
RUNTEST 1800 TCK;
SDR 16 TDI (E718);
RUNTEST 1800 TCK;
SDR 16 TDI (7FF2);
RUNTEST 1800 TCK;
SDR 16 TDI (0A07);
RUNTEST 1800 TCK;
SDR 16 TDI (BC1B);
RUNTEST 1800 TCK;
SDR 16 TDI (03F3);
RUNTEST 1800 TCK;
SDR 16 TDI (727F);
RUNTEST 1800 TCK;
SDR 16 TDI (700C);
RUNTEST 1800 TCK;
SDR 16 TDI (B11F);
RUNTEST 1800 TCK;
SDR 16 TDI (87FF);
RUNTEST 1800 TCK;
SDR 16 TDI (70DE);
RUNTEST 1800 TCK;
SDR 16 TDI (0C07);
RUNTEST 1800 TCK;
SDR 16 TDI (BA19);
RUNTEST 1800 TCK;
SDR 16 TDI (04F5);
RUNTEST 1800 TCK;
SDR 16 TDI (6BFF);
RUNTEST 1800 TCK;
SDR 16 TDI (FFFF);
RUNTEST 1800 TCK;
SDR 16 TDI (BFFC);
RUNTEST 1800 TCK;
SDR 16 TDI (3F2F);
RUNTEST 1800 TCK;
SDR 16 TDI (7FF2);
RUNTEST 1800 TCK;
SDR 16 TDI (6A78);
RUNTEST 1800 TCK;
SDR 16 TDI (A318);
RUNTEST 1800 TCK;
SDR 16 TDI (03F3);
RUNTEST 1800 TCK;
SDR 16 TDI (6001);
RUNTEST 1800 TCK;
SDR 16 TDI (7C00);
RUNTEST 1800 TCK;
SDR 16 TDI (A01F);
RUNTEST 1800 TCK;
SDR 16 TDI (967F);
RUNTEST 1800 TCK;
SDR 16 TDI (70CE);
RUNTEST 1800 TCK;
SDR 16 TDI (0C0F);
RUNTEST 1800 TCK;
SDR 16 TDI (B878);
RUNTEST 1800 TCK;
SDR 16 TDI (34FF);
RUNTEST 1800 TCK;
SDR 16 TDI (7FFF);
RUNTEST 1800 TCK;
SDR 16 TDI (FFFF);
RUNTEST 1800 TCK;
SDR 16 TDI (BFF6);
RUNTEST 1800 TCK;
SDR 16 TDI (323B);
RUNTEST 1800 TCK;
SDR 16 TDI (73EE);
RUNTEST 1800 TCK;
SDR 16 TDI (EEEF);
RUNTEST 1800 TCK;
SDR 16 TDI (BA31);
RUNTEST 1800 TCK;
SDR 16 TDI (3173);
RUNTEST 1800 TCK;
SDR 16 TDI (664E);
RUNTEST 1800 TCK;
SDR 16 TDI (7CFE);
RUNTEST 1800 TCK;
SDR 16 TDI (B98F);
RUNTEST 1800 TCK;
SDR 16 TDI (BBBB);
RUNTEST 1800 TCK;
SDR 16 TDI (73EE);
RUNTEST 1800 TCK;
SDR 16 TDI (ECEF);
RUNTEST 1800 TCK;
SDR 16 TDI (B8B9);
RUNTEST 1800 TCK;
SDR 16 TDI (9BFF);
RUNTEST 1800 TCK;
SDR 16 TDI (7FFF);
RUNTEST 1800 TCK;
SDR 16 TDI (FFFF);
RUNTEST 1800 TCK;
SDR 16 TDI (BFFF);
RUNTEST 1800 TCK;
SDR 16 TDI (6771);
RUNTEST 1800 TCK;
SDR 16 TDI (6144);
RUNTEST 1800 TCK;
SDR 16 TDI (4445);
RUNTEST 1800 TCK;
SDR 16 TDI (B376);
RUNTEST 1800 TCK;
SDR 16 TDI (26A9);
RUNTEST 1800 TCK;
SDR 16 TDI (7627);
RUNTEST 1800 TCK;
SDR 16 TDI (39CC);
RUNTEST 1800 TCK;
SDR 16 TDI (B3A5);
RUNTEST 1800 TCK;
SDR 16 TDI (1999);
RUNTEST 1800 TCK;
SDR 16 TDI (79CC);
RUNTEST 1800 TCK;
SDR 16 TDI (C9C2);
RUNTEST 1800 TCK;
SDR 16 TDI (B59C);
RUNTEST 1800 TCK;
SDR 16 TDI (99FF);
RUNTEST 1800 TCK;
SDR 16 TDI (7FFF);
RUNTEST 1800 TCK;
SDR 16 TDI (FFFF);
RUNTEST 1800 TCK;
SDR 16 TDI (BFF7);
RUNTEST 1800 TCK;
SDR 16 TDI (FFFF);
RUNTEST 1800 TCK;
SDR 16 TDI (7FDF);
RUNTEST 1800 TCK;
SDR 16 TDI (FFFF);
RUNTEST 1800 TCK;
SDR 16 TDI (BFF9);
RUNTEST 1800 TCK;
SDR 16 TDI (FFEF);
RUNTEST 1800 TCK;
SDR 16 TDI (6FDF);
RUNTEST 1800 TCK;
SDR 16 TDI (FEFF);
RUNTEST 1800 TCK;
SDR 16 TDI (BFDF);
RUNTEST 1800 TCK;
SDR 16 TDI (7FFF);
RUNTEST 1800 TCK;
SDR 16 TDI (77FF);
RUNTEST 1800 TCK;
SDR 16 TDI (FEFF);
RUNTEST 1800 TCK;
SDR 16 TDI (B7FF);
RUNTEST 1800 TCK;
SDR 16 TDI (FFFF);
RUNTEST 1800 TCK;
SDR 16 TDI (7FFF);
RUNTEST 1800 TCK;
SDR 16 TDI (FFFF);
RUNTEST 1800 TCK;
SDR 16 TDI (BFFF);
RUNTEST 1800 TCK;
SDR 16 TDI (FFFF);
RUNTEST 1800 TCK;
SDR 16 TDI (7FF5);
RUNTEST 1800 TCK;
SDR 16 TDI (FFDF);
RUNTEST 1800 TCK;
SDR 16 TDI (BFF7);
RUNTEST 1800 TCK;
SDR 16 TDI (77FF);
RUNTEST 1800 TCK;
SDR 16 TDI (7FF6);
RUNTEST 1800 TCK;
SDR 16 TDI (F7FF);
RUNTEST 1800 TCK;
SDR 16 TDI (AFFF);
RUNTEST 1800 TCK;
SDR 16 TDI (FDFF);
RUNTEST 1800 TCK;
SDR 16 TDI (7FF7);
RUNTEST 1800 TCK;
SDR 16 TDI (5FBF);
RUNTEST 1800 TCK;
SDR 16 TDI (BEF7);
RUNTEST 1800 TCK;
SDR 16 TDI (F7FF);
RUNTEST 1800 TCK;
SDR 16 TDI (7FFF);
RUNTEST 1800 TCK;
SDR 16 TDI (FFFF);
RUNTEST 1800 TCK;
SDR 16 TDI (BFFF);
RUNTEST 1800 TCK;
SDR 16 TDI (BBFE);
RUNTEST 1800 TCK;
SDR 16 TDI (7FFF);
RUNTEST 1800 TCK;
SDR 16 TDI (FBFF);
RUNTEST 1800 TCK;
SDR 16 TDI (B7EE);
RUNTEST 1800 TCK;
SDR 16 TDI (FFFD);
RUNTEST 1800 TCK;
SDR 16 TDI (7B7F);
RUNTEST 1800 TCK;
SDR 16 TDI (FFDB);
RUNTEST 1800 TCK;
SDR 16 TDI (BB7F);
RUNTEST 1800 TCK;
SDR 16 TDI (CEBF);
RUNTEST 1800 TCK;
SDR 16 TDI (7FFF);
RUNTEST 1800 TCK;
SDR 16 TDI (FFDF);
RUNTEST 1800 TCK;
SDR 16 TDI (BDFF);
RUNTEST 1800 TCK;
SDR 16 TDI (FFDF);
RUNTEST 1800 TCK;
SDR 16 TDI (7FFF);
RUNTEST 1800 TCK;
SDR 16 TDI (FFFF);
RUNTEST 1800 TCK;
SDR 16 TDI (AFFF);
RUNTEST 1800 TCK;
SDR 16 TDI (FFFF);
RUNTEST 1800 TCK;
SDR 16 TDI (7FFB);
RUNTEST 1800 TCK;
SDR 16 TDI (FFDF);
RUNTEST 1800 TCK;
SDR 16 TDI (BFFF);
RUNTEST 1800 TCK;
SDR 16 TDI (FFFF);
RUNTEST 1800 TCK;
SDR 16 TDI (7EF6);
RUNTEST 1800 TCK;
SDR 16 TDI (FBFF);
RUNTEST 1800 TCK;
SDR 16 TDI (ABFF);
RUNTEST 1800 TCK;
SDR 16 TDI (BBFF);
RUNTEST 1800 TCK;
SDR 16 TDI (7FFF);
RUNTEST 1800 TCK;
SDR 16 TDI (FFEF);
RUNTEST 1800 TCK;
SDR 16 TDI (BFFF);
RUNTEST 1800 TCK;
SDR 16 TDI (F7FF);
RUNTEST 1800 TCK;
SDR 16 TDI (7FFF);
RUNTEST 1800 TCK;
SDR 16 TDI (FFFF);
RUNTEST 1800 TCK;
SDR 16 TDI (AFFF);
RUNTEST 1800 TCK;
SDR 16 TDI (FFFF);
RUNTEST 1800 TCK;
SDR 16 TDI (7FF7);
RUNTEST 1800 TCK;
SDR 16 TDI (FFFF);
RUNTEST 1800 TCK;
SDR 16 TDI (B7F7);
RUNTEST 1800 TCK;
SDR 16 TDI (B7FF);
RUNTEST 1800 TCK;
SDR 16 TDI (7FFF);
RUNTEST 1800 TCK;
SDR 16 TDI (FFDF);
RUNTEST 1800 TCK;
SDR 16 TDI (BFFF);
RUNTEST 1800 TCK;
SDR 16 TDI (FFFF);
RUNTEST 1800 TCK;
SDR 16 TDI (7FF7);
RUNTEST 1800 TCK;
SDR 16 TDI (AF7F);
RUNTEST 1800 TCK;
SDR 16 TDI (BB77);
RUNTEST 1800 TCK;
SDR 16 TDI (FFFA);
RUNTEST 1800 TCK;
SDR 16 TDI (77FF);
RUNTEST 1800 TCK;
SDR 16 TDI (FFFF);
RUNTEST 1800 TCK;
SDR 16 TDI (BFFF);
RUNTEST 1800 TCK;
SDR 16 TDI (FFFF);
RUNTEST 1800 TCK;
SDR 16 TDI (7FFF);
RUNTEST 1800 TCK;
SDR 16 TDI (FFFF);
RUNTEST 1800 TCK;
SDR 16 TDI (BFBF);
RUNTEST 1800 TCK;
SDR 16 TDI (F7FB);
RUNTEST 1800 TCK;
SDR 16 TDI (7EFF);
RUNTEST 1800 TCK;
SDR 16 TDI (FFFF);
RUNTEST 1800 TCK;
SDR 16 TDI (BFFF);
RUNTEST 1800 TCK;
SDR 16 TDI (FFFF);
RUNTEST 1800 TCK;
SDR 16 TDI (7FFB);
RUNTEST 1800 TCK;
SDR 16 TDI (FEFF);
RUNTEST 1800 TCK;
SDR 16 TDI (BFEF);
RUNTEST 1800 TCK;
SDR 16 TDI (FFFB);
RUNTEST 1800 TCK;
SDR 16 TDI (77FF);
RUNTEST 1800 TCK;
SDR 16 TDI (FFFF);
RUNTEST 1800 TCK;
SDR 16 TDI (BFFF);
RUNTEST 1800 TCK;
SDR 16 TDI (FFFF);
RUNTEST 1800 TCK;
SDR 16 TDI (7FFF);
RUNTEST 1800 TCK;
SDR 16 TDI (FFFF);
RUNTEST 1800 TCK;
SDR 16 TDI (BFEF);
RUNTEST 1800 TCK;
SDR 16 TDI (FFFF);
RUNTEST 1800 TCK;
SDR 16 TDI (7FF7);
RUNTEST 1800 TCK;
SDR 16 TDI (FB7F);
RUNTEST 1800 TCK;
SDR 16 TDI (BFFF);
RUNTEST 1800 TCK;
SDR 16 TDI (FFEF);
RUNTEST 1800 TCK;
SDR 16 TDI (77FF);
RUNTEST 1800 TCK;
SDR 16 TDI (FF7F);
RUNTEST 1800 TCK;
SDR 16 TDI (BFFF);
RUNTEST 1800 TCK;
SDR 16 TDI (FBFF);
RUNTEST 1800 TCK;
SDR 16 TDI (7FFF);
RUNTEST 1800 TCK;
SDR 16 TDI (FFFF);
RUNTEST 1800 TCK;
SDR 16 TDI (BFFF);
RUNTEST 1800 TCK;
SDR 16 TDI (BEEF);
RUNTEST 1800 TCK;
SDR 16 TDI (7FFF);
RUNTEST 1800 TCK;
SDR 16 TDI (FFBF);
RUNTEST 1800 TCK;
SDR 16 TDI (BFFF);
RUNTEST 1800 TCK;
SDR 16 TDI (F7FF);
RUNTEST 1800 TCK;
SDR 16 TDI (7FFF);
RUNTEST 1800 TCK;
SDR 16 TDI (EFFE);
RUNTEST 1800 TCK;
SDR 16 TDI (BFFF);
RUNTEST 1800 TCK;
SDR 16 TDI (FFFE);
RUNTEST 1800 TCK;
SDR 16 TDI (7FF7);
RUNTEST 1800 TCK;
SDR 16 TDI (FFFF);
RUNTEST 1800 TCK;
SDR 16 TDI (BBFF);
RUNTEST 1800 TCK;
SDR 16 TDI (FFDF);
RUNTEST 1800 TCK;
SDR 16 TDI (7FFF);
RUNTEST 1800 TCK;
SDR 16 TDI (FFFF);
RUNTEST 1800 TCK;
SDR 16 TDI (BFFF);
RUNTEST 1800 TCK;
SDR 16 TDI (FFFF);
RUNTEST 1800 TCK;
SDR 16 TDI (7FFF);
RUNTEST 1800 TCK;
SDR 16 TDI (FFFF);
RUNTEST 1800 TCK;
SDR 16 TDI (BF9F);
RUNTEST 1800 TCK;
SDR 16 TDI (FFF7);
RUNTEST 1800 TCK;
SDR 16 TDI (7EEF);
RUNTEST 1800 TCK;
SDR 16 TDI (FBBF);
RUNTEST 1800 TCK;
SDR 16 TDI (BFFF);
RUNTEST 1800 TCK;
SDR 16 TDI (FFEF);
RUNTEST 1800 TCK;
SDR 16 TDI (77FF);
RUNTEST 1800 TCK;
SDR 16 TDI (FE7F);
RUNTEST 1800 TCK;
SDR 16 TDI (BFF7);
RUNTEST 1800 TCK;
SDR 16 TDI (FBFF);
RUNTEST 1800 TCK;
SDR 16 TDI (7FFF);
RUNTEST 1800 TCK;
SDR 16 TDI (FFFF);
RUNTEST 1800 TCK;
SDR 16 TDI (B7FF);
RUNTEST 1800 TCK;
SDR 16 TDI (FFFF);
RUNTEST 1800 TCK;
SDR 16 TDI (7FFF);
RUNTEST 1800 TCK;
SDR 16 TDI (FFFE);
RUNTEST 1800 TCK;
SDR 16 TDI (BBFF);
RUNTEST 1800 TCK;
SDR 16 TDI (BFFF);
RUNTEST 1800 TCK;
SDR 16 TDI (6FFD);
RUNTEST 1800 TCK;
SDR 16 TDI (EDFF);
RUNTEST 1800 TCK;
SDR 16 TDI (BFFF);
RUNTEST 1800 TCK;
SDR 16 TDI (FFFF);
RUNTEST 1800 TCK;
SDR 16 TDI (7FD7);
RUNTEST 1800 TCK;
SDR 16 TDI (F7FF);
RUNTEST 1800 TCK;
SDR 16 TDI (BFFF);
RUNTEST 1800 TCK;
SDR 16 TDI (FDFF);
RUNTEST 1800 TCK;
SDR 16 TDI (7FFF);
RUNTEST 1800 TCK;
SDR 16 TDI (FFFF);
RUNTEST 1800 TCK;
SDR 16 TDI (BFFF);
RUNTEST 1800 TCK;
SDR 16 TDI (FFFF);
RUNTEST 1800 TCK;
SDR 16 TDI (6FFF);
RUNTEST 1800 TCK;
SDR 16 TDI (FFFF);
RUNTEST 1800 TCK;
SDR 16 TDI (BEE6);
RUNTEST 1800 TCK;
SDR 16 TDI (F7FF);
RUNTEST 1800 TCK;
SDR 16 TDI (7F76);
RUNTEST 1800 TCK;
SDR 16 TDI (FBFF);
RUNTEST 1800 TCK;
SDR 16 TDI (BFFF);
RUNTEST 1800 TCK;
SDR 16 TDI (BFFB);
RUNTEST 1800 TCK;
SDR 16 TDI (7FFE);
RUNTEST 1800 TCK;
SDR 16 TDI (FFDF);
RUNTEST 1800 TCK;
SDR 16 TDI (BFFB);
RUNTEST 1800 TCK;
SDR 16 TDI (FEFF);
RUNTEST 1800 TCK;
SDR 16 TDI (7FFF);
RUNTEST 1800 TCK;
SDR 16 TDI (FFFF);
RUNTEST 1800 TCK;
SDR 16 TDI (B7FF);
RUNTEST 1800 TCK;
SDR 16 TDI (FFBF);
RUNTEST 1800 TCK;
SDR 16 TDI (7FFE);
RUNTEST 1800 TCK;
SDR 16 TDI (FFFE);
RUNTEST 1800 TCK;
SDR 16 TDI (B79F);
RUNTEST 1800 TCK;
SDR 16 TDI (77FF);
RUNTEST 1800 TCK;
SDR 16 TDI (7777);
RUNTEST 1800 TCK;
SDR 16 TDI (F7FF);
RUNTEST 1800 TCK;
SDR 16 TDI (BFFF);
RUNTEST 1800 TCK;
SDR 16 TDI (FFFD);
RUNTEST 1800 TCK;
SDR 16 TDI (7FFF);
RUNTEST 1800 TCK;
SDR 16 TDI (FFFF);
RUNTEST 1800 TCK;
SDR 16 TDI (BFFF);
RUNTEST 1800 TCK;
SDR 16 TDI (EFFF);
RUNTEST 1800 TCK;
SDR 16 TDI (7FFF);
RUNTEST 1800 TCK;
SDR 16 TDI (FFFF);
RUNTEST 1800 TCK;
SDR 16 TDI (BFFF);
RUNTEST 1800 TCK;
SDR 16 TDI (FFFF);
RUNTEST 1800 TCK;
SDR 16 TDI (7FFF);
RUNTEST 1800 TCK;
SDR 16 TDI (FFFF);
RUNTEST 1800 TCK;
SDR 16 TDI (BEF6);
RUNTEST 1800 TCK;
SDR 16 TDI (FFFF);
RUNTEST 1800 TCK;
SDR 16 TDI (7FFD);
RUNTEST 1800 TCK;
SDR 16 TDI (7EFF);
RUNTEST 1800 TCK;
SDR 16 TDI (BFFF);
RUNTEST 1800 TCK;
SDR 16 TDI (FFFF);
RUNTEST 1800 TCK;
SDR 16 TDI (7FD6);
RUNTEST 1800 TCK;
SDR 16 TDI (F7FF);
RUNTEST 1800 TCK;
SDR 16 TDI (BFFD);
RUNTEST 1800 TCK;
SDR 16 TDI (FB7F);
RUNTEST 1800 TCK;
SDR 16 TDI (7FFF);
RUNTEST 1800 TCK;
SDR 16 TDI (FFFF);
RUNTEST 1800 TCK;
SDR 16 TDI (A55F);
RUNTEST 1800 TCK;
SDR 16 TDI (FFFF);
RUNTEST 1800 TCK;
SDR 16 TDI (7FFF);
RUNTEST 1800 TCK;
SDR 16 TDI (FFFE);
RUNTEST 1800 TCK;
SDR 16 TDI (B5FF);
RUNTEST 1800 TCK;
SDR 16 TDI (D7FF);
RUNTEST 1800 TCK;
SDR 16 TDI (7ECD);
RUNTEST 1800 TCK;
SDR 16 TDI (7FFD);
RUNTEST 1800 TCK;
SDR 16 TDI (BEFF);
RUNTEST 1800 TCK;
SDR 16 TDI (FDBF);
RUNTEST 1800 TCK;
SDR 16 TDI (7FEF);
RUNTEST 1800 TCK;
SDR 16 TDI (6FBD);
RUNTEST 1800 TCK;
SDR 16 TDI (BFFF);
RUNTEST 1800 TCK;
SDR 16 TDI (FB75);
RUNTEST 1800 TCK;
SDR 16 TDI (6BFF);
RUNTEST 1800 TCK;
SDR 16 TDI (FFFF);
RUNTEST 1800 TCK;
SDR 16 TDI (AFFF);
RUNTEST 1800 TCK;
SDR 16 TDI (FFFE);
RUNTEST 1800 TCK;
SDR 16 TDI (7FEF);
RUNTEST 1800 TCK;
SDR 16 TDI (DFBB);
RUNTEST 1800 TCK;
SDR 16 TDI (BFFB);
RUNTEST 1800 TCK;
SDR 16 TDI (BF7F);
RUNTEST 1800 TCK;
SDR 16 TDI (6FFF);
RUNTEST 1800 TCK;
SDR 16 TDI (FFEF);
RUNTEST 1800 TCK;
SDR 16 TDI (BDFF);
RUNTEST 1800 TCK;
SDR 16 TDI (BFFF);
RUNTEST 1800 TCK;
SDR 16 TDI (777F);
RUNTEST 1800 TCK;
SDR 16 TDI (FEEF);
RUNTEST 1800 TCK;
SDR 16 TDI (BFFA);
RUNTEST 1800 TCK;
SDR 16 TDI (AFFF);
RUNTEST 1800 TCK;
SDR 16 TDI (7FFF);
RUNTEST 1800 TCK;
SDR 16 TDI (FFFF);
RUNTEST 1800 TCK;
SDR 16 TDI (A75E);
RUNTEST 1800 TCK;
SDR 16 TDI (FFFF);
RUNTEST 1800 TCK;
SDR 16 TDI (7FFE);
RUNTEST 1800 TCK;
SDR 16 TDI (FBFF);
RUNTEST 1800 TCK;
SDR 16 TDI (BFAF);
RUNTEST 1800 TCK;
SDR 16 TDI (FFF7);
RUNTEST 1800 TCK;
SDR 16 TDI (7FDB);
RUNTEST 1800 TCK;
SDR 16 TDI (F9FF);
RUNTEST 1800 TCK;
SDR 16 TDI (BFBF);
RUNTEST 1800 TCK;
SDR 16 TDI (FFFD);
RUNTEST 1800 TCK;
SDR 16 TDI (7FFE);
RUNTEST 1800 TCK;
SDR 16 TDI (FFFF);
RUNTEST 1800 TCK;
SDR 16 TDI (BFD7);
RUNTEST 1800 TCK;
SDR 16 TDI (FEF5);
RUNTEST 1800 TCK;
SDR 16 TDI (6BFF);
RUNTEST 1800 TCK;
SDR 16 TDI (FFFF);
RUNTEST 1800 TCK;
SDR 16 TDI (A9FF);
RUNTEST 1800 TCK;
SDR 16 TDI (FFFF);
RUNTEST 1800 TCK;
SDR 16 TDI (7FFF);
RUNTEST 1800 TCK;
SDR 16 TDI (DFFE);
RUNTEST 1800 TCK;
SDR 16 TDI (BFFF);
RUNTEST 1800 TCK;
SDR 16 TDI (DBFF);
RUNTEST 1800 TCK;
SDR 16 TDI (76EF);
RUNTEST 1800 TCK;
SDR 16 TDI (BFFF);
RUNTEST 1800 TCK;
SDR 16 TDI (BFFF);
RUNTEST 1800 TCK;
SDR 16 TDI (FF4F);
RUNTEST 1800 TCK;
SDR 16 TDI (7FEF);
RUNTEST 1800 TCK;
SDR 16 TDI (FFFF);
RUNTEST 1800 TCK;
SDR 16 TDI (BB5F);
RUNTEST 1800 TCK;
SDR 16 TDI (FFEA);
RUNTEST 1800 TCK;
SDR 16 TDI (77FF);
RUNTEST 1800 TCK;
SDR 16 TDI (FFFF);
RUNTEST 1800 TCK;
SDR 16 TDI (BFFF);
RUNTEST 1800 TCK;
SDR 16 TDI (EEFF);
RUNTEST 1800 TCK;
SDR 16 TDI (7FEA);
RUNTEST 1800 TCK;
SDR 16 TDI (FFFF);
RUNTEST 1800 TCK;
SDR 16 TDI (B7FF);
RUNTEST 1800 TCK;
SDR 16 TDI (FFFF);
RUNTEST 1800 TCK;
SDR 16 TDI (7FFF);
RUNTEST 1800 TCK;
SDR 16 TDI (7FBF);
RUNTEST 1800 TCK;
SDR 16 TDI (97FF);
RUNTEST 1800 TCK;
SDR 16 TDI (EFFF);
RUNTEST 1800 TCK;
SDR 16 TDI (5D77);
RUNTEST 1800 TCK;
SDR 16 TDI (B7FF);
RUNTEST 1800 TCK;
SDR 16 TDI (BFFF);
RUNTEST 1800 TCK;
SDR 16 TDI (FFFF);
RUNTEST 1800 TCK;
SDR 16 TDI (7FFF);
RUNTEST 1800 TCK;
SDR 16 TDI (FFFF);
RUNTEST 1800 TCK;
SDR 16 TDI (BFFF);
RUNTEST 1800 TCK;
SDR 16 TDI (FFEF);
RUNTEST 1800 TCK;
SDR 16 TDI (7FFB);
RUNTEST 1800 TCK;
SDR 16 TDI (FFFF);
RUNTEST 1800 TCK;
SDR 16 TDI (9FAD);
RUNTEST 1800 TCK;
SDR 16 TDI (BFF6);
RUNTEST 1800 TCK;
SDR 16 TDI (5BFF);
RUNTEST 1800 TCK;
SDR 16 TDI (D5E7);
RUNTEST 1800 TCK;
SDR 16 TDI (BDFF);
RUNTEST 1800 TCK;
SDR 16 TDI (BFF5);
RUNTEST 1800 TCK;
SDR 16 TDI (67F6);
RUNTEST 1800 TCK;
SDR 16 TDI (F9FF);
RUNTEST 1800 TCK;
SDR 16 TDI (BFEF);
RUNTEST 1800 TCK;
SDR 16 TDI (DBFF);
RUNTEST 1800 TCK;
SDR 16 TDI (7FFF);
RUNTEST 1800 TCK;
SDR 16 TDI (FFFF);
RUNTEST 1800 TCK;
SDR 16 TDI (9FFF);
RUNTEST 1800 TCK;
SDR 16 TDI (FFFD);
RUNTEST 1800 TCK;
SDR 16 TDI (5FF6);
RUNTEST 1800 TCK;
SDR 16 TDI (BBFE);
RUNTEST 1800 TCK;
SDR 16 TDI (BDDF);
RUNTEST 1800 TCK;
SDR 16 TDI (FFFE);
RUNTEST 1800 TCK;
SDR 16 TDI (657F);
RUNTEST 1800 TCK;
SDR 16 TDI (FCFD);
RUNTEST 1800 TCK;
SDR 16 TDI (BEBF);
RUNTEST 1800 TCK;
SDR 16 TDI (FDFB);
RUNTEST 1800 TCK;
SDR 16 TDI (7F7E);
RUNTEST 1800 TCK;
SDR 16 TDI (BCDF);
RUNTEST 1800 TCK;
SDR 16 TDI (9FD5);
RUNTEST 1800 TCK;
SDR 16 TDI (9EFF);
RUNTEST 1800 TCK;
SDR 16 TDI (5FFF);
RUNTEST 1800 TCK;
SDR 16 TDI (FFFF);
RUNTEST 1800 TCK;
SDR 16 TDI (BAFE);
RUNTEST 1800 TCK;
SDR 16 TDI (FEDF);
RUNTEST 1800 TCK;
SDR 16 TDI (7FED);
RUNTEST 1800 TCK;
SDR 16 TDI (7FFD);
RUNTEST 1800 TCK;
SDR 16 TDI (A37D);
RUNTEST 1800 TCK;
SDR 16 TDI (5BFF);
RUNTEST 1800 TCK;
SDR 16 TDI (7FB7);
RUNTEST 1800 TCK;
SDR 16 TDI (D7C7);
RUNTEST 1800 TCK;
SDR 16 TDI (99FF);
RUNTEST 1800 TCK;
SDR 16 TDI (9EE7);
RUNTEST 1800 TCK;
SDR 16 TDI (4381);
RUNTEST 1800 TCK;
SDR 16 TDI (77FF);
RUNTEST 1800 TCK;
SDR 16 TDI (BBEF);
RUNTEST 1800 TCK;
SDR 16 TDI (FBEA);
RUNTEST 1800 TCK;
SDR 16 TDI (77FF);
RUNTEST 1800 TCK;
SDR 16 TDI (FFFF);
RUNTEST 1800 TCK;
SDR 16 TDI (BFFF);
RUNTEST 1800 TCK;
SDR 16 TDI (EFFF);
RUNTEST 1800 TCK;
SDR 16 TDI (7FFB);
RUNTEST 1800 TCK;
SDR 16 TDI (DFDF);
RUNTEST 1800 TCK;
SDR 16 TDI (9FA7);
RUNTEST 1800 TCK;
SDR 16 TDI (A773);
RUNTEST 1800 TCK;
SDR 16 TDI (5EC8);
RUNTEST 1800 TCK;
SDR 16 TDI (3BBF);
RUNTEST 1800 TCK;
SDR 16 TDI (B7FF);
RUNTEST 1800 TCK;
SDR 16 TDI (EF9D);
RUNTEST 1800 TCK;
SDR 16 TDI (7DFF);
RUNTEST 1800 TCK;
SDR 16 TDI (DB7D);
RUNTEST 1800 TCK;
SDR 16 TDI (BEBF);
RUNTEST 1800 TCK;
SDR 16 TDI (757F);
RUNTEST 1800 TCK;
SDR 16 TDI (7FFF);
RUNTEST 1800 TCK;
SDR 16 TDI (FFFF);
RUNTEST 1800 TCK;
SDR 16 TDI (855E);
RUNTEST 1800 TCK;
SDR 16 TDI (9E8F);
RUNTEST 1800 TCK;
SDR 16 TDI (47C0);
RUNTEST 1800 TCK;
SDR 16 TDI (15F9);
RUNTEST 1800 TCK;
SDR 16 TDI (BFEB);
RUNTEST 1800 TCK;
SDR 16 TDI (C3EF);
RUNTEST 1800 TCK;
SDR 16 TDI (6689);
RUNTEST 1800 TCK;
SDR 16 TDI (5EA0);
RUNTEST 1800 TCK;
SDR 16 TDI (A617);
RUNTEST 1800 TCK;
SDR 16 TDI (4000);
RUNTEST 1800 TCK;
SDR 16 TDI (6300);
RUNTEST 1800 TCK;
SDR 16 TDI (030F);
RUNTEST 1800 TCK;
SDR 16 TDI (9080);
RUNTEST 1800 TCK;
SDR 16 TDI (60F5);
RUNTEST 1800 TCK;
SDR 16 TDI (4BFF);
RUNTEST 1800 TCK;
SDR 16 TDI (FFFF);
RUNTEST 1800 TCK;
SDR 16 TDI (AFFE);
RUNTEST 1800 TCK;
SDR 16 TDI (9EBC);
RUNTEST 1800 TCK;
SDR 16 TDI (7FA0);
RUNTEST 1800 TCK;
SDR 16 TDI (141E);
RUNTEST 1800 TCK;
SDR 16 TDI (80FC);
RUNTEST 1800 TCK;
SDR 16 TDI (EBFC);
RUNTEST 1800 TCK;
SDR 16 TDI (7E88);
RUNTEST 1800 TCK;
SDR 16 TDI (10A0);
RUNTEST 1800 TCK;
SDR 16 TDI (A61E);
RUNTEST 1800 TCK;
SDR 16 TDI (C000);
RUNTEST 1800 TCK;
SDR 16 TDI (6340);
RUNTEST 1800 TCK;
SDR 16 TDI (00FF);
RUNTEST 1800 TCK;
SDR 16 TDI (B880);
RUNTEST 1800 TCK;
SDR 16 TDI (007F);
RUNTEST 1800 TCK;
SDR 16 TDI (7FFF);
RUNTEST 1800 TCK;
SDR 16 TDI (FFFF);
RUNTEST 1800 TCK;
SDR 16 TDI (B55D);
RUNTEST 1800 TCK;
SDR 16 TDI (2930);
RUNTEST 1800 TCK;
SDR 16 TDI (7FE2);
RUNTEST 1800 TCK;
SDR 16 TDI (3207);
RUNTEST 1800 TCK;
SDR 16 TDI (8327);
RUNTEST 1800 TCK;
SDR 16 TDI (33F3);
RUNTEST 1800 TCK;
SDR 16 TDI (47FE);
RUNTEST 1800 TCK;
SDR 16 TDI (FC4F);
RUNTEST 1800 TCK;
SDR 16 TDI (A5FF);
RUNTEST 1800 TCK;
SDR 16 TDI (848E);
RUNTEST 1800 TCK;
SDR 16 TDI (6418);
RUNTEST 1800 TCK;
SDR 16 TDI (F20F);
RUNTEST 1800 TCK;
SDR 16 TDI (B8C7);
RUNTEST 1800 TCK;
SDR 16 TDI (87F5);
RUNTEST 1800 TCK;
SDR 16 TDI (6BFF);
RUNTEST 1800 TCK;
SDR 16 TDI (FFFF);
RUNTEST 1800 TCK;
SDR 16 TDI (9FFD);
RUNTEST 1800 TCK;
SDR 16 TDI (290F);
RUNTEST 1800 TCK;
SDR 16 TDI (5FE0);
RUNTEST 1800 TCK;
SDR 16 TDI (1279);
RUNTEST 1800 TCK;
SDR 16 TDI (A000);
RUNTEST 1800 TCK;
SDR 16 TDI (37F0);
RUNTEST 1800 TCK;
SDR 16 TDI (6110);
RUNTEST 1800 TCK;
SDR 16 TDI (7C40);
RUNTEST 1800 TCK;
SDR 16 TDI (A41F);
RUNTEST 1800 TCK;
SDR 16 TDI (8480);
RUNTEST 1800 TCK;
SDR 16 TDI (6404);
RUNTEST 1800 TCK;
SDR 16 TDI (B10F);
RUNTEST 1800 TCK;
SDR 16 TDI (9880);
RUNTEST 1800 TCK;
SDR 16 TDI (607F);
RUNTEST 1800 TCK;
SDR 16 TDI (5FFF);
RUNTEST 1800 TCK;
SDR 16 TDI (FFFF);
RUNTEST 1800 TCK;
SDR 16 TDI (BFFF);
RUNTEST 1800 TCK;
SDR 16 TDI (BBBB);
RUNTEST 1800 TCK;
SDR 16 TDI (73E6);
RUNTEST 1800 TCK;
SDR 16 TDI (2EEF);
RUNTEST 1800 TCK;
SDR 16 TDI (B811);
RUNTEST 1800 TCK;
SDR 16 TDI (3972);
RUNTEST 1800 TCK;
SDR 16 TDI (64EE);
RUNTEST 1800 TCK;
SDR 16 TDI (F8EC);
RUNTEST 1800 TCK;
SDR 16 TDI (9D8F);
RUNTEST 1800 TCK;
SDR 16 TDI (B999);
RUNTEST 1800 TCK;
SDR 16 TDI (57CC);
RUNTEST 1800 TCK;
SDR 16 TDI (9EE7);
RUNTEST 1800 TCK;
SDR 16 TDI (B999);
RUNTEST 1800 TCK;
SDR 16 TDI (B8FF);
RUNTEST 1800 TCK;
SDR 16 TDI (7FFF);
RUNTEST 1800 TCK;
SDR 16 TDI (FFFF);
RUNTEST 1800 TCK;
SDR 16 TDI (BFFD);
RUNTEST 1800 TCK;
SDR 16 TDI (1111);
RUNTEST 1800 TCK;
SDR 16 TDI (6157);
RUNTEST 1800 TCK;
SDR 16 TDI (6445);
RUNTEST 1800 TCK;
SDR 16 TDI (9322);
RUNTEST 1800 TCK;
SDR 16 TDI (32A1);
RUNTEST 1800 TCK;
SDR 16 TDI (4266);
RUNTEST 1800 TCK;
SDR 16 TDI (7DC9);
RUNTEST 1800 TCK;
SDR 16 TDI (B925);
RUNTEST 1800 TCK;
SDR 16 TDI (1CCC);
RUNTEST 1800 TCK;
SDR 16 TDI (73DD);
RUNTEST 1800 TCK;
SDR 16 TDI (DCC2);
RUNTEST 1800 TCK;
SDR 16 TDI (B5DD);
RUNTEST 1800 TCK;
SDR 16 TDI (9DFF);
RUNTEST 1800 TCK;
SDR 16 TDI (7FFF);
RUNTEST 1800 TCK;
SDR 16 TDI (FFFF);
RUNTEST 1800 TCK;
SDR 16 TDI (9FFF);
RUNTEST 1800 TCK;
SDR 16 TDI (FFFF);
RUNTEST 1800 TCK;
SDR 16 TDI (5FCF);
RUNTEST 1800 TCK;
SDR 16 TDI (FFFF);
RUNTEST 1800 TCK;
SDR 16 TDI (BDDD);
RUNTEST 1800 TCK;
SDR 16 TDI (FFEE);
RUNTEST 1800 TCK;
SDR 16 TDI (7DFF);
RUNTEST 1800 TCK;
SDR 16 TDI (FFFF);
RUNTEST 1800 TCK;
SDR 16 TDI (BFFF);
RUNTEST 1800 TCK;
SDR 16 TDI (7FFF);
RUNTEST 1800 TCK;
SDR 16 TDI (7FEF);
RUNTEST 1800 TCK;
SDR 16 TDI (FFFF);
RUNTEST 1800 TCK;
SDR 16 TDI (93BB);
RUNTEST 1800 TCK;
SDR 16 TDI (FFFF);
RUNTEST 1800 TCK;
SDR 16 TDI (5FFF);
RUNTEST 1800 TCK;
SDR 16 TDI (FFFF);
RUNTEST 1800 TCK;
SDR 16 TDI (BFFF);
RUNTEST 1800 TCK;
SDR 16 TDI (FFFF);
RUNTEST 1800 TCK;
SDR 16 TDI (7FFF);
RUNTEST 1800 TCK;
SDR 16 TDI (FFFF);
RUNTEST 1800 TCK;
SDR 16 TDI (BF7F);
RUNTEST 1800 TCK;
SDR 16 TDI (BFFF);
RUNTEST 1800 TCK;
SDR 16 TDI (7FFF);
RUNTEST 1800 TCK;
SDR 16 TDI (FD79);
RUNTEST 1800 TCK;
SDR 16 TDI (BFDF);
RUNTEST 1800 TCK;
SDR 16 TDI (FFFB);
RUNTEST 1800 TCK;
SDR 16 TDI (77FF);
RUNTEST 1800 TCK;
SDR 16 TDI (DFFF);
RUNTEST 1800 TCK;
SDR 16 TDI (BFFD);
RUNTEST 1800 TCK;
SDR 16 TDI (F7FF);
RUNTEST 1800 TCK;
SDR 16 TDI (7FFF);
RUNTEST 1800 TCK;
SDR 16 TDI (FFFF);
RUNTEST 1800 TCK;
SDR 16 TDI (BFFF);
RUNTEST 1800 TCK;
SDR 16 TDI (FEFF);
RUNTEST 1800 TCK;
SDR 16 TDI (7FFF);
RUNTEST 1800 TCK;
SDR 16 TDI (FBFD);
RUNTEST 1800 TCK;
SDR 16 TDI (96FF);
RUNTEST 1800 TCK;
SDR 16 TDI (F7FD);
RUNTEST 1800 TCK;
SDR 16 TDI (5FBB);
RUNTEST 1800 TCK;
SDR 16 TDI (7FFF);
RUNTEST 1800 TCK;
SDR 16 TDI (B6FF);
RUNTEST 1800 TCK;
SDR 16 TDI (DFCF);
RUNTEST 1800 TCK;
SDR 16 TDI (5FFF);
RUNTEST 1800 TCK;
SDR 16 TDI (F6EF);
RUNTEST 1800 TCK;
SDR 16 TDI (BF77);
RUNTEST 1800 TCK;
SDR 16 TDI (DBFD);
RUNTEST 1800 TCK;
SDR 16 TDI (7FFF);
RUNTEST 1800 TCK;
SDR 16 TDI (FFFF);
RUNTEST 1800 TCK;
SDR 16 TDI (8FFF);
RUNTEST 1800 TCK;
SDR 16 TDI (FFFF);
RUNTEST 1800 TCK;
SDR 16 TDI (5FFF);
RUNTEST 1800 TCK;
SDR 16 TDI (FFFD);
RUNTEST 1800 TCK;
SDR 16 TDI (B77F);
RUNTEST 1800 TCK;
SDR 16 TDI (7BFF);
RUNTEST 1800 TCK;
SDR 16 TDI (7FFF);
RUNTEST 1800 TCK;
SDR 16 TDI (7EF9);
RUNTEST 1800 TCK;
SDR 16 TDI (BF3F);
RUNTEST 1800 TCK;
SDR 16 TDI (FFFF);
RUNTEST 1800 TCK;
SDR 16 TDI (77FF);
RUNTEST 1800 TCK;
SDR 16 TDI (FFFF);
RUNTEST 1800 TCK;
SDR 16 TDI (9F75);
RUNTEST 1800 TCK;
SDR 16 TDI (FFFF);
RUNTEST 1800 TCK;
SDR 16 TDI (5FFF);
RUNTEST 1800 TCK;
SDR 16 TDI (FFFF);
RUNTEST 1800 TCK;
SDR 16 TDI (AFFF);
RUNTEST 1800 TCK;
SDR 16 TDI (FFFF);
RUNTEST 1800 TCK;
SDR 16 TDI (5FFF);
RUNTEST 1800 TCK;
SDR 16 TDI (FFFF);
RUNTEST 1800 TCK;
SDR 16 TDI (BFFF);
RUNTEST 1800 TCK;
SDR 16 TDI (FFFF);
RUNTEST 1800 TCK;
SDR 16 TDI (7FFF);
RUNTEST 1800 TCK;
SDR 16 TDI (FFBF);
RUNTEST 1800 TCK;
SDR 16 TDI (9FFF);
RUNTEST 1800 TCK;
SDR 16 TDI (BFDB);
RUNTEST 1800 TCK;
SDR 16 TDI (5FFF);
RUNTEST 1800 TCK;
SDR 16 TDI (D7FF);
RUNTEST 1800 TCK;
SDR 16 TDI (BFFF);
RUNTEST 1800 TCK;
SDR 16 TDI (CFBF);
RUNTEST 1800 TCK;
SDR 16 TDI (5FFF);
RUNTEST 1800 TCK;
SDR 16 TDI (FFFF);
RUNTEST 1800 TCK;
SDR 16 TDI (BFFF);
RUNTEST 1800 TCK;
SDR 16 TDI (FFFF);
RUNTEST 1800 TCK;
SDR 16 TDI (7FFF);
RUNTEST 1800 TCK;
SDR 16 TDI (FFFF);
RUNTEST 1800 TCK;
SDR 16 TDI (9FFF);
RUNTEST 1800 TCK;
SDR 16 TDI (FFFF);
RUNTEST 1800 TCK;
SDR 16 TDI (5FFF);
RUNTEST 1800 TCK;
SDR 16 TDI (FFFF);
RUNTEST 1800 TCK;
SDR 16 TDI (BFFF);
RUNTEST 1800 TCK;
SDR 16 TDI (F7FF);
RUNTEST 1800 TCK;
SDR 16 TDI (5DFB);
RUNTEST 1800 TCK;
SDR 16 TDI (FFFF);
RUNTEST 1800 TCK;
SDR 16 TDI (BFFF);
RUNTEST 1800 TCK;
SDR 16 TDI (FFFF);
RUNTEST 1800 TCK;
SDR 16 TDI (7FFF);
RUNTEST 1800 TCK;
SDR 16 TDI (FFFF);
RUNTEST 1800 TCK;
SDR 16 TDI (9FFE);
RUNTEST 1800 TCK;
SDR 16 TDI (FFFF);
RUNTEST 1800 TCK;
SDR 16 TDI (5FFB);
RUNTEST 1800 TCK;
SDR 16 TDI (F7DF);
RUNTEST 1800 TCK;
SDR 16 TDI (B7DF);
RUNTEST 1800 TCK;
SDR 16 TDI (FBFB);
RUNTEST 1800 TCK;
SDR 16 TDI (5FFF);
RUNTEST 1800 TCK;
SDR 16 TDI (FBFF);
RUNTEST 1800 TCK;
SDR 16 TDI (BFFF);
RUNTEST 1800 TCK;
SDR 16 TDI (FFDF);
RUNTEST 1800 TCK;
SDR 16 TDI (7FFF);
RUNTEST 1800 TCK;
SDR 16 TDI (DFBF);
RUNTEST 1800 TCK;
SDR 16 TDI (9FFF);
RUNTEST 1800 TCK;
SDR 16 TDI (FFFF);
RUNTEST 1800 TCK;
SDR 16 TDI (5FFF);
RUNTEST 1800 TCK;
SDR 16 TDI (FFFF);
RUNTEST 1800 TCK;
SDR 16 TDI (BFFD);
RUNTEST 1800 TCK;
SDR 16 TDI (FFFF);
RUNTEST 1800 TCK;
SDR 16 TDI (5FFF);
RUNTEST 1800 TCK;
SDR 16 TDI (FFFF);
RUNTEST 1800 TCK;
SDR 16 TDI (B6FF);
RUNTEST 1800 TCK;
SDR 16 TDI (F7FF);
RUNTEST 1800 TCK;
SDR 16 TDI (7EFF);
RUNTEST 1800 TCK;
SDR 16 TDI (E6FF);
RUNTEST 1800 TCK;
SDR 16 TDI (9FFF);
RUNTEST 1800 TCK;
SDR 16 TDI (F7FF);
RUNTEST 1800 TCK;
SDR 16 TDI (5EF7);
RUNTEST 1800 TCK;
SDR 16 TDI (FF7F);
RUNTEST 1800 TCK;
SDR 16 TDI (BFEE);
RUNTEST 1800 TCK;
SDR 16 TDI (FFFF);
RUNTEST 1800 TCK;
SDR 16 TDI (4BFF);
RUNTEST 1800 TCK;
SDR 16 TDI (FFFF);
RUNTEST 1800 TCK;
SDR 16 TDI (BFFF);
RUNTEST 1800 TCK;
SDR 16 TDI (FFFF);
RUNTEST 1800 TCK;
SDR 16 TDI (7FFB);
RUNTEST 1800 TCK;
SDR 16 TDI (EFDF);
RUNTEST 1800 TCK;
SDR 16 TDI (9FDF);
RUNTEST 1800 TCK;
SDR 16 TDI (FFF7);
RUNTEST 1800 TCK;
SDR 16 TDI (5FFF);
RUNTEST 1800 TCK;
SDR 16 TDI (FFFF);
RUNTEST 1800 TCK;
SDR 16 TDI (BFFF);
RUNTEST 1800 TCK;
SDR 16 TDI (FFBF);
RUNTEST 1800 TCK;
SDR 16 TDI (5FFF);
RUNTEST 1800 TCK;
SDR 16 TDI (DFFF);
RUNTEST 1800 TCK;
SDR 16 TDI (BFFF);
RUNTEST 1800 TCK;
SDR 16 TDI (FFFF);
RUNTEST 1800 TCK;
SDR 16 TDI (7FFF);
RUNTEST 1800 TCK;
SDR 16 TDI (FFFF);
RUNTEST 1800 TCK;
SDR 16 TDI (9FFF);
RUNTEST 1800 TCK;
SDR 16 TDI (FFFF);
RUNTEST 1800 TCK;
SDR 16 TDI (5FFF);
RUNTEST 1800 TCK;
SDR 16 TDI (FFFD);
RUNTEST 1800 TCK;
SDR 16 TDI (BFFF);
RUNTEST 1800 TCK;
SDR 16 TDI (FFFF);
RUNTEST 1800 TCK;
SDR 16 TDI (7FFF);
RUNTEST 1800 TCK;
SDR 16 TDI (E9FF);
RUNTEST 1800 TCK;
SDR 16 TDI (AFFF);
RUNTEST 1800 TCK;
SDR 16 TDI (FFBF);
RUNTEST 1800 TCK;
SDR 16 TDI (7FFB);
RUNTEST 1800 TCK;
SDR 16 TDI (FFFF);
RUNTEST 1800 TCK;
SDR 16 TDI (BFF7);
RUNTEST 1800 TCK;
SDR 16 TDI (FF7F);
RUNTEST 1800 TCK;
SDR 16 TDI (7FFF);
RUNTEST 1800 TCK;
SDR 16 TDI (FFFF);
RUNTEST 1800 TCK;
SDR 16 TDI (BFFF);
RUNTEST 1800 TCK;
SDR 16 TDI (7FFF);
RUNTEST 1800 TCK;
SDR 16 TDI (6FFF);
RUNTEST 1800 TCK;
SDR 16 TDI (FFFF);
RUNTEST 1800 TCK;
SDR 16 TDI (AFFD);
RUNTEST 1800 TCK;
SDR 16 TDI (F7FF);
RUNTEST 1800 TCK;
SDR 16 TDI (6F6E);
RUNTEST 1800 TCK;
SDR 16 TDI (AFDE);
RUNTEST 1800 TCK;
SDR 16 TDI (BFBF);
RUNTEST 1800 TCK;
SDR 16 TDI (FDFC);
RUNTEST 1800 TCK;
SDR 16 TDI (7F6F);
RUNTEST 1800 TCK;
SDR 16 TDI (FFDF);
RUNTEST 1800 TCK;
SDR 16 TDI (BFFD);
RUNTEST 1800 TCK;
SDR 16 TDI (FFDF);
RUNTEST 1800 TCK;
SDR 16 TDI (7FFF);
RUNTEST 1800 TCK;
SDR 16 TDI (FFFF);
RUNTEST 1800 TCK;
SDR 16 TDI (BFFF);
RUNTEST 1800 TCK;
SDR 16 TDI (FFFF);
RUNTEST 1800 TCK;
SDR 16 TDI (6FFF);
RUNTEST 1800 TCK;
SDR 16 TDI (FFFD);
RUNTEST 1800 TCK;
SDR 16 TDI (BFFD);
RUNTEST 1800 TCK;
SDR 16 TDI (F7FF);
RUNTEST 1800 TCK;
SDR 16 TDI (77F3);
RUNTEST 1800 TCK;
SDR 16 TDI (DFFD);
RUNTEST 1800 TCK;
SDR 16 TDI (AFBF);
RUNTEST 1800 TCK;
SDR 16 TDI (FDEF);
RUNTEST 1800 TCK;
SDR 16 TDI (7F7F);
RUNTEST 1800 TCK;
SDR 16 TDI (EFFF);
RUNTEST 1800 TCK;
SDR 16 TDI (BFF5);
RUNTEST 1800 TCK;
SDR 16 TDI (FB5F);
RUNTEST 1800 TCK;
SDR 16 TDI (7FFF);
RUNTEST 1800 TCK;
SDR 16 TDI (FFFF);
RUNTEST 1800 TCK;
SDR 16 TDI (9FFF);
RUNTEST 1800 TCK;
SDR 16 TDI (BFFF);
RUNTEST 1800 TCK;
SDR 16 TDI (5FFF);
RUNTEST 1800 TCK;
SDR 16 TDI (FFFE);
RUNTEST 1800 TCK;
SDR 16 TDI (BFFF);
RUNTEST 1800 TCK;
SDR 16 TDI (FFFF);
RUNTEST 1800 TCK;
SDR 16 TDI (7EFE);
RUNTEST 1800 TCK;
SDR 16 TDI (F6EF);
RUNTEST 1800 TCK;
SDR 16 TDI (BFFF);
RUNTEST 1800 TCK;
SDR 16 TDI (FFBD);
RUNTEST 1800 TCK;
SDR 16 TDI (6FD7);
RUNTEST 1800 TCK;
SDR 16 TDI (FFFF);
RUNTEST 1800 TCK;
SDR 16 TDI (9FFF);
RUNTEST 1800 TCK;
SDR 16 TDI (FFFF);
RUNTEST 1800 TCK;
SDR 16 TDI (5FFF);
RUNTEST 1800 TCK;
SDR 16 TDI (FFFF);
RUNTEST 1800 TCK;
SDR 16 TDI (AD5F);
RUNTEST 1800 TCK;
SDR 16 TDI (FFFF);
RUNTEST 1800 TCK;
SDR 16 TDI (7FFF);
RUNTEST 1800 TCK;
SDR 16 TDI (DFFF);
RUNTEST 1800 TCK;
SDR 16 TDI (BBFF);
RUNTEST 1800 TCK;
SDR 16 TDI (FFF7);
RUNTEST 1800 TCK;
SDR 16 TDI (6EEF);
RUNTEST 1800 TCK;
SDR 16 TDI (F9BF);
RUNTEST 1800 TCK;
SDR 16 TDI (BDFF);
RUNTEST 1800 TCK;
SDR 16 TDI (FDFF);
RUNTEST 1800 TCK;
SDR 16 TDI (6BFF);
RUNTEST 1800 TCK;
SDR 16 TDI (FFFF);
RUNTEST 1800 TCK;
SDR 16 TDI (BFFF);
RUNTEST 1800 TCK;
SDR 16 TDI (FFFD);
RUNTEST 1800 TCK;
SDR 16 TDI (7BFF);
RUNTEST 1800 TCK;
SDR 16 TDI (FFFF);
RUNTEST 1800 TCK;
SDR 16 TDI (ABFF);
RUNTEST 1800 TCK;
SDR 16 TDI (FF7F);
RUNTEST 1800 TCK;
SDR 16 TDI (7FFF);
RUNTEST 1800 TCK;
SDR 16 TDI (FFFE);
RUNTEST 1800 TCK;
SDR 16 TDI (BDFF);
RUNTEST 1800 TCK;
SDR 16 TDI (FFFE);
RUNTEST 1800 TCK;
SDR 16 TDI (7FDD);
RUNTEST 1800 TCK;
SDR 16 TDI (FFFF);
RUNTEST 1800 TCK;
SDR 16 TDI (AFFD);
RUNTEST 1800 TCK;
SDR 16 TDI (FF75);
RUNTEST 1800 TCK;
SDR 16 TDI (7EB9);
RUNTEST 1800 TCK;
SDR 16 TDI (6FAF);
RUNTEST 1800 TCK;
SDR 16 TDI (BAFA);
RUNTEST 1800 TCK;
SDR 16 TDI (B3FF);
RUNTEST 1800 TCK;
SDR 16 TDI (7FFF);
RUNTEST 1800 TCK;
SDR 16 TDI (FFFF);
RUNTEST 1800 TCK;
SDR 16 TDI (A95F);
RUNTEST 1800 TCK;
SDR 16 TDI (FFFF);
RUNTEST 1800 TCK;
SDR 16 TDI (7FFF);
RUNTEST 1800 TCK;
SDR 16 TDI (EFFE);
RUNTEST 1800 TCK;
SDR 16 TDI (BFAF);
RUNTEST 1800 TCK;
SDR 16 TDI (FFFE);
RUNTEST 1800 TCK;
SDR 16 TDI (7FDF);
RUNTEST 1800 TCK;
SDR 16 TDI (FFFB);
RUNTEST 1800 TCK;
SDR 16 TDI (AFFF);
RUNTEST 1800 TCK;
SDR 16 TDI (FF4F);
RUNTEST 1800 TCK;
SDR 16 TDI (7EDF);
RUNTEST 1800 TCK;
SDR 16 TDI (7EFF);
RUNTEST 1800 TCK;
SDR 16 TDI (BFFF);
RUNTEST 1800 TCK;
SDR 16 TDI (FFFD);
RUNTEST 1800 TCK;
SDR 16 TDI (7BFF);
RUNTEST 1800 TCK;
SDR 16 TDI (FFFF);
RUNTEST 1800 TCK;
SDR 16 TDI (AEFF);
RUNTEST 1800 TCK;
SDR 16 TDI (FFFF);
RUNTEST 1800 TCK;
SDR 16 TDI (7F7D);
RUNTEST 1800 TCK;
SDR 16 TDI (FFFF);
RUNTEST 1800 TCK;
SDR 16 TDI (BDFD);
RUNTEST 1800 TCK;
SDR 16 TDI (FFBF);
RUNTEST 1800 TCK;
SDR 16 TDI (6FEF);
RUNTEST 1800 TCK;
SDR 16 TDI (F77F);
RUNTEST 1800 TCK;
SDR 16 TDI (9BFF);
RUNTEST 1800 TCK;
SDR 16 TDI (FBFB);
RUNTEST 1800 TCK;
SDR 16 TDI (57FF);
RUNTEST 1800 TCK;
SDR 16 TDI (F77F);
RUNTEST 1800 TCK;
SDR 16 TDI (BFF7);
RUNTEST 1800 TCK;
SDR 16 TDI (FF7B);
RUNTEST 1800 TCK;
SDR 16 TDI (77FF);
RUNTEST 1800 TCK;
SDR 16 TDI (FFFF);
RUNTEST 1800 TCK;
SDR 16 TDI (BFFF);
RUNTEST 1800 TCK;
SDR 16 TDI (FFFF);
RUNTEST 1800 TCK;
SDR 16 TDI (7FFF);
RUNTEST 1800 TCK;
SDR 16 TDI (FFFF);
RUNTEST 1800 TCK;
SDR 16 TDI (97BF);
RUNTEST 1800 TCK;
SDR 16 TDI (FFFB);
RUNTEST 1800 TCK;
SDR 16 TDI (5FFC);
RUNTEST 1800 TCK;
SDR 16 TDI (FDFF);
RUNTEST 1800 TCK;
SDR 16 TDI (BFFF);
RUNTEST 1800 TCK;
SDR 16 TDI (F7FF);
RUNTEST 1800 TCK;
SDR 16 TDI (7FE7);
RUNTEST 1800 TCK;
SDR 16 TDI (DEFF);
RUNTEST 1800 TCK;
SDR 16 TDI (BB7F);
RUNTEST 1800 TCK;
SDR 16 TDI (FFFF);
RUNTEST 1800 TCK;
SDR 16 TDI (7FFF);
RUNTEST 1800 TCK;
SDR 16 TDI (FFFF);
RUNTEST 1800 TCK;
SDR 16 TDI (9FFF);
RUNTEST 1800 TCK;
SDR 16 TDI (FF7F);
RUNTEST 1800 TCK;
SDR 16 TDI (5FFF);
RUNTEST 1800 TCK;
SDR 16 TDI (FFFF);
RUNTEST 1800 TCK;
SDR 16 TDI (9FFF);
RUNTEST 1800 TCK;
SDR 16 TDI (EFFF);
RUNTEST 1800 TCK;
SDR 16 TDI (5AFF);
RUNTEST 1800 TCK;
SDR 16 TDI (DFEF);
RUNTEST 1800 TCK;
SDR 16 TDI (BEFF);
RUNTEST 1800 TCK;
SDR 16 TDI (FFFF);
RUNTEST 1800 TCK;
SDR 16 TDI (7FFF);
RUNTEST 1800 TCK;
SDR 16 TDI (FBEE);
RUNTEST 1800 TCK;
SDR 16 TDI (BFBB);
RUNTEST 1800 TCK;
SDR 16 TDI (DBFF);
RUNTEST 1800 TCK;
SDR 16 TDI (7FFF);
RUNTEST 1800 TCK;
SDR 16 TDI (FFFF);
RUNTEST 1800 TCK;
SDR 16 TDI (9FFF);
RUNTEST 1800 TCK;
SDR 16 TDI (FF7F);
RUNTEST 1800 TCK;
SDR 16 TDI (5FFF);
RUNTEST 1800 TCK;
SDR 16 TDI (FFFE);
RUNTEST 1800 TCK;
SDR 16 TDI (AFFF);
RUNTEST 1800 TCK;
SDR 16 TDI (DFFC);
RUNTEST 1800 TCK;
SDR 16 TDI (6E8F);
RUNTEST 1800 TCK;
SDR 16 TDI (FBEF);
RUNTEST 1800 TCK;
SDR 16 TDI (BFFF);
RUNTEST 1800 TCK;
SDR 16 TDI (F9DB);
RUNTEST 1800 TCK;
SDR 16 TDI (63F1);
RUNTEST 1800 TCK;
SDR 16 TDI (5E2F);
RUNTEST 1800 TCK;
SDR 16 TDI (9CAB);
RUNTEST 1800 TCK;
SDR 16 TDI (72FF);
RUNTEST 1800 TCK;
SDR 16 TDI (5FFF);
RUNTEST 1800 TCK;
SDR 16 TDI (FFFF);
RUNTEST 1800 TCK;
SDR 16 TDI (BDFF);
RUNTEST 1800 TCK;
SDR 16 TDI (FFBF);
RUNTEST 1800 TCK;
SDR 16 TDI (7F7F);
RUNTEST 1800 TCK;
SDR 16 TDI (DFFF);
RUNTEST 1800 TCK;
SDR 16 TDI (BA7F);
RUNTEST 1800 TCK;
SDR 16 TDI (FFBF);
RUNTEST 1800 TCK;
SDR 16 TDI (77F7);
RUNTEST 1800 TCK;
SDR 16 TDI (F63F);
RUNTEST 1800 TCK;
SDR 16 TDI (98FB);
RUNTEST 1800 TCK;
SDR 16 TDI (FFE7);
RUNTEST 1800 TCK;
SDR 16 TDI (5F5F);
RUNTEST 1800 TCK;
SDR 16 TDI (A9DF);
RUNTEST 1800 TCK;
SDR 16 TDI (BBFD);
RUNTEST 1800 TCK;
SDR 16 TDI (9DFA);
RUNTEST 1800 TCK;
SDR 16 TDI (77FF);
RUNTEST 1800 TCK;
SDR 16 TDI (FFFF);
RUNTEST 1800 TCK;
SDR 16 TDI (BFFF);
RUNTEST 1800 TCK;
SDR 16 TDI (FFFF);
RUNTEST 1800 TCK;
SDR 16 TDI (7FFB);
RUNTEST 1800 TCK;
SDR 16 TDI (F7FF);
RUNTEST 1800 TCK;
SDR 16 TDI (95AE);
RUNTEST 1800 TCK;
SDR 16 TDI (FFF3);
RUNTEST 1800 TCK;
SDR 16 TDI (5D78);
RUNTEST 1800 TCK;
SDR 16 TDI (DDFB);
RUNTEST 1800 TCK;
SDR 16 TDI (A7FF);
RUNTEST 1800 TCK;
SDR 16 TDI (EE7D);
RUNTEST 1800 TCK;
SDR 16 TDI (7CEF);
RUNTEST 1800 TCK;
SDR 16 TDI (F7FE);
RUNTEST 1800 TCK;
SDR 16 TDI (BF7F);
RUNTEST 1800 TCK;
SDR 16 TDI (FFFF);
RUNTEST 1800 TCK;
SDR 16 TDI (7FFF);
RUNTEST 1800 TCK;
SDR 16 TDI (FFFF);
RUNTEST 1800 TCK;
SDR 16 TDI (8B5F);
RUNTEST 1800 TCK;
SDR 16 TDI (FC3F);
RUNTEST 1800 TCK;
SDR 16 TDI (5DCB);
RUNTEST 1800 TCK;
SDR 16 TDI (FFFE);
RUNTEST 1800 TCK;
SDR 16 TDI (A32A);
RUNTEST 1800 TCK;
SDR 16 TDI (BEE0);
RUNTEST 1800 TCK;
SDR 16 TDI (7E0A);
RUNTEST 1800 TCK;
SDR 16 TDI (704A);
RUNTEST 1800 TCK;
SDR 16 TDI (BFF7);
RUNTEST 1800 TCK;
SDR 16 TDI (28B8);
RUNTEST 1800 TCK;
SDR 16 TDI (600A);
RUNTEST 1800 TCK;
SDR 16 TDI (74AF);
RUNTEST 1800 TCK;
SDR 16 TDI (9420);
RUNTEST 1800 TCK;
SDR 16 TDI (00F4);
RUNTEST 1800 TCK;
SDR 16 TDI (59FF);
RUNTEST 1800 TCK;
SDR 16 TDI (FFFF);
RUNTEST 1800 TCK;
SDR 16 TDI (A5FF);
RUNTEST 1800 TCK;
SDR 16 TDI (FC3F);
RUNTEST 1800 TCK;
SDR 16 TDI (7EEA);
RUNTEST 1800 TCK;
SDR 16 TDI (1FFE);
RUNTEST 1800 TCK;
SDR 16 TDI (A32A);
RUNTEST 1800 TCK;
SDR 16 TDI (8370);
RUNTEST 1800 TCK;
SDR 16 TDI (600A);
RUNTEST 1800 TCK;
SDR 16 TDI (100A);
RUNTEST 1800 TCK;
SDR 16 TDI (8A1F);
RUNTEST 1800 TCK;
SDR 16 TDI (A820);
RUNTEST 1800 TCK;
SDR 16 TDI (4000);
RUNTEST 1800 TCK;
SDR 16 TDI (A00D);
RUNTEST 1800 TCK;
SDR 16 TDI (B820);
RUNTEST 1800 TCK;
SDR 16 TDI (18FF);
RUNTEST 1800 TCK;
SDR 16 TDI (7DFF);
RUNTEST 1800 TCK;
SDR 16 TDI (FFFF);
RUNTEST 1800 TCK;
SDR 16 TDI (BF5F);
RUNTEST 1800 TCK;
SDR 16 TDI (FF3F);
RUNTEST 1800 TCK;
SDR 16 TDI (7FF3);
RUNTEST 1800 TCK;
SDR 16 TDI (E1FF);
RUNTEST 1800 TCK;
SDR 16 TDI (A366);
RUNTEST 1800 TCK;
SDR 16 TDI (7FF7);
RUNTEST 1800 TCK;
SDR 16 TDI (7E1A);
RUNTEST 1800 TCK;
SDR 16 TDI (7049);
RUNTEST 1800 TCK;
SDR 16 TDI (BBFF);
RUNTEST 1800 TCK;
SDR 16 TDI (CFF8);
RUNTEST 1800 TCK;
SDR 16 TDI (6000);
RUNTEST 1800 TCK;
SDR 16 TDI (841F);
RUNTEST 1800 TCK;
SDR 16 TDI (B9C6);
RUNTEST 1800 TCK;
SDR 16 TDI (7C74);
RUNTEST 1800 TCK;
SDR 16 TDI (7BFF);
RUNTEST 1800 TCK;
SDR 16 TDI (FFFF);
RUNTEST 1800 TCK;
SDR 16 TDI (BBFB);
RUNTEST 1800 TCK;
SDR 16 TDI (FF3F);
RUNTEST 1800 TCK;
SDR 16 TDI (7FF2);
RUNTEST 1800 TCK;
SDR 16 TDI (01FE);
RUNTEST 1800 TCK;
SDR 16 TDI (A326);
RUNTEST 1800 TCK;
SDR 16 TDI (43F0);
RUNTEST 1800 TCK;
SDR 16 TDI (6712);
RUNTEST 1800 TCK;
SDR 16 TDI (1209);
RUNTEST 1800 TCK;
SDR 16 TDI (AC1F);
RUNTEST 1800 TCK;
SDR 16 TDI (C801);
RUNTEST 1800 TCK;
SDR 16 TDI (78C0);
RUNTEST 1800 TCK;
SDR 16 TDI (098F);
RUNTEST 1800 TCK;
SDR 16 TDI (98C0);
RUNTEST 1800 TCK;
SDR 16 TDI (047F);
RUNTEST 1800 TCK;
SDR 16 TDI (5FFF);
RUNTEST 1800 TCK;
SDR 16 TDI (FFFF);
RUNTEST 1800 TCK;
SDR 16 TDI (BDFF);
RUNTEST 1800 TCK;
SDR 16 TDI (3333);
RUNTEST 1800 TCK;
SDR 16 TDI (63EE);
RUNTEST 1800 TCK;
SDR 16 TDI (E667);
RUNTEST 1800 TCK;
SDR 16 TDI (B33B);
RUNTEST 1800 TCK;
SDR 16 TDI (B9F3);
RUNTEST 1800 TCK;
SDR 16 TDI (6666);
RUNTEST 1800 TCK;
SDR 16 TDI (3C8E);
RUNTEST 1800 TCK;
SDR 16 TDI (B9CF);
RUNTEST 1800 TCK;
SDR 16 TDI (B9D9);
RUNTEST 1800 TCK;
SDR 16 TDI (71CC);
RUNTEST 1800 TCK;
SDR 16 TDI (CCE7);
RUNTEST 1800 TCK;
SDR 16 TDI (B9B9);
RUNTEST 1800 TCK;
SDR 16 TDI (9BFF);
RUNTEST 1800 TCK;
SDR 16 TDI (7FFF);
RUNTEST 1800 TCK;
SDR 16 TDI (FFFF);
RUNTEST 1800 TCK;
SDR 16 TDI (B9FF);
RUNTEST 1800 TCK;
SDR 16 TDI (7677);
RUNTEST 1800 TCK;
SDR 16 TDI (6946);
RUNTEST 1800 TCK;
SDR 16 TDI (6777);
RUNTEST 1800 TCK;
SDR 16 TDI (9733);
RUNTEST 1800 TCK;
SDR 16 TDI (30A9);
RUNTEST 1800 TCK;
SDR 16 TDI (4727);
RUNTEST 1800 TCK;
SDR 16 TDI (7DDC);
RUNTEST 1800 TCK;
SDR 16 TDI (B385);
RUNTEST 1800 TCK;
SDR 16 TDI (199D);
RUNTEST 1800 TCK;
SDR 16 TDI (7BDD);
RUNTEST 1800 TCK;
SDR 16 TDI (D9C2);
RUNTEST 1800 TCK;
SDR 16 TDI (B59C);
RUNTEST 1800 TCK;
SDR 16 TDI (D9FF);
RUNTEST 1800 TCK;
SDR 16 TDI (7FFF);
RUNTEST 1800 TCK;
SDR 16 TDI (FFFF);
RUNTEST 1800 TCK;
SDR 16 TDI (9FFB);
RUNTEST 1800 TCK;
SDR 16 TDI (FFFF);
RUNTEST 1800 TCK;
SDR 16 TDI (5FDF);
RUNTEST 1800 TCK;
SDR 16 TDI (FFFF);
RUNTEST 1800 TCK;
SDR 16 TDI (BBFF);
RUNTEST 1800 TCK;
SDR 16 TDI (FFEF);
RUNTEST 1800 TCK;
SDR 16 TDI (7FFF);
RUNTEST 1800 TCK;
SDR 16 TDI (FEFF);
RUNTEST 1800 TCK;
SDR 16 TDI (BFFF);
RUNTEST 1800 TCK;
SDR 16 TDI (7FFF);
RUNTEST 1800 TCK;
SDR 16 TDI (77EE);
RUNTEST 1800 TCK;
SDR 16 TDI (EFFF);
RUNTEST 1800 TCK;
SDR 16 TDI (B3FF);
RUNTEST 1800 TCK;
SDR 16 TDI (BFFF);
RUNTEST 1800 TCK;
SDR 16 TDI (7FFF);
RUNTEST 1800 TCK;
SDR 16 TDI (FFFF);
RUNTEST 1800 TCK;
SDR 16 TDI (BFFF);
RUNTEST 1800 TCK;
SDR 16 TDI (FFEF);
RUNTEST 1800 TCK;
SDR 16 TDI (5FFF);
RUNTEST 1800 TCK;
SDR 16 TDI (FFEF);
RUNTEST 1800 TCK;
SDR 16 TDI (BFED);
RUNTEST 1800 TCK;
SDR 16 TDI (FFFF);
RUNTEST 1800 TCK;
SDR 16 TDI (7EFD);
RUNTEST 1800 TCK;
SDR 16 TDI (7EB5);
RUNTEST 1800 TCK;
SDR 16 TDI (8FFF);
RUNTEST 1800 TCK;
SDR 16 TDI (FDFF);
RUNTEST 1800 TCK;
SDR 16 TDI (5FFF);
RUNTEST 1800 TCK;
SDR 16 TDI (FFFF);
RUNTEST 1800 TCK;
SDR 16 TDI (BFFF);
RUNTEST 1800 TCK;
SDR 16 TDI (FFFF);
RUNTEST 1800 TCK;
SDR 16 TDI (7FFF);
RUNTEST 1800 TCK;
SDR 16 TDI (FFFF);
RUNTEST 1800 TCK;
SDR 16 TDI (BFFF);
RUNTEST 1800 TCK;
SDR 16 TDI (FFF7);
RUNTEST 1800 TCK;
SDR 16 TDI (6FFF);
RUNTEST 1800 TCK;
SDR 16 TDI (FFFF);
RUNTEST 1800 TCK;
SDR 16 TDI (BFFF);
RUNTEST 1800 TCK;
SDR 16 TDI (D7FA);
RUNTEST 1800 TCK;
SDR 16 TDI (77F7);
RUNTEST 1800 TCK;
SDR 16 TDI (FFFF);
RUNTEST 1800 TCK;
SDR 16 TDI (BFFF);
RUNTEST 1800 TCK;
SDR 16 TDI (F7FF);
RUNTEST 1800 TCK;
SDR 16 TDI (5FFF);
RUNTEST 1800 TCK;
SDR 16 TDI (FFFF);
RUNTEST 1800 TCK;
SDR 16 TDI (BEFE);
RUNTEST 1800 TCK;
SDR 16 TDI (FFFD);
RUNTEST 1800 TCK;
SDR 16 TDI (7FFF);
RUNTEST 1800 TCK;
SDR 16 TDI (FFFF);
RUNTEST 1800 TCK;
SDR 16 TDI (AFFF);
RUNTEST 1800 TCK;
SDR 16 TDI (FFFF);
RUNTEST 1800 TCK;
SDR 16 TDI (6FFF);
RUNTEST 1800 TCK;
SDR 16 TDI (FFEF);
RUNTEST 1800 TCK;
SDR 16 TDI (BFED);
RUNTEST 1800 TCK;
SDR 16 TDI (FFF7);
RUNTEST 1800 TCK;
SDR 16 TDI (57FD);
RUNTEST 1800 TCK;
SDR 16 TDI (FFFF);
RUNTEST 1800 TCK;
SDR 16 TDI (AFFF);
RUNTEST 1800 TCK;
SDR 16 TDI (FFFF);
RUNTEST 1800 TCK;
SDR 16 TDI (7FFF);
RUNTEST 1800 TCK;
SDR 16 TDI (FFFF);
RUNTEST 1800 TCK;
SDR 16 TDI (BFFF);
RUNTEST 1800 TCK;
SDR 16 TDI (FFFF);
RUNTEST 1800 TCK;
SDR 16 TDI (7FFF);
RUNTEST 1800 TCK;
SDR 16 TDI (FFFF);
RUNTEST 1800 TCK;
SDR 16 TDI (AFFF);
RUNTEST 1800 TCK;
SDR 16 TDI (FFE7);
RUNTEST 1800 TCK;
SDR 16 TDI (5FFF);
RUNTEST 1800 TCK;
SDR 16 TDI (FFFF);
RUNTEST 1800 TCK;
SDR 16 TDI (BFFF);
RUNTEST 1800 TCK;
SDR 16 TDI (E7FE);
RUNTEST 1800 TCK;
SDR 16 TDI (7F76);
RUNTEST 1800 TCK;
SDR 16 TDI (FEBA);
RUNTEST 1800 TCK;
SDR 16 TDI (BFFF);
RUNTEST 1800 TCK;
SDR 16 TDI (EDFF);
RUNTEST 1800 TCK;
SDR 16 TDI (7FFF);
RUNTEST 1800 TCK;
SDR 16 TDI (FFFF);
RUNTEST 1800 TCK;
SDR 16 TDI (BFFF);
RUNTEST 1800 TCK;
SDR 16 TDI (FFFF);
RUNTEST 1800 TCK;
SDR 16 TDI (5FFF);
RUNTEST 1800 TCK;
SDR 16 TDI (FFFF);
RUNTEST 1800 TCK;
SDR 16 TDI (BFFF);
RUNTEST 1800 TCK;
SDR 16 TDI (7DFF);
RUNTEST 1800 TCK;
SDR 16 TDI (7FFF);
RUNTEST 1800 TCK;
SDR 16 TDI (EFFF);
RUNTEST 1800 TCK;
SDR 16 TDI (9FFF);
RUNTEST 1800 TCK;
SDR 16 TDI (FFFF);
RUNTEST 1800 TCK;
SDR 16 TDI (5FDE);
RUNTEST 1800 TCK;
SDR 16 TDI (FFFF);
RUNTEST 1800 TCK;
SDR 16 TDI (BFFF);
RUNTEST 1800 TCK;
SDR 16 TDI (FFF7);
RUNTEST 1800 TCK;
SDR 16 TDI (5FFF);
RUNTEST 1800 TCK;
SDR 16 TDI (FDFF);
RUNTEST 1800 TCK;
SDR 16 TDI (BFEF);
RUNTEST 1800 TCK;
SDR 16 TDI (FFFF);
RUNTEST 1800 TCK;
SDR 16 TDI (7FFF);
RUNTEST 1800 TCK;
SDR 16 TDI (FFFF);
RUNTEST 1800 TCK;
SDR 16 TDI (BFFF);
RUNTEST 1800 TCK;
SDR 16 TDI (FFFD);
RUNTEST 1800 TCK;
SDR 16 TDI (7FFD);
RUNTEST 1800 TCK;
SDR 16 TDI (FFFF);
RUNTEST 1800 TCK;
SDR 16 TDI (BFFF);
RUNTEST 1800 TCK;
SDR 16 TDI (DFFF);
RUNTEST 1800 TCK;
SDR 16 TDI (5FFF);
RUNTEST 1800 TCK;
SDR 16 TDI (E5FF);
RUNTEST 1800 TCK;
SDR 16 TDI (BFFF);
RUNTEST 1800 TCK;
SDR 16 TDI (FFFF);
RUNTEST 1800 TCK;
SDR 16 TDI (77FF);
RUNTEST 1800 TCK;
SDR 16 TDI (DFFF);
RUNTEST 1800 TCK;
SDR 16 TDI (BFFF);
RUNTEST 1800 TCK;
SDR 16 TDI (FFFF);
RUNTEST 1800 TCK;
SDR 16 TDI (7FFF);
RUNTEST 1800 TCK;
SDR 16 TDI (FFFF);
RUNTEST 1800 TCK;
SDR 16 TDI (BFFF);
RUNTEST 1800 TCK;
SDR 16 TDI (BDFF);
RUNTEST 1800 TCK;
SDR 16 TDI (5FFB);
RUNTEST 1800 TCK;
SDR 16 TDI (FFFF);
RUNTEST 1800 TCK;
SDR 16 TDI (BFFF);
RUNTEST 1800 TCK;
SDR 16 TDI (FFFF);
RUNTEST 1800 TCK;
SDR 16 TDI (7FFF);
RUNTEST 1800 TCK;
SDR 16 TDI (6BFF);
RUNTEST 1800 TCK;
SDR 16 TDI (BFFF);
RUNTEST 1800 TCK;
SDR 16 TDI (FFFF);
RUNTEST 1800 TCK;
SDR 16 TDI (7FFF);
RUNTEST 1800 TCK;
SDR 16 TDI (DDFF);
RUNTEST 1800 TCK;
SDR 16 TDI (BFF7);
RUNTEST 1800 TCK;
SDR 16 TDI (FFFF);
RUNTEST 1800 TCK;
SDR 16 TDI (5FFF);
RUNTEST 1800 TCK;
SDR 16 TDI (FFFF);
RUNTEST 1800 TCK;
SDR 16 TDI (BFFF);
RUNTEST 1800 TCK;
SDR 16 TDI (FFFE);
RUNTEST 1800 TCK;
SDR 16 TDI (7FFF);
RUNTEST 1800 TCK;
SDR 16 TDI (EFFF);
RUNTEST 1800 TCK;
SDR 16 TDI (BFFF);
RUNTEST 1800 TCK;
SDR 16 TDI (EFFF);
RUNTEST 1800 TCK;
SDR 16 TDI (7FBF);
RUNTEST 1800 TCK;
SDR 16 TDI (FDFF);
RUNTEST 1800 TCK;
SDR 16 TDI (BFFF);
RUNTEST 1800 TCK;
SDR 16 TDI (FFF7);
RUNTEST 1800 TCK;
SDR 16 TDI (5FFF);
RUNTEST 1800 TCK;
SDR 16 TDI (FFFF);
RUNTEST 1800 TCK;
SDR 16 TDI (BFFF);
RUNTEST 1800 TCK;
SDR 16 TDI (FFFF);
RUNTEST 1800 TCK;
SDR 16 TDI (7FFF);
RUNTEST 1800 TCK;
SDR 16 TDI (FFFF);
RUNTEST 1800 TCK;
SDR 16 TDI (BFFF);
RUNTEST 1800 TCK;
SDR 16 TDI (FFFE);
RUNTEST 1800 TCK;
SDR 16 TDI (7FFF);
RUNTEST 1800 TCK;
SDR 16 TDI (FEFF);
RUNTEST 1800 TCK;
SDR 16 TDI (BFFF);
RUNTEST 1800 TCK;
SDR 16 TDI (FFFF);
RUNTEST 1800 TCK;
SDR 16 TDI (5FFF);
RUNTEST 1800 TCK;
SDR 16 TDI (EFFF);
RUNTEST 1800 TCK;
SDR 16 TDI (BFFF);
RUNTEST 1800 TCK;
SDR 16 TDI (FFFF);
RUNTEST 1800 TCK;
SDR 16 TDI (7FFB);
RUNTEST 1800 TCK;
SDR 16 TDI (FFFF);
RUNTEST 1800 TCK;
SDR 16 TDI (BFFF);
RUNTEST 1800 TCK;
SDR 16 TDI (FFFF);
RUNTEST 1800 TCK;
SDR 16 TDI (7FFF);
RUNTEST 1800 TCK;
SDR 16 TDI (FFFF);
RUNTEST 1800 TCK;
SDR 16 TDI (BFFF);
RUNTEST 1800 TCK;
SDR 16 TDI (FFFF);
RUNTEST 1800 TCK;
SDR 16 TDI (57FF);
RUNTEST 1800 TCK;
SDR 16 TDI (FFFF);
RUNTEST 1800 TCK;
SDR 16 TDI (BFFF);
RUNTEST 1800 TCK;
SDR 16 TDI (FFFF);
RUNTEST 1800 TCK;
SDR 16 TDI (7FFF);
RUNTEST 1800 TCK;
SDR 16 TDI (EFFF);
RUNTEST 1800 TCK;
SDR 16 TDI (BFFF);
RUNTEST 1800 TCK;
SDR 16 TDI (FFFF);
RUNTEST 1800 TCK;
SDR 16 TDI (7FFF);
RUNTEST 1800 TCK;
SDR 16 TDI (FFFF);
RUNTEST 1800 TCK;
SDR 16 TDI (BFFF);
RUNTEST 1800 TCK;
SDR 16 TDI (FFFF);
RUNTEST 1800 TCK;
SDR 16 TDI (5FFF);
RUNTEST 1800 TCK;
SDR 16 TDI (FFFF);
RUNTEST 1800 TCK;
SDR 16 TDI (BFFF);
RUNTEST 1800 TCK;
SDR 16 TDI (FFFD);
RUNTEST 1800 TCK;
SDR 16 TDI (6FFF);
RUNTEST 1800 TCK;
SDR 16 TDI (FF7F);
RUNTEST 1800 TCK;
SDR 16 TDI (BFFF);
RUNTEST 1800 TCK;
SDR 16 TDI (FFFF);
RUNTEST 1800 TCK;
SDR 16 TDI (7FFF);
RUNTEST 1800 TCK;
SDR 16 TDI (FFFF);
RUNTEST 1800 TCK;
SDR 16 TDI (BFFF);
RUNTEST 1800 TCK;
SDR 16 TDI (FFFF);
RUNTEST 1800 TCK;
SDR 16 TDI (5FFF);
RUNTEST 1800 TCK;
SDR 16 TDI (FFFF);
RUNTEST 1800 TCK;
SDR 16 TDI (BFFF);
RUNTEST 1800 TCK;
SDR 16 TDI (FFFF);
RUNTEST 1800 TCK;
SDR 16 TDI (7FFF);
RUNTEST 1800 TCK;
SDR 16 TDI (FFFF);
RUNTEST 1800 TCK;
SDR 16 TDI (BFFF);
RUNTEST 1800 TCK;
SDR 16 TDI (FFFF);
RUNTEST 1800 TCK;
SDR 16 TDI (7FFF);
RUNTEST 1800 TCK;
SDR 16 TDI (FFFF);
RUNTEST 1800 TCK;
SDR 16 TDI (BFFF);
RUNTEST 1800 TCK;
SDR 16 TDI (FFFF);
RUNTEST 1800 TCK;
SDR 16 TDI (5FFF);
RUNTEST 1800 TCK;
SDR 16 TDI (FFFF);
RUNTEST 1800 TCK;
SDR 16 TDI (BFFF);
RUNTEST 1800 TCK;
SDR 16 TDI (FFFF);
RUNTEST 1800 TCK;
SDR 16 TDI (7FF7);
RUNTEST 1800 TCK;
SDR 16 TDI (FFFF);
RUNTEST 1800 TCK;
SDR 16 TDI (BFFF);
RUNTEST 1800 TCK;
SDR 16 TDI (FFFF);
RUNTEST 1800 TCK;
SDR 16 TDI (7FFF);
RUNTEST 1800 TCK;
SDR 16 TDI (FFFF);
RUNTEST 1800 TCK;
SDR 16 TDI (BFFF);
RUNTEST 1800 TCK;
SDR 16 TDI (FFFF);
RUNTEST 1800 TCK;
SDR 16 TDI (5FFF);
RUNTEST 1800 TCK;
SDR 16 TDI (FFFF);
RUNTEST 1800 TCK;
SDR 16 TDI (BFFF);
RUNTEST 1800 TCK;
SDR 16 TDI (FFFF);
RUNTEST 1800 TCK;
SDR 16 TDI (7FFF);
RUNTEST 1800 TCK;
SDR 16 TDI (FFFF);
RUNTEST 1800 TCK;
SDR 16 TDI (BFFF);
RUNTEST 1800 TCK;
SDR 16 TDI (FFFF);
RUNTEST 1800 TCK;
SDR 16 TDI (7FFF);
RUNTEST 1800 TCK;
SDR 16 TDI (FFFF);
RUNTEST 1800 TCK;
SDR 16 TDI (BFFF);
RUNTEST 1800 TCK;
SDR 16 TDI (FFFF);
RUNTEST 1800 TCK;
SDR 16 TDI (5FFF);
RUNTEST 1800 TCK;
SDR 16 TDI (FFFF);
RUNTEST 1800 TCK;
SDR 16 TDI (BFFF);
RUNTEST 1800 TCK;
SDR 16 TDI (FEDD);
RUNTEST 1800 TCK;
SDR 16 TDI (7FFF);
RUNTEST 1800 TCK;
SDR 16 TDI (FFFF);
RUNTEST 1800 TCK;
SDR 16 TDI (BFFF);
RUNTEST 1800 TCK;
SDR 16 TDI (FFFF);
RUNTEST 1800 TCK;
SDR 16 TDI (7FFF);
RUNTEST 1800 TCK;
SDR 16 TDI (FFFF);
RUNTEST 1800 TCK;
SDR 16 TDI (BFFF);
RUNTEST 1800 TCK;
SDR 16 TDI (FFFF);
RUNTEST 1800 TCK;
SDR 16 TDI (5FFF);
RUNTEST 1800 TCK;
SDR 16 TDI (FFFF);
RUNTEST 1800 TCK;
SDR 16 TDI (BFFF);
RUNTEST 1800 TCK;
SDR 16 TDI (FFFF);
RUNTEST 1800 TCK;
SDR 16 TDI (7FFF);
RUNTEST 1800 TCK;
SDR 16 TDI (FFFF);
RUNTEST 1800 TCK;
SDR 16 TDI (BFFF);
RUNTEST 1800 TCK;
SDR 16 TDI (FFFF);
RUNTEST 1800 TCK;
SDR 16 TDI (7FFF);
RUNTEST 1800 TCK;
SDR 16 TDI (FFFF);
RUNTEST 1800 TCK;
SDR 16 TDI (BFFF);
RUNTEST 1800 TCK;
SDR 16 TDI (FFFF);
RUNTEST 1800 TCK;
SDR 16 TDI (5FFF);
RUNTEST 1800 TCK;
SDR 16 TDI (FFFF);
RUNTEST 1800 TCK;
SDR 16 TDI (BFFF);
RUNTEST 1800 TCK;
SDR 16 TDI (FFFF);
RUNTEST 1800 TCK;
SDR 16 TDI (7FFF);
RUNTEST 1800 TCK;
SDR 16 TDI (F7FF);
RUNTEST 1800 TCK;
SDR 16 TDI (BFFF);
RUNTEST 1800 TCK;
SDR 16 TDI (FFFF);
RUNTEST 1800 TCK;
SDR 16 TDI (7FFF);
RUNTEST 1800 TCK;
SDR 16 TDI (FFFF);
RUNTEST 1800 TCK;
SDR 16 TDI (BFFF);
RUNTEST 1800 TCK;
SDR 16 TDI (FEEF);
RUNTEST 1800 TCK;
SDR 16 TDI (5FFF);
RUNTEST 1800 TCK;
SDR 16 TDI (FFFF);
RUNTEST 1800 TCK;
SDR 16 TDI (BFFF);
RUNTEST 1800 TCK;
SDR 16 TDI (FFFF);
RUNTEST 1800 TCK;
SDR 16 TDI (7FFF);
RUNTEST 1800 TCK;
SDR 16 TDI (FFFF);
RUNTEST 1800 TCK;
SDR 16 TDI (BFFF);
RUNTEST 1800 TCK;
SDR 16 TDI (FFFF);
RUNTEST 1800 TCK;
SDR 16 TDI (7FFF);
RUNTEST 1800 TCK;
SDR 16 TDI (FFFF);
RUNTEST 1800 TCK;
SDR 16 TDI (BFFF);
RUNTEST 1800 TCK;
SDR 16 TDI (FFFF);
RUNTEST 1800 TCK;
SDR 16 TDI (5FFF);
RUNTEST 1800 TCK;
SDR 16 TDI (FFFF);
RUNTEST 1800 TCK;
SDR 16 TDI (BFFF);
RUNTEST 1800 TCK;
SDR 16 TDI (FFFD);
RUNTEST 1800 TCK;
SDR 16 TDI (7FFF);
RUNTEST 1800 TCK;
SDR 16 TDI (FFFF);
RUNTEST 1800 TCK;
SDR 16 TDI (9FFF);
RUNTEST 1800 TCK;
SDR 16 TDI (FFFD);
RUNTEST 1800 TCK;
SDR 16 TDI (5BFF);
RUNTEST 1800 TCK;
SDR 16 TDI (FFFF);
RUNTEST 1800 TCK;
SDR 16 TDI (B7FF);
RUNTEST 1800 TCK;
SDR 16 TDI (FFFF);
RUNTEST 1800 TCK;
SDR 16 TDI (7FFF);
RUNTEST 1800 TCK;
SDR 16 TDI (939F);
RUNTEST 1800 TCK;
SDR 16 TDI (BCCF);
RUNTEST 1800 TCK;
SDR 16 TDI (FFFF);
RUNTEST 1800 TCK;
SDR 16 TDI (7FFF);
RUNTEST 1800 TCK;
SDR 16 TDI (FFFF);
RUNTEST 1800 TCK;
SDR 16 TDI (9FFF);
RUNTEST 1800 TCK;
SDR 16 TDI (FFFF);
RUNTEST 1800 TCK;
SDR 16 TDI (5FFB);
RUNTEST 1800 TCK;
SDR 16 TDI (BFFF);
RUNTEST 1800 TCK;
SDR 16 TDI (BFEE);
RUNTEST 1800 TCK;
SDR 16 TDI (EFFF);
RUNTEST 1800 TCK;
SDR 16 TDI (7FFF);
RUNTEST 1800 TCK;
SDR 16 TDI (FFFB);
RUNTEST 1800 TCK;
SDR 16 TDI (BF7F);
RUNTEST 1800 TCK;
SDR 16 TDI (EFFF);
RUNTEST 1800 TCK;
SDR 16 TDI (7FFF);
RUNTEST 1800 TCK;
SDR 16 TDI (FFFF);
RUNTEST 1800 TCK;
SDR 16 TDI (BFFF);
RUNTEST 1800 TCK;
SDR 16 TDI (FFFF);
RUNTEST 1800 TCK;
SDR 16 TDI (7FFF);
RUNTEST 1800 TCK;
SDR 16 TDI (FFFF);
RUNTEST 1800 TCK;
SDR 16 TDI (BFFC);
RUNTEST 1800 TCK;
SDR 16 TDI (F9E7);
RUNTEST 1800 TCK;
SDR 16 TDI (59F3);
RUNTEST 1800 TCK;
SDR 16 TDI (FFFE);
RUNTEST 1800 TCK;
SDR 16 TDI (AF9E);
RUNTEST 1800 TCK;
SDR 16 TDI (7CF9);
RUNTEST 1800 TCK;
SDR 16 TDI (7FFF);
RUNTEST 1800 TCK;
SDR 16 TDI (F3E7);
RUNTEST 1800 TCK;
SDR 16 TDI (93E7);
RUNTEST 1800 TCK;
SDR 16 TDI (FFFF);
RUNTEST 1800 TCK;
SDR 16 TDI (5FFE);
RUNTEST 1800 TCK;
SDR 16 TDI (7FFF);
RUNTEST 1800 TCK;
SDR 16 TDI (BFFF);
RUNTEST 1800 TCK;
SDR 16 TDI (FFFF);
RUNTEST 1800 TCK;
SDR 16 TDI (7FFF);
RUNTEST 1800 TCK;
SDR 16 TDI (FFFF);
RUNTEST 1800 TCK;
SDR 16 TDI (BFFF);
RUNTEST 1800 TCK;
SDR 16 TDI (FFFF);
RUNTEST 1800 TCK;
SDR 16 TDI (7FFF);
RUNTEST 1800 TCK;
SDR 16 TDI (FFFF);
RUNTEST 1800 TCK;
SDR 16 TDI (9FFF);
RUNTEST 1800 TCK;
SDR 16 TDI (FFFF);
RUNTEST 1800 TCK;
SDR 16 TDI (5FFF);
RUNTEST 1800 TCK;
SDR 16 TDI (FFFF);
RUNTEST 1800 TCK;
SDR 16 TDI (BFFF);
RUNTEST 1800 TCK;
SDR 16 TDI (FFFF);
RUNTEST 1800 TCK;
SDR 16 TDI (7FFF);
RUNTEST 1800 TCK;
SDR 16 TDI (FFFF);
RUNTEST 1800 TCK;
SDR 16 TDI (BFFF);
RUNTEST 1800 TCK;
SDR 16 TDI (FFFF);
RUNTEST 1800 TCK;
SDR 16 TDI (7FFF);
RUNTEST 1800 TCK;
SDR 16 TDI (FFFF);
RUNTEST 1800 TCK;
SDR 16 TDI (BFFF);
RUNTEST 1800 TCK;
SDR 16 TDI (FFFF);
RUNTEST 1800 TCK;
SDR 16 TDI (7FFF);
RUNTEST 1800 TCK;
SDR 16 TDI (FFFF);
RUNTEST 1800 TCK;
SDR 16 TDI (BFFF);
RUNTEST 1800 TCK;
SDR 16 TDI (FFFF);
RUNTEST 1800 TCK;
SDR 16 TDI (7FFF);
RUNTEST 1800 TCK;
SDR 16 TDI (FFFF);
RUNTEST 1800 TCK;
SDR 16 TDI (BFFF);
RUNTEST 1800 TCK;
SDR 16 TDI (FFFF);
RUNTEST 1800 TCK;
SDR 16 TDI (7FFF);
RUNTEST 1800 TCK;
SDR 16 TDI (FFFF);
RUNTEST 1800 TCK;
SDR 16 TDI (BFFF);
RUNTEST 1800 TCK;
SDR 16 TDI (FFFF);
RUNTEST 1800 TCK;
SDR 16 TDI (7FFF);
RUNTEST 1800 TCK;
SDR 16 TDI (FFFF);
RUNTEST 1800 TCK;
SDR 16 TDI (BFFF);
RUNTEST 1800 TCK;
SDR 16 TDI (FFFF);
RUNTEST 1800 TCK;
SDR 16 TDI (7FFF);
RUNTEST 1800 TCK;
SDR 16 TDI (FFFF);
RUNTEST 1800 TCK;
SDR 16 TDI (BFFF);
RUNTEST 1800 TCK;
SDR 16 TDI (FFFF);
RUNTEST 1800 TCK;
SDR 16 TDI (7FFF);
RUNTEST 1800 TCK;
SDR 16 TDI (FFFF);
RUNTEST 1800 TCK;
SDR 16 TDI (BFFF);
RUNTEST 1800 TCK;
SDR 16 TDI (FFFF);
RUNTEST 1800 TCK;
SDR 16 TDI (7FFF);
RUNTEST 1800 TCK;
SDR 16 TDI (FFFF);
RUNTEST 1800 TCK;
SDR 16 TDI (BFFF);
RUNTEST 1800 TCK;
SDR 16 TDI (FFFF);
RUNTEST 1800 TCK;
SDR 16 TDI (7FFF);
RUNTEST 1800 TCK;
SDR 16 TDI (FFFF);
RUNTEST 1800 TCK;
SDR 16 TDI (BFFF);
RUNTEST 1800 TCK;
SDR 16 TDI (FFFF);
RUNTEST 1800 TCK;
SDR 16 TDI (7FFF);
RUNTEST 1800 TCK;
SDR 16 TDI (FFFF);
RUNTEST 1800 TCK;
SDR 16 TDI (BFFF);
RUNTEST 1800 TCK;
SDR 16 TDI (FFFF);
RUNTEST 1800 TCK;
SDR 16 TDI (7FFF);
RUNTEST 1800 TCK;
SDR 16 TDI (FFFF);
RUNTEST 1800 TCK;
SDR 16 TDI (BFFF);
RUNTEST 1800 TCK;
SDR 16 TDI (FFFF);
RUNTEST 1800 TCK;
SDR 16 TDI (7FFF);
RUNTEST 1800 TCK;
SDR 16 TDI (FFFF);
RUNTEST 1800 TCK;
SDR 16 TDI (BFFF);
RUNTEST 1800 TCK;
SDR 16 TDI (FFFF);
RUNTEST 1800 TCK;
SDR 16 TDI (7FFF);
RUNTEST 1800 TCK;
SDR 16 TDI (FFFF);
RUNTEST 1800 TCK;
SDR 16 TDI (BFFF);
RUNTEST 1800 TCK;
SDR 16 TDI (FFFF);
RUNTEST 1800 TCK;
SDR 16 TDI (7FFF);
RUNTEST 1800 TCK;
SDR 16 TDI (FFFF);
RUNTEST 1800 TCK;
SDR 16 TDI (BFFF);
RUNTEST 1800 TCK;
SDR 16 TDI (FFFF);
RUNTEST 1800 TCK;
SDR 16 TDI (7FFF);
RUNTEST 1800 TCK;
SDR 16 TDI (FFFF);
RUNTEST 1800 TCK;
SDR 16 TDI (BFFF);
RUNTEST 1800 TCK;
SDR 16 TDI (FFFF);
RUNTEST 1800 TCK;
SDR 16 TDI (7FFF);
RUNTEST 1800 TCK;
SDR 16 TDI (FFFF);
RUNTEST 1800 TCK;
SDR 16 TDI (BFFF);
RUNTEST 1800 TCK;
SDR 16 TDI (FFFF);
RUNTEST 1800 TCK;
SDR 16 TDI (7FFF);
RUNTEST 1800 TCK;
SDR 16 TDI (FFFF);
RUNTEST 1800 TCK;
SDR 16 TDI (BFFF);
RUNTEST 1800 TCK;
SDR 16 TDI (FFFF);
RUNTEST 1800 TCK;
SDR 16 TDI (7FFF);
RUNTEST 1800 TCK;
SDR 16 TDI (FFFF);
RUNTEST 1800 TCK;
SDR 16 TDI (BFFF);
RUNTEST 1800 TCK;
SDR 16 TDI (FFFF);
RUNTEST 1800 TCK;
SDR 16 TDI (7FFF);
RUNTEST 1800 TCK;
SDR 16 TDI (FFFF);
RUNTEST 1800 TCK;
SDR 16 TDI (BFFF);
RUNTEST 1800 TCK;
SDR 16 TDI (FFFF);
RUNTEST 1800 TCK;
SDR 16 TDI (7FFF);
RUNTEST 1800 TCK;
SDR 16 TDI (FFFF);
RUNTEST 1800 TCK;
SDR 16 TDI (BFFF);
RUNTEST 1800 TCK;
SDR 16 TDI (FFFF);
RUNTEST 1800 TCK;
SDR 16 TDI (7FFF);
RUNTEST 1800 TCK;
SDR 16 TDI (FFFF);
RUNTEST 1800 TCK;
SDR 16 TDI (BFFF);
RUNTEST 1800 TCK;
SDR 16 TDI (FFFF);
RUNTEST 1800 TCK;
SDR 16 TDI (7FFF);
RUNTEST 1800 TCK;
SDR 16 TDI (FFFF);
RUNTEST 1800 TCK;
SDR 16 TDI (BFFF);
RUNTEST 1800 TCK;
SDR 16 TDI (FFFF);
RUNTEST 1800 TCK;
SDR 16 TDI (7FFF);
RUNTEST 1800 TCK;
SDR 16 TDI (FFFF);
RUNTEST 1800 TCK;
SDR 16 TDI (BFFF);
RUNTEST 1800 TCK;
SDR 16 TDI (FFFF);
RUNTEST 1800 TCK;
SDR 16 TDI (7FFF);
RUNTEST 1800 TCK;
SDR 16 TDI (FFFF);
RUNTEST 1800 TCK;
SDR 16 TDI (BFFF);
RUNTEST 1800 TCK;
SDR 16 TDI (FFFF);
RUNTEST 1800 TCK;
SDR 16 TDI (7FFF);
RUNTEST 1800 TCK;
SDR 16 TDI (FFFF);
RUNTEST 1800 TCK;
SDR 16 TDI (BFFF);
RUNTEST 1800 TCK;
SDR 16 TDI (FFFF);
RUNTEST 1800 TCK;
SDR 16 TDI (7FFF);
RUNTEST 1800 TCK;
SDR 16 TDI (FFFF);
RUNTEST 1800 TCK;
SDR 16 TDI (BFFF);
RUNTEST 1800 TCK;
SDR 16 TDI (FFFF);
RUNTEST 1800 TCK;
SDR 16 TDI (7FFF);
RUNTEST 1800 TCK;
SDR 16 TDI (FFFF);
RUNTEST 1800 TCK;
SDR 16 TDI (BFFF);
RUNTEST 1800 TCK;
SDR 16 TDI (FFFF);
RUNTEST 1800 TCK;
SDR 16 TDI (7FFF);
RUNTEST 1800 TCK;
SDR 16 TDI (FFFF);
RUNTEST 1800 TCK;
SDR 16 TDI (BFFF);
RUNTEST 1800 TCK;
SDR 16 TDI (FFFF);
RUNTEST 1800 TCK;
SDR 16 TDI (7FFF);
RUNTEST 1800 TCK;
SDR 16 TDI (FFFF);
RUNTEST 1800 TCK;
SDR 16 TDI (BFFF);
RUNTEST 1800 TCK;
SDR 16 TDI (FFFF);
RUNTEST 1800 TCK;
SDR 16 TDI (7FFF);
RUNTEST 1800 TCK;
SDR 16 TDI (FFFF);
RUNTEST 1800 TCK;
SDR 16 TDI (BFFF);
RUNTEST 1800 TCK;
SDR 16 TDI (FFFF);
RUNTEST 1800 TCK;
SDR 16 TDI (7FFF);
RUNTEST 1800 TCK;
SDR 16 TDI (FFFF);
RUNTEST 1800 TCK;
SDR 16 TDI (BFFF);
RUNTEST 1800 TCK;
SDR 16 TDI (FFFF);
RUNTEST 1800 TCK;
SDR 16 TDI (7FFF);
RUNTEST 1800 TCK;
SDR 16 TDI (FFFF);
RUNTEST 1800 TCK;
SDR 16 TDI (BFFF);
RUNTEST 1800 TCK;
SDR 16 TDI (FFFF);
RUNTEST 1800 TCK;
SDR 16 TDI (7FFF);
RUNTEST 1800 TCK;
SDR 16 TDI (FFFF);
RUNTEST 1800 TCK;
SDR 16 TDI (BFFF);
RUNTEST 1800 TCK;
SDR 16 TDI (FFFF);
RUNTEST 1800 TCK;
SDR 16 TDI (7FFF);
RUNTEST 1800 TCK;
SDR 16 TDI (FFFF);
RUNTEST 1800 TCK;
SDR 16 TDI (BFFF);
RUNTEST 1800 TCK;
SDR 16 TDI (FFFF);
RUNTEST 1800 TCK;
SDR 16 TDI (7FFF);
RUNTEST 1800 TCK;
SDR 16 TDI (FFFF);
RUNTEST 1800 TCK;
SDR 16 TDI (BFFF);
RUNTEST 1800 TCK;
SDR 16 TDI (FFFF);
RUNTEST 1800 TCK;
SDR 16 TDI (7FFF);
RUNTEST 1800 TCK;
SDR 16 TDI (FFFF);
RUNTEST 1800 TCK;
SDR 16 TDI (BFFF);
RUNTEST 1800 TCK;
SDR 16 TDI (FFFF);
RUNTEST 1800 TCK;
SDR 16 TDI (7FFF);
RUNTEST 1800 TCK;
SDR 16 TDI (FFFF);
RUNTEST 1800 TCK;
SDR 16 TDI (BFFF);
RUNTEST 1800 TCK;
SDR 16 TDI (FFFF);
RUNTEST 1800 TCK;
SDR 16 TDI (7FFF);
RUNTEST 1800 TCK;
SDR 16 TDI (FFFF);
RUNTEST 1800 TCK;
SDR 16 TDI (BFFF);
RUNTEST 1800 TCK;
SDR 16 TDI (FFFF);
RUNTEST 1800 TCK;
SDR 16 TDI (7FFF);
RUNTEST 1800 TCK;
SDR 16 TDI (FFFF);
RUNTEST 1800 TCK;
SDR 16 TDI (BFFF);
RUNTEST 1800 TCK;
SDR 16 TDI (FFFF);
RUNTEST 1800 TCK;
SDR 16 TDI (7FFF);
RUNTEST 1800 TCK;
SDR 16 TDI (FFFF);
RUNTEST 1800 TCK;
SDR 16 TDI (BFFF);
RUNTEST 1800 TCK;
SDR 16 TDI (FFFF);
RUNTEST 1800 TCK;
SDR 16 TDI (7FFF);
RUNTEST 1800 TCK;
SDR 16 TDI (FFFF);
RUNTEST 1800 TCK;
SDR 16 TDI (BFFF);
RUNTEST 1800 TCK;
SDR 16 TDI (FFFF);
RUNTEST 1800 TCK;
SDR 16 TDI (7FFF);
RUNTEST 1800 TCK;
SDR 16 TDI (FFFF);
RUNTEST 1800 TCK;
SDR 16 TDI (BFFF);
RUNTEST 1800 TCK;
SDR 16 TDI (FFFF);
RUNTEST 1800 TCK;
SDR 16 TDI (7FFF);
RUNTEST 1800 TCK;
SDR 16 TDI (FFFF);
RUNTEST 1800 TCK;
SDR 16 TDI (BFFF);
RUNTEST 1800 TCK;
SDR 16 TDI (FFFF);
RUNTEST 1800 TCK;
SDR 16 TDI (7FFF);
RUNTEST 1800 TCK;
SDR 16 TDI (FFFF);
RUNTEST 1800 TCK;
SDR 16 TDI (BFFF);
RUNTEST 1800 TCK;
SDR 16 TDI (FFFF);
RUNTEST 1800 TCK;
SDR 16 TDI (7FFF);
RUNTEST 1800 TCK;
SDR 16 TDI (FFFF);
RUNTEST 1800 TCK;
SDR 16 TDI (BFFF);
RUNTEST 1800 TCK;
SDR 16 TDI (FFFF);
RUNTEST 1800 TCK;
SDR 16 TDI (7FFF);
RUNTEST 1800 TCK;
SDR 16 TDI (FFFF);
RUNTEST 1800 TCK;
SDR 16 TDI (BFFF);
RUNTEST 1800 TCK;
SDR 16 TDI (FFFF);
RUNTEST 1800 TCK;
SDR 16 TDI (7FFF);
RUNTEST 1800 TCK;
SDR 16 TDI (FFFF);
RUNTEST 1800 TCK;
SDR 16 TDI (BFFF);
RUNTEST 1800 TCK;
SDR 16 TDI (FFFF);
RUNTEST 1800 TCK;
SDR 16 TDI (7FFF);
RUNTEST 1800 TCK;
SDR 16 TDI (FFFF);
RUNTEST 1800 TCK;
SDR 16 TDI (BFFF);
RUNTEST 1800 TCK;
SDR 16 TDI (FFFF);
RUNTEST 1800 TCK;
SDR 16 TDI (7FFF);
RUNTEST 1800 TCK;
SDR 16 TDI (FFFF);
RUNTEST 1800 TCK;
SDR 16 TDI (BFFF);
RUNTEST 1800 TCK;
SDR 16 TDI (FFFF);
RUNTEST 1800 TCK;
SDR 16 TDI (7FFF);
RUNTEST 1800 TCK;
SDR 16 TDI (FFFF);
RUNTEST 1800 TCK;
SDR 16 TDI (BFFF);
RUNTEST 1800 TCK;
SDR 16 TDI (FFFF);
RUNTEST 1800 TCK;
SDR 16 TDI (7FFF);
RUNTEST 1800 TCK;
SDR 16 TDI (FFFF);
RUNTEST 1800 TCK;
SDR 16 TDI (BFFF);
RUNTEST 1800 TCK;
SDR 16 TDI (FFFF);
RUNTEST 1800 TCK;
SDR 16 TDI (7FFF);
RUNTEST 1800 TCK;
SDR 16 TDI (FFFF);
RUNTEST 1800 TCK;
SDR 16 TDI (BFFF);
RUNTEST 1800 TCK;
SDR 16 TDI (FFFF);
RUNTEST 1800 TCK;
SIR 10 TDI (203);
RUNTEST 93 TCK;
SDR 13 TDI (0001);
SIR 10 TDI (2F4);
RUNTEST 93 TCK;
SDR 16 TDI (FFFF);
RUNTEST 1800 TCK;
SDR 16 TDI (FFFF);
RUNTEST 1800 TCK;
SDR 16 TDI (FFFF);
RUNTEST 1800 TCK;
SDR 16 TDI (FFFF);
RUNTEST 1800 TCK;
SDR 16 TDI (FFFF);
RUNTEST 1800 TCK;
SDR 16 TDI (FFFF);
RUNTEST 1800 TCK;
SDR 16 TDI (FFFF);
RUNTEST 1800 TCK;
SDR 16 TDI (FFFF);
RUNTEST 1800 TCK;
SDR 16 TDI (FFFF);
RUNTEST 1800 TCK;
SDR 16 TDI (FFFF);
RUNTEST 1800 TCK;
SDR 16 TDI (FFFF);
RUNTEST 1800 TCK;
SDR 16 TDI (FFFF);
RUNTEST 1800 TCK;
SDR 16 TDI (FFFF);
RUNTEST 1800 TCK;
SDR 16 TDI (FFFF);
RUNTEST 1800 TCK;
SDR 16 TDI (FFFF);
RUNTEST 1800 TCK;
SDR 16 TDI (FFFF);
RUNTEST 1800 TCK;
SDR 16 TDI (FFFF);
RUNTEST 1800 TCK;
SDR 16 TDI (FFFF);
RUNTEST 1800 TCK;
SDR 16 TDI (FFFF);
RUNTEST 1800 TCK;
SDR 16 TDI (FFFF);
RUNTEST 1800 TCK;
SDR 16 TDI (FFFF);
RUNTEST 1800 TCK;
SDR 16 TDI (FFFF);
RUNTEST 1800 TCK;
SDR 16 TDI (FFFF);
RUNTEST 1800 TCK;
SDR 16 TDI (FFFF);
RUNTEST 1800 TCK;
SDR 16 TDI (FFFF);
RUNTEST 1800 TCK;
SDR 16 TDI (FFFF);
RUNTEST 1800 TCK;
SDR 16 TDI (FFFF);
RUNTEST 1800 TCK;
SDR 16 TDI (FFFF);
RUNTEST 1800 TCK;
SDR 16 TDI (FFFF);
RUNTEST 1800 TCK;
SDR 16 TDI (FFFF);
RUNTEST 1800 TCK;
SDR 16 TDI (FFFF);
RUNTEST 1800 TCK;
SDR 16 TDI (FFFF);
RUNTEST 1800 TCK;
SDR 16 TDI (FFFF);
RUNTEST 1800 TCK;
SDR 16 TDI (FFFF);
RUNTEST 1800 TCK;
SDR 16 TDI (FFFF);
RUNTEST 1800 TCK;
SDR 16 TDI (FFFF);
RUNTEST 1800 TCK;
SDR 16 TDI (FFFF);
RUNTEST 1800 TCK;
SDR 16 TDI (FFFF);
RUNTEST 1800 TCK;
SDR 16 TDI (FFFF);
RUNTEST 1800 TCK;
SDR 16 TDI (FFFF);
RUNTEST 1800 TCK;
SDR 16 TDI (FFFF);
RUNTEST 1800 TCK;
SDR 16 TDI (FFFF);
RUNTEST 1800 TCK;
SDR 16 TDI (FFFF);
RUNTEST 1800 TCK;
SDR 16 TDI (FFFF);
RUNTEST 1800 TCK;
SDR 16 TDI (FFFF);
RUNTEST 1800 TCK;
SDR 16 TDI (FFFF);
RUNTEST 1800 TCK;
SDR 16 TDI (FFFF);
RUNTEST 1800 TCK;
SDR 16 TDI (FFFF);
RUNTEST 1800 TCK;
SDR 16 TDI (FFFF);
RUNTEST 1800 TCK;
SDR 16 TDI (FFFF);
RUNTEST 1800 TCK;
SDR 16 TDI (FFFF);
RUNTEST 1800 TCK;
SDR 16 TDI (FFFF);
RUNTEST 1800 TCK;
SDR 16 TDI (FFFF);
RUNTEST 1800 TCK;
SDR 16 TDI (FFFF);
RUNTEST 1800 TCK;
SDR 16 TDI (FFFF);
RUNTEST 1800 TCK;
SDR 16 TDI (FFFF);
RUNTEST 1800 TCK;
SDR 16 TDI (FFFF);
RUNTEST 1800 TCK;
SDR 16 TDI (FFFF);
RUNTEST 1800 TCK;
SDR 16 TDI (FFFF);
RUNTEST 1800 TCK;
SDR 16 TDI (FFFF);
RUNTEST 1800 TCK;
SDR 16 TDI (FFFF);
RUNTEST 1800 TCK;
SDR 16 TDI (FFFF);
RUNTEST 1800 TCK;
SDR 16 TDI (FFFF);
RUNTEST 1800 TCK;
SDR 16 TDI (FFFF);
RUNTEST 1800 TCK;
SDR 16 TDI (FFFF);
RUNTEST 1800 TCK;
SDR 16 TDI (FFFF);
RUNTEST 1800 TCK;
SDR 16 TDI (FFFF);
RUNTEST 1800 TCK;
SDR 16 TDI (FFFF);
RUNTEST 1800 TCK;
SDR 16 TDI (FFFF);
RUNTEST 1800 TCK;
SDR 16 TDI (FFFF);
RUNTEST 1800 TCK;
SDR 16 TDI (FFFF);
RUNTEST 1800 TCK;
SDR 16 TDI (FFFF);
RUNTEST 1800 TCK;
SDR 16 TDI (FFFF);
RUNTEST 1800 TCK;
SDR 16 TDI (FFFF);
RUNTEST 1800 TCK;
SDR 16 TDI (FFFF);
RUNTEST 1800 TCK;
SDR 16 TDI (FFFF);
RUNTEST 1800 TCK;
SDR 16 TDI (FFFF);
RUNTEST 1800 TCK;
SDR 16 TDI (FFFF);
RUNTEST 1800 TCK;
SDR 16 TDI (FFFF);
RUNTEST 1800 TCK;
SDR 16 TDI (FFFF);
RUNTEST 1800 TCK;
SDR 16 TDI (FFFF);
RUNTEST 1800 TCK;
SDR 16 TDI (FFFF);
RUNTEST 1800 TCK;
SDR 16 TDI (FFFF);
RUNTEST 1800 TCK;
SDR 16 TDI (FFFF);
RUNTEST 1800 TCK;
SDR 16 TDI (FFFF);
RUNTEST 1800 TCK;
SDR 16 TDI (FFFF);
RUNTEST 1800 TCK;
SDR 16 TDI (FFFF);
RUNTEST 1800 TCK;
SDR 16 TDI (FFFF);
RUNTEST 1800 TCK;
SDR 16 TDI (FFFF);
RUNTEST 1800 TCK;
SDR 16 TDI (FFFF);
RUNTEST 1800 TCK;
SDR 16 TDI (FFFF);
RUNTEST 1800 TCK;
SDR 16 TDI (FFFF);
RUNTEST 1800 TCK;
SDR 16 TDI (FFFF);
RUNTEST 1800 TCK;
SDR 16 TDI (FFFF);
RUNTEST 1800 TCK;
SDR 16 TDI (FFFF);
RUNTEST 1800 TCK;
SDR 16 TDI (FFFF);
RUNTEST 1800 TCK;
SDR 16 TDI (FFFF);
RUNTEST 1800 TCK;
SDR 16 TDI (FFFF);
RUNTEST 1800 TCK;
SDR 16 TDI (FFFF);
RUNTEST 1800 TCK;
SDR 16 TDI (FFFF);
RUNTEST 1800 TCK;
SDR 16 TDI (FFFF);
RUNTEST 1800 TCK;
SDR 16 TDI (FFFF);
RUNTEST 1800 TCK;
SDR 16 TDI (FFFF);
RUNTEST 1800 TCK;
SDR 16 TDI (FFFF);
RUNTEST 1800 TCK;
SDR 16 TDI (FFFF);
RUNTEST 1800 TCK;
SDR 16 TDI (FFFF);
RUNTEST 1800 TCK;
SDR 16 TDI (FFFF);
RUNTEST 1800 TCK;
SDR 16 TDI (FFFF);
RUNTEST 1800 TCK;
SDR 16 TDI (FFFF);
RUNTEST 1800 TCK;
SDR 16 TDI (FFFF);
RUNTEST 1800 TCK;
SDR 16 TDI (FFFF);
RUNTEST 1800 TCK;
SDR 16 TDI (FFFF);
RUNTEST 1800 TCK;
SDR 16 TDI (FFFF);
RUNTEST 1800 TCK;
SDR 16 TDI (FFFF);
RUNTEST 1800 TCK;
SDR 16 TDI (FFFF);
RUNTEST 1800 TCK;
SDR 16 TDI (FFFF);
RUNTEST 1800 TCK;
SDR 16 TDI (FFFF);
RUNTEST 1800 TCK;
SDR 16 TDI (FFFF);
RUNTEST 1800 TCK;
SDR 16 TDI (FFFF);
RUNTEST 1800 TCK;
SDR 16 TDI (FFFF);
RUNTEST 1800 TCK;
SDR 16 TDI (FFFF);
RUNTEST 1800 TCK;
SDR 16 TDI (FFFF);
RUNTEST 1800 TCK;
SDR 16 TDI (FFFF);
RUNTEST 1800 TCK;
SDR 16 TDI (FFFF);
RUNTEST 1800 TCK;
SDR 16 TDI (FFFF);
RUNTEST 1800 TCK;
SDR 16 TDI (FFFF);
RUNTEST 1800 TCK;
SDR 16 TDI (FFFF);
RUNTEST 1800 TCK;
SDR 16 TDI (FFFF);
RUNTEST 1800 TCK;
SDR 16 TDI (FFFF);
RUNTEST 1800 TCK;
SDR 16 TDI (FFFF);
RUNTEST 1800 TCK;
SDR 16 TDI (FFFF);
RUNTEST 1800 TCK;
SDR 16 TDI (FFFF);
RUNTEST 1800 TCK;
SDR 16 TDI (FFFF);
RUNTEST 1800 TCK;
SDR 16 TDI (FFFF);
RUNTEST 1800 TCK;
SDR 16 TDI (FFFF);
RUNTEST 1800 TCK;
SDR 16 TDI (FFFF);
RUNTEST 1800 TCK;
SDR 16 TDI (FFFF);
RUNTEST 1800 TCK;
SDR 16 TDI (FFFF);
RUNTEST 1800 TCK;
SDR 16 TDI (FFFF);
RUNTEST 1800 TCK;
SDR 16 TDI (FFFF);
RUNTEST 1800 TCK;
SDR 16 TDI (FFFF);
RUNTEST 1800 TCK;
SDR 16 TDI (FFFF);
RUNTEST 1800 TCK;
SDR 16 TDI (FFFF);
RUNTEST 1800 TCK;
SDR 16 TDI (FFFF);
RUNTEST 1800 TCK;
SDR 16 TDI (FFFF);
RUNTEST 1800 TCK;
SDR 16 TDI (FFFF);
RUNTEST 1800 TCK;
SDR 16 TDI (FFFF);
RUNTEST 1800 TCK;
SDR 16 TDI (FFFF);
RUNTEST 1800 TCK;
SDR 16 TDI (FFFF);
RUNTEST 1800 TCK;
SDR 16 TDI (FFFF);
RUNTEST 1800 TCK;
SDR 16 TDI (FFFF);
RUNTEST 1800 TCK;
SDR 16 TDI (FFFF);
RUNTEST 1800 TCK;
SDR 16 TDI (FFFF);
RUNTEST 1800 TCK;
SDR 16 TDI (FFFF);
RUNTEST 1800 TCK;
SDR 16 TDI (FFFF);
RUNTEST 1800 TCK;
SDR 16 TDI (FFFF);
RUNTEST 1800 TCK;
SDR 16 TDI (FFFF);
RUNTEST 1800 TCK;
SDR 16 TDI (FFFF);
RUNTEST 1800 TCK;
SDR 16 TDI (FFFF);
RUNTEST 1800 TCK;
SDR 16 TDI (FFFF);
RUNTEST 1800 TCK;
SDR 16 TDI (FFFF);
RUNTEST 1800 TCK;
SDR 16 TDI (FFFF);
RUNTEST 1800 TCK;
SDR 16 TDI (FFFF);
RUNTEST 1800 TCK;
SDR 16 TDI (FFFF);
RUNTEST 1800 TCK;
SDR 16 TDI (FFFF);
RUNTEST 1800 TCK;
SDR 16 TDI (FFFF);
RUNTEST 1800 TCK;
SDR 16 TDI (FFFF);
RUNTEST 1800 TCK;
SDR 16 TDI (FFFF);
RUNTEST 1800 TCK;
SDR 16 TDI (FFFF);
RUNTEST 1800 TCK;
SDR 16 TDI (FFFF);
RUNTEST 1800 TCK;
SDR 16 TDI (FFFF);
RUNTEST 1800 TCK;
SDR 16 TDI (FFFF);
RUNTEST 1800 TCK;
SDR 16 TDI (FFFF);
RUNTEST 1800 TCK;
SDR 16 TDI (FFFF);
RUNTEST 1800 TCK;
SDR 16 TDI (FFFF);
RUNTEST 1800 TCK;
SDR 16 TDI (FFFF);
RUNTEST 1800 TCK;
SDR 16 TDI (FFFF);
RUNTEST 1800 TCK;
SDR 16 TDI (FFFF);
RUNTEST 1800 TCK;
SDR 16 TDI (FFFF);
RUNTEST 1800 TCK;
SDR 16 TDI (FFFF);
RUNTEST 1800 TCK;
SDR 16 TDI (FFFF);
RUNTEST 1800 TCK;
SDR 16 TDI (FFFF);
RUNTEST 1800 TCK;
SDR 16 TDI (FFFF);
RUNTEST 1800 TCK;
SDR 16 TDI (FFFF);
RUNTEST 1800 TCK;
SDR 16 TDI (FFFF);
RUNTEST 1800 TCK;
SDR 16 TDI (FFFF);
RUNTEST 1800 TCK;
SDR 16 TDI (FFFF);
RUNTEST 1800 TCK;
SDR 16 TDI (FFFF);
RUNTEST 1800 TCK;
SDR 16 TDI (FFFF);
RUNTEST 1800 TCK;
SDR 16 TDI (FFFF);
RUNTEST 1800 TCK;
SDR 16 TDI (FFFF);
RUNTEST 1800 TCK;
SDR 16 TDI (FFFF);
RUNTEST 1800 TCK;
SDR 16 TDI (FFFF);
RUNTEST 1800 TCK;
SDR 16 TDI (FFFF);
RUNTEST 1800 TCK;
SDR 16 TDI (FFFF);
RUNTEST 1800 TCK;
SDR 16 TDI (FFFF);
RUNTEST 1800 TCK;
SDR 16 TDI (FFFF);
RUNTEST 1800 TCK;
SDR 16 TDI (FFFF);
RUNTEST 1800 TCK;
SDR 16 TDI (FFFF);
RUNTEST 1800 TCK;
SDR 16 TDI (FFFF);
RUNTEST 1800 TCK;
SDR 16 TDI (FFFF);
RUNTEST 1800 TCK;
SDR 16 TDI (FFFF);
RUNTEST 1800 TCK;
SDR 16 TDI (FFFF);
RUNTEST 1800 TCK;
SDR 16 TDI (FFFF);
RUNTEST 1800 TCK;
SDR 16 TDI (FFFF);
RUNTEST 1800 TCK;
SDR 16 TDI (FFFF);
RUNTEST 1800 TCK;
SDR 16 TDI (FFFF);
RUNTEST 1800 TCK;
SDR 16 TDI (FFFF);
RUNTEST 1800 TCK;
SDR 16 TDI (FFFF);
RUNTEST 1800 TCK;
SDR 16 TDI (FFFF);
RUNTEST 1800 TCK;
SDR 16 TDI (FFFF);
RUNTEST 1800 TCK;
SDR 16 TDI (FFFF);
RUNTEST 1800 TCK;
SDR 16 TDI (FFFF);
RUNTEST 1800 TCK;
SDR 16 TDI (FFFF);
RUNTEST 1800 TCK;
SDR 16 TDI (FFFF);
RUNTEST 1800 TCK;
SDR 16 TDI (FFFF);
RUNTEST 1800 TCK;
SDR 16 TDI (FFFF);
RUNTEST 1800 TCK;
SDR 16 TDI (FFFF);
RUNTEST 1800 TCK;
SDR 16 TDI (FFFF);
RUNTEST 1800 TCK;
SDR 16 TDI (FFFF);
RUNTEST 1800 TCK;
SDR 16 TDI (FFFF);
RUNTEST 1800 TCK;
SDR 16 TDI (FFFF);
RUNTEST 1800 TCK;
SDR 16 TDI (FFFF);
RUNTEST 1800 TCK;
SDR 16 TDI (FFFF);
RUNTEST 1800 TCK;
SDR 16 TDI (FFFF);
RUNTEST 1800 TCK;
SDR 16 TDI (FFFF);
RUNTEST 1800 TCK;
SDR 16 TDI (FFFF);
RUNTEST 1800 TCK;
SDR 16 TDI (FFFF);
RUNTEST 1800 TCK;
SDR 16 TDI (FFFF);
RUNTEST 1800 TCK;
SDR 16 TDI (FFFF);
RUNTEST 1800 TCK;
SDR 16 TDI (FFFF);
RUNTEST 1800 TCK;
SDR 16 TDI (FFFF);
RUNTEST 1800 TCK;
SDR 16 TDI (FFFF);
RUNTEST 1800 TCK;
SDR 16 TDI (FFFF);
RUNTEST 1800 TCK;
SDR 16 TDI (FFFF);
RUNTEST 1800 TCK;
SDR 16 TDI (FFFF);
RUNTEST 1800 TCK;
SDR 16 TDI (FFFF);
RUNTEST 1800 TCK;
SDR 16 TDI (FFFF);
RUNTEST 1800 TCK;
SDR 16 TDI (FFFF);
RUNTEST 1800 TCK;
SDR 16 TDI (FFFF);
RUNTEST 1800 TCK;
SDR 16 TDI (FFFF);
RUNTEST 1800 TCK;
SDR 16 TDI (FFFF);
RUNTEST 1800 TCK;
SDR 16 TDI (FFFF);
RUNTEST 1800 TCK;
SDR 16 TDI (FFFF);
RUNTEST 1800 TCK;
SDR 16 TDI (FFFF);
RUNTEST 1800 TCK;
SDR 16 TDI (FFFF);
RUNTEST 1800 TCK;
SDR 16 TDI (FFFF);
RUNTEST 1800 TCK;
SDR 16 TDI (FFFF);
RUNTEST 1800 TCK;
SDR 16 TDI (FFFF);
RUNTEST 1800 TCK;
SDR 16 TDI (FFFF);
RUNTEST 1800 TCK;
SDR 16 TDI (FFFF);
RUNTEST 1800 TCK;
SDR 16 TDI (FFFF);
RUNTEST 1800 TCK;
SDR 16 TDI (FFFF);
RUNTEST 1800 TCK;
SDR 16 TDI (FFFF);
RUNTEST 1800 TCK;
SDR 16 TDI (FFFF);
RUNTEST 1800 TCK;
SDR 16 TDI (FFFF);
RUNTEST 1800 TCK;
SDR 16 TDI (FFFF);
RUNTEST 1800 TCK;
SDR 16 TDI (FFFF);
RUNTEST 1800 TCK;
SDR 16 TDI (FFFF);
RUNTEST 1800 TCK;
SDR 16 TDI (FFFF);
RUNTEST 1800 TCK;
SDR 16 TDI (FFFF);
RUNTEST 1800 TCK;
SDR 16 TDI (FFFF);
RUNTEST 1800 TCK;
SDR 16 TDI (FFFF);
RUNTEST 1800 TCK;
SDR 16 TDI (FFFF);
RUNTEST 1800 TCK;
SDR 16 TDI (FFFF);
RUNTEST 1800 TCK;
SDR 16 TDI (FFFF);
RUNTEST 1800 TCK;
SDR 16 TDI (FFFF);
RUNTEST 1800 TCK;
SDR 16 TDI (FFFF);
RUNTEST 1800 TCK;
SDR 16 TDI (FFFF);
RUNTEST 1800 TCK;
SDR 16 TDI (FFFF);
RUNTEST 1800 TCK;
SDR 16 TDI (FFFF);
RUNTEST 1800 TCK;
SDR 16 TDI (FFFF);
RUNTEST 1800 TCK;
SDR 16 TDI (FFFF);
RUNTEST 1800 TCK;
SDR 16 TDI (FFFF);
RUNTEST 1800 TCK;
SDR 16 TDI (FFFF);
RUNTEST 1800 TCK;
SDR 16 TDI (FFFF);
RUNTEST 1800 TCK;
SDR 16 TDI (FFFF);
RUNTEST 1800 TCK;
SDR 16 TDI (FFFF);
RUNTEST 1800 TCK;
SDR 16 TDI (FFFF);
RUNTEST 1800 TCK;
SDR 16 TDI (FFFF);
RUNTEST 1800 TCK;
SDR 16 TDI (FFFF);
RUNTEST 1800 TCK;
SDR 16 TDI (FFFF);
RUNTEST 1800 TCK;
SDR 16 TDI (FFFF);
RUNTEST 1800 TCK;
SDR 16 TDI (FFFF);
RUNTEST 1800 TCK;
SDR 16 TDI (FFFF);
RUNTEST 1800 TCK;
SDR 16 TDI (FFFF);
RUNTEST 1800 TCK;
SDR 16 TDI (FFFF);
RUNTEST 1800 TCK;
SDR 16 TDI (FFFF);
RUNTEST 1800 TCK;
SDR 16 TDI (FFFF);
RUNTEST 1800 TCK;
SDR 16 TDI (FFFF);
RUNTEST 1800 TCK;
SDR 16 TDI (FFFF);
RUNTEST 1800 TCK;
SDR 16 TDI (FFFF);
RUNTEST 1800 TCK;
SDR 16 TDI (FFFF);
RUNTEST 1800 TCK;
SDR 16 TDI (FFFF);
RUNTEST 1800 TCK;
SDR 16 TDI (FFFF);
RUNTEST 1800 TCK;
SDR 16 TDI (FFFF);
RUNTEST 1800 TCK;
SDR 16 TDI (FFFF);
RUNTEST 1800 TCK;
SDR 16 TDI (FFFF);
RUNTEST 1800 TCK;
SDR 16 TDI (FFFF);
RUNTEST 1800 TCK;
SDR 16 TDI (FFFF);
RUNTEST 1800 TCK;
SDR 16 TDI (FFFF);
RUNTEST 1800 TCK;
SDR 16 TDI (FFFF);
RUNTEST 1800 TCK;
SDR 16 TDI (FFFF);
RUNTEST 1800 TCK;
SDR 16 TDI (FFFF);
RUNTEST 1800 TCK;
SDR 16 TDI (FFFF);
RUNTEST 1800 TCK;
SDR 16 TDI (FFFF);
RUNTEST 1800 TCK;
SDR 16 TDI (FFFF);
RUNTEST 1800 TCK;
SDR 16 TDI (FFFF);
RUNTEST 1800 TCK;
SDR 16 TDI (FFFF);
RUNTEST 1800 TCK;
SDR 16 TDI (FFFF);
RUNTEST 1800 TCK;
SDR 16 TDI (FFFF);
RUNTEST 1800 TCK;
SDR 16 TDI (FFFF);
RUNTEST 1800 TCK;
SDR 16 TDI (FFFF);
RUNTEST 1800 TCK;
SDR 16 TDI (FFFF);
RUNTEST 1800 TCK;
SDR 16 TDI (FFFF);
RUNTEST 1800 TCK;
SDR 16 TDI (FFFF);
RUNTEST 1800 TCK;
SDR 16 TDI (FFFF);
RUNTEST 1800 TCK;
SDR 16 TDI (FFFF);
RUNTEST 1800 TCK;
SDR 16 TDI (FFFF);
RUNTEST 1800 TCK;
SDR 16 TDI (FFFF);
RUNTEST 1800 TCK;
SDR 16 TDI (FFFF);
RUNTEST 1800 TCK;
SDR 16 TDI (FFFF);
RUNTEST 1800 TCK;
SDR 16 TDI (FFFF);
RUNTEST 1800 TCK;
SDR 16 TDI (FFFF);
RUNTEST 1800 TCK;
SDR 16 TDI (FFFF);
RUNTEST 1800 TCK;
SDR 16 TDI (FFFF);
RUNTEST 1800 TCK;
SDR 16 TDI (FFFF);
RUNTEST 1800 TCK;
SDR 16 TDI (FFFF);
RUNTEST 1800 TCK;
SDR 16 TDI (FFFF);
RUNTEST 1800 TCK;
SDR 16 TDI (FFFF);
RUNTEST 1800 TCK;
SDR 16 TDI (FFFF);
RUNTEST 1800 TCK;
SDR 16 TDI (FFFF);
RUNTEST 1800 TCK;
SDR 16 TDI (FFFF);
RUNTEST 1800 TCK;
SDR 16 TDI (FFFF);
RUNTEST 1800 TCK;
SDR 16 TDI (FFFF);
RUNTEST 1800 TCK;
SDR 16 TDI (FFFF);
RUNTEST 1800 TCK;
SDR 16 TDI (FFFF);
RUNTEST 1800 TCK;
SDR 16 TDI (FFFF);
RUNTEST 1800 TCK;
SDR 16 TDI (FFFF);
RUNTEST 1800 TCK;
SDR 16 TDI (FFFF);
RUNTEST 1800 TCK;
SDR 16 TDI (FFFF);
RUNTEST 1800 TCK;
SDR 16 TDI (FFFF);
RUNTEST 1800 TCK;
SDR 16 TDI (FFFF);
RUNTEST 1800 TCK;
SDR 16 TDI (FFFF);
RUNTEST 1800 TCK;
SDR 16 TDI (FFFF);
RUNTEST 1800 TCK;
SDR 16 TDI (FFFF);
RUNTEST 1800 TCK;
SDR 16 TDI (FFFF);
RUNTEST 1800 TCK;
SDR 16 TDI (FFFF);
RUNTEST 1800 TCK;
SDR 16 TDI (FFFF);
RUNTEST 1800 TCK;
SDR 16 TDI (FFFF);
RUNTEST 1800 TCK;
SDR 16 TDI (FFFF);
RUNTEST 1800 TCK;
SDR 16 TDI (FFFF);
RUNTEST 1800 TCK;
SDR 16 TDI (FFFF);
RUNTEST 1800 TCK;
SDR 16 TDI (FFFF);
RUNTEST 1800 TCK;
SDR 16 TDI (FFFF);
RUNTEST 1800 TCK;
SDR 16 TDI (FFFF);
RUNTEST 1800 TCK;
SDR 16 TDI (FFFF);
RUNTEST 1800 TCK;
SDR 16 TDI (FFFF);
RUNTEST 1800 TCK;
SDR 16 TDI (FFFF);
RUNTEST 1800 TCK;
SDR 16 TDI (FFFF);
RUNTEST 1800 TCK;
SDR 16 TDI (FFFF);
RUNTEST 1800 TCK;
SDR 16 TDI (FFFF);
RUNTEST 1800 TCK;
SDR 16 TDI (FFFF);
RUNTEST 1800 TCK;
SDR 16 TDI (FFFF);
RUNTEST 1800 TCK;
SDR 16 TDI (FFFF);
RUNTEST 1800 TCK;
SDR 16 TDI (FFFF);
RUNTEST 1800 TCK;
SDR 16 TDI (FFFF);
RUNTEST 1800 TCK;
SDR 16 TDI (FFFF);
RUNTEST 1800 TCK;
SDR 16 TDI (FFFF);
RUNTEST 1800 TCK;
SDR 16 TDI (FFFF);
RUNTEST 1800 TCK;
SDR 16 TDI (FFFF);
RUNTEST 1800 TCK;
SDR 16 TDI (FFFF);
RUNTEST 1800 TCK;
SDR 16 TDI (FFFF);
RUNTEST 1800 TCK;
SDR 16 TDI (FFFF);
RUNTEST 1800 TCK;
SDR 16 TDI (FFFF);
RUNTEST 1800 TCK;
SDR 16 TDI (FFFF);
RUNTEST 1800 TCK;
SDR 16 TDI (FFFF);
RUNTEST 1800 TCK;
SDR 16 TDI (FFFF);
RUNTEST 1800 TCK;
SDR 16 TDI (FFFF);
RUNTEST 1800 TCK;
SDR 16 TDI (FFFF);
RUNTEST 1800 TCK;
SDR 16 TDI (FFFF);
RUNTEST 1800 TCK;
SDR 16 TDI (FFFF);
RUNTEST 1800 TCK;
SDR 16 TDI (FFFF);
RUNTEST 1800 TCK;
SDR 16 TDI (FFFF);
RUNTEST 1800 TCK;
SDR 16 TDI (FFFF);
RUNTEST 1800 TCK;
SDR 16 TDI (FFFF);
RUNTEST 1800 TCK;
SDR 16 TDI (FFFF);
RUNTEST 1800 TCK;
SDR 16 TDI (FFFF);
RUNTEST 1800 TCK;
SDR 16 TDI (FFFF);
RUNTEST 1800 TCK;
SDR 16 TDI (FFFF);
RUNTEST 1800 TCK;
SDR 16 TDI (FFFF);
RUNTEST 1800 TCK;
SDR 16 TDI (FFFF);
RUNTEST 1800 TCK;
SDR 16 TDI (FFFF);
RUNTEST 1800 TCK;
SDR 16 TDI (FFFF);
RUNTEST 1800 TCK;
SDR 16 TDI (FFFF);
RUNTEST 1800 TCK;
SDR 16 TDI (FFFF);
RUNTEST 1800 TCK;
SDR 16 TDI (FFFF);
RUNTEST 1800 TCK;
SDR 16 TDI (FFFF);
RUNTEST 1800 TCK;
SDR 16 TDI (FFFF);
RUNTEST 1800 TCK;
SDR 16 TDI (FFFF);
RUNTEST 1800 TCK;
SDR 16 TDI (FFFF);
RUNTEST 1800 TCK;
SDR 16 TDI (FFFF);
RUNTEST 1800 TCK;
SDR 16 TDI (FFFF);
RUNTEST 1800 TCK;
SDR 16 TDI (FFFF);
RUNTEST 1800 TCK;
SDR 16 TDI (FFFF);
RUNTEST 1800 TCK;
SDR 16 TDI (FFFF);
RUNTEST 1800 TCK;
SDR 16 TDI (FFFF);
RUNTEST 1800 TCK;
SDR 16 TDI (FFFF);
RUNTEST 1800 TCK;
SDR 16 TDI (FFFF);
RUNTEST 1800 TCK;
SDR 16 TDI (FFFF);
RUNTEST 1800 TCK;
SDR 16 TDI (FFFF);
RUNTEST 1800 TCK;
SDR 16 TDI (FFFF);
RUNTEST 1800 TCK;
SDR 16 TDI (FFFF);
RUNTEST 1800 TCK;
SDR 16 TDI (FFFF);
RUNTEST 1800 TCK;
SDR 16 TDI (FFFF);
RUNTEST 1800 TCK;
SDR 16 TDI (FFFF);
RUNTEST 1800 TCK;
SDR 16 TDI (FFFF);
RUNTEST 1800 TCK;
SDR 16 TDI (FFFF);
RUNTEST 1800 TCK;
SDR 16 TDI (FFFF);
RUNTEST 1800 TCK;
SDR 16 TDI (FFFF);
RUNTEST 1800 TCK;
SDR 16 TDI (FFFF);
RUNTEST 1800 TCK;
SDR 16 TDI (FFFF);
RUNTEST 1800 TCK;
SDR 16 TDI (FFFF);
RUNTEST 1800 TCK;
SDR 16 TDI (FFFF);
RUNTEST 1800 TCK;
SDR 16 TDI (FFFF);
RUNTEST 1800 TCK;
SDR 16 TDI (FFFF);
RUNTEST 1800 TCK;
SDR 16 TDI (FFFF);
RUNTEST 1800 TCK;
SDR 16 TDI (FFFF);
RUNTEST 1800 TCK;
SDR 16 TDI (FFFF);
RUNTEST 1800 TCK;
SDR 16 TDI (FFFF);
RUNTEST 1800 TCK;
SDR 16 TDI (FFFF);
RUNTEST 1800 TCK;
SDR 16 TDI (FFFF);
RUNTEST 1800 TCK;
SDR 16 TDI (FFFF);
RUNTEST 1800 TCK;
SDR 16 TDI (FFFF);
RUNTEST 1800 TCK;
SDR 16 TDI (FFFF);
RUNTEST 1800 TCK;
SDR 16 TDI (FFFF);
RUNTEST 1800 TCK;
SDR 16 TDI (FFFF);
RUNTEST 1800 TCK;
SDR 16 TDI (FFFF);
RUNTEST 1800 TCK;
SDR 16 TDI (FFFF);
RUNTEST 1800 TCK;
SDR 16 TDI (FFFF);
RUNTEST 1800 TCK;
SDR 16 TDI (FFFF);
RUNTEST 1800 TCK;
SDR 16 TDI (FFFF);
RUNTEST 1800 TCK;
SDR 16 TDI (FFFF);
RUNTEST 1800 TCK;
SDR 16 TDI (FFFF);
RUNTEST 1800 TCK;
SDR 16 TDI (FFFF);
RUNTEST 1800 TCK;
SDR 16 TDI (FFFF);
RUNTEST 1800 TCK;
SDR 16 TDI (FFFF);
RUNTEST 1800 TCK;
SDR 16 TDI (FFFF);
RUNTEST 1800 TCK;
SDR 16 TDI (FFFF);
RUNTEST 1800 TCK;
SDR 16 TDI (FFFF);
RUNTEST 1800 TCK;
SDR 16 TDI (FFFF);
RUNTEST 1800 TCK;
SDR 16 TDI (FFFF);
RUNTEST 1800 TCK;
SDR 16 TDI (FFFF);
RUNTEST 1800 TCK;
SDR 16 TDI (FFFF);
RUNTEST 1800 TCK;
SDR 16 TDI (FFFF);
RUNTEST 1800 TCK;
SDR 16 TDI (FFFF);
RUNTEST 1800 TCK;
SDR 16 TDI (FFFF);
RUNTEST 1800 TCK;
SDR 16 TDI (FFFF);
RUNTEST 1800 TCK;
SDR 16 TDI (FFFF);
RUNTEST 1800 TCK;
SDR 16 TDI (FFFF);
RUNTEST 1800 TCK;
SDR 16 TDI (FFFF);
RUNTEST 1800 TCK;
SDR 16 TDI (FFFF);
RUNTEST 1800 TCK;
SDR 16 TDI (FFFF);
RUNTEST 1800 TCK;
SDR 16 TDI (FFFF);
RUNTEST 1800 TCK;
SDR 16 TDI (FFFF);
RUNTEST 1800 TCK;
SDR 16 TDI (FFFF);
RUNTEST 1800 TCK;
SDR 16 TDI (FFFF);
RUNTEST 1800 TCK;
SDR 16 TDI (FFFF);
RUNTEST 1800 TCK;
SDR 16 TDI (FFFF);
RUNTEST 1800 TCK;
SDR 16 TDI (FFFF);
RUNTEST 1800 TCK;
SDR 16 TDI (FFFF);
RUNTEST 1800 TCK;
SDR 16 TDI (FFFF);
RUNTEST 1800 TCK;
SDR 16 TDI (FFFF);
RUNTEST 1800 TCK;
SDR 16 TDI (FFFF);
RUNTEST 1800 TCK;
SDR 16 TDI (FFFF);
RUNTEST 1800 TCK;
SDR 16 TDI (FFFF);
RUNTEST 1800 TCK;
SDR 16 TDI (FFFF);
RUNTEST 1800 TCK;
SDR 16 TDI (FFFF);
RUNTEST 1800 TCK;
SDR 16 TDI (FFFF);
RUNTEST 1800 TCK;
SDR 16 TDI (FFFF);
RUNTEST 1800 TCK;
SDR 16 TDI (FFFF);
RUNTEST 1800 TCK;
SDR 16 TDI (FFFF);
RUNTEST 1800 TCK;
SDR 16 TDI (FFFF);
RUNTEST 1800 TCK;
SDR 16 TDI (FFFF);
RUNTEST 1800 TCK;
SDR 16 TDI (FFFF);
RUNTEST 1800 TCK;
SDR 16 TDI (FFFF);
RUNTEST 1800 TCK;
SDR 16 TDI (FFFF);
RUNTEST 1800 TCK;
SDR 16 TDI (FFFF);
RUNTEST 1800 TCK;
SDR 16 TDI (FFFF);
RUNTEST 1800 TCK;
SDR 16 TDI (FFFF);
RUNTEST 1800 TCK;
SDR 16 TDI (FFFF);
RUNTEST 1800 TCK;
SDR 16 TDI (FFFF);
RUNTEST 1800 TCK;
SDR 16 TDI (FFFF);
RUNTEST 1800 TCK;
SDR 16 TDI (FFFF);
RUNTEST 1800 TCK;
SDR 16 TDI (FFFF);
RUNTEST 1800 TCK;
SDR 16 TDI (FFFF);
RUNTEST 1800 TCK;
SDR 16 TDI (FFFF);
RUNTEST 1800 TCK;
SDR 16 TDI (FFFF);
RUNTEST 1800 TCK;
SDR 16 TDI (FFFF);
RUNTEST 1800 TCK;
SDR 16 TDI (FFFF);
RUNTEST 1800 TCK;
SDR 16 TDI (FFFF);
RUNTEST 1800 TCK;
SDR 16 TDI (FFFF);
RUNTEST 1800 TCK;
SDR 16 TDI (FFFF);
RUNTEST 1800 TCK;
SDR 16 TDI (FFFF);
RUNTEST 1800 TCK;
SDR 16 TDI (FFFF);
RUNTEST 1800 TCK;
SDR 16 TDI (FFFF);
RUNTEST 1800 TCK;
SDR 16 TDI (FFFF);
RUNTEST 1800 TCK;
SDR 16 TDI (FFFF);
RUNTEST 1800 TCK;
SDR 16 TDI (FFFF);
RUNTEST 1800 TCK;
SDR 16 TDI (FFFF);
RUNTEST 1800 TCK;
SDR 16 TDI (FFFF);
RUNTEST 1800 TCK;
SDR 16 TDI (FFFF);
RUNTEST 1800 TCK;
!
!
!
!VERIFY
!
!
!
SIR 10 TDI (203);
RUNTEST 93 TCK;
SDR 13 TDI (0000);
SIR 10 TDI (205);
RUNTEST 93 TCK;
SDR 16 TDI (FFFF) TDO (7FFF) MASK (FFFF);
SDR 16 TDI (FFFF) TDO (FFFF);
SDR 16 TDI (FFFF) TDO (BFFC);
SDR 16 TDI (FFFF) TDO (F9E7);
SDR 16 TDI (FFFF) TDO (79FF);
SDR 16 TDI (FFFF) TDO (FFFE);
SDR 16 TDI (FFFF) TDO (AF9E);
SDR 16 TDI (FFFF) TDO (7FFF);
SDR 16 TDI (FFFF) TDO (7FFF);
SDR 16 TDI (FFFF) TDO (F3E7);
SDR 16 TDI (FFFF) TDO (B3E7);
SDR 16 TDI (FFFF) TDO (FFFF);
SDR 16 TDI (FFFF) TDO (7F3E);
SDR 16 TDI (FFFF) TDO (79F3);
SDR 16 TDI (FFFF) TDO (BFFF);
SDR 16 TDI (FFFF) TDO (FFFF);
SDR 16 TDI (FFFF) TDO (7FFF);
SDR 16 TDI (FFFF) TDO (FFFF);
SDR 16 TDI (FFFF) TDO (BFF7);
SDR 16 TDI (FFFF) TDO (FEEE);
SDR 16 TDI (FFFF) TDO (7FFB);
SDR 16 TDI (FFFF) TDO (FFFF);
SDR 16 TDI (FFFF) TDO (BFEF);
SDR 16 TDI (FFFF) TDO (FFFF);
SDR 16 TDI (FFFF) TDO (7FFF);
SDR 16 TDI (FFFF) TDO (FFFB);
SDR 16 TDI (FFFF) TDO (B77F);
SDR 16 TDI (FFFF) TDO (EFFF);
SDR 16 TDI (FFFF) TDO (7FFF);
SDR 16 TDI (FFFF) TDO (FFFF);
SDR 16 TDI (FFFF) TDO (BFFF);
SDR 16 TDI (FFFF) TDO (FFFF);
SDR 16 TDI (FFFF) TDO (77FF);
SDR 16 TDI (FFFF) TDO (FFFF);
SDR 16 TDI (FFFF) TDO (BFFF);
SDR 16 TDI (FFFF) TDO (FEEE);
SDR 16 TDI (FFFF) TDO (7FFB);
SDR 16 TDI (FFFF) TDO (FF7F);
SDR 16 TDI (FFFF) TDO (BFFF);
SDR 16 TDI (FFFF) TDO (EFF9);
SDR 16 TDI (FFFF) TDO (733F);
SDR 16 TDI (FFFF) TDO (FFFF);
SDR 16 TDI (FFFF) TDO (BFFF);
SDR 16 TDI (FFFF) TDO (F8C7);
SDR 16 TDI (FFFF) TDO (7FFF);
SDR 16 TDI (FFFF) TDO (FFFF);
SDR 16 TDI (FFFF) TDO (BF4E);
SDR 16 TDI (FFFF) TDO (C7FE);
SDR 16 TDI (FFFF) TDO (7FFF);
SDR 16 TDI (FFFF) TDO (FFFF);
SDR 16 TDI (FFFF) TDO (BFFF);
SDR 16 TDI (FFFF) TDO (FFFF);
SDR 16 TDI (FFFF) TDO (7FFF);
SDR 16 TDI (FFFF) TDO (FFFF);
SDR 16 TDI (FFFF) TDO (BFFD);
SDR 16 TDI (FFFF) TDO (FFFF);
SDR 16 TDI (FFFF) TDO (7F7F);
SDR 16 TDI (FFFF) TDO (FFFF);
SDR 16 TDI (FFFF) TDO (BFFF);
SDR 16 TDI (FFFF) TDO (FEFF);
SDR 16 TDI (FFFF) TDO (7FEF);
SDR 16 TDI (FFFF) TDO (7BBF);
SDR 16 TDI (FFFF) TDO (BFCF);
SDR 16 TDI (FFFF) TDO (3FFF);
SDR 16 TDI (FFFF) TDO (7FFF);
SDR 16 TDI (FFFF) TDO (FFFF);
SDR 16 TDI (FFFF) TDO (BFFF);
SDR 16 TDI (FFFF) TDO (FFFF);
SDR 16 TDI (FFFF) TDO (7FFF);
SDR 16 TDI (FFFF) TDO (FFFF);
SDR 16 TDI (FFFF) TDO (BFFF);
SDR 16 TDI (FFFF) TDO (FFFF);
SDR 16 TDI (FFFF) TDO (7FFF);
SDR 16 TDI (FFFF) TDO (EFFF);
SDR 16 TDI (FFFF) TDO (BFFF);
SDR 16 TDI (FFFF) TDO (FEF7);
SDR 16 TDI (FFFF) TDO (77FF);
SDR 16 TDI (FFFF) TDO (F7FF);
SDR 16 TDI (FFFF) TDO (BFDE);
SDR 16 TDI (FFFF) TDO (FFFF);
SDR 16 TDI (FFFF) TDO (6FFF);
SDR 16 TDI (FFFF) TDO (FFFF);
SDR 16 TDI (FFFF) TDO (BFFF);
SDR 16 TDI (FFFF) TDO (FFFF);
SDR 16 TDI (FFFF) TDO (7FFF);
SDR 16 TDI (FFFF) TDO (FFFF);
SDR 16 TDI (FFFF) TDO (BFFF);
SDR 16 TDI (FFFF) TDO (FFFF);
SDR 16 TDI (FFFF) TDO (7EFF);
SDR 16 TDI (FFFF) TDO (EFFF);
SDR 16 TDI (FFFF) TDO (BFFF);
SDR 16 TDI (FFFF) TDO (FDFF);
SDR 16 TDI (FFFF) TDO (7FEF);
SDR 16 TDI (FFFF) TDO (FFFF);
SDR 16 TDI (FFFF) TDO (BFFF);
SDR 16 TDI (FFFF) TDO (F7FE);
SDR 16 TDI (FFFF) TDO (6FFF);
SDR 16 TDI (FFFF) TDO (FFFF);
SDR 16 TDI (FFFF) TDO (BFFF);
SDR 16 TDI (FFFF) TDO (FFFF);
SDR 16 TDI (FFFF) TDO (7FFF);
SDR 16 TDI (FFFF) TDO (FFFF);
SDR 16 TDI (FFFF) TDO (BFFD);
SDR 16 TDI (FFFF) TDO (FFFF);
SDR 16 TDI (FFFF) TDO (7FFF);
SDR 16 TDI (FFFF) TDO (EFFF);
SDR 16 TDI (FFFF) TDO (BFFF);
SDR 16 TDI (FFFF) TDO (FFFF);
SDR 16 TDI (FFFF) TDO (7FFF);
SDR 16 TDI (FFFF) TDO (BFBF);
SDR 16 TDI (FFFF) TDO (BEF7);
SDR 16 TDI (FFFF) TDO (BFFE);
SDR 16 TDI (FFFF) TDO (7FFF);
SDR 16 TDI (FFFF) TDO (FFFF);
SDR 16 TDI (FFFF) TDO (BFFF);
SDR 16 TDI (FFFF) TDO (FFFF);
SDR 16 TDI (FFFF) TDO (7FFF);
SDR 16 TDI (FFFF) TDO (FFFF);
SDR 16 TDI (FFFF) TDO (BFFF);
SDR 16 TDI (FFFF) TDO (FBFF);
SDR 16 TDI (FFFF) TDO (7FFF);
SDR 16 TDI (FFFF) TDO (EFFF);
SDR 16 TDI (FFFF) TDO (BFFF);
SDR 16 TDI (FFFF) TDO (FFFF);
SDR 16 TDI (FFFF) TDO (7FFF);
SDR 16 TDI (FFFF) TDO (FFFF);
SDR 16 TDI (FFFF) TDO (BDBF);
SDR 16 TDI (FFFF) TDO (FFFF);
SDR 16 TDI (FFFF) TDO (7FFF);
SDR 16 TDI (FFFF) TDO (FFFF);
SDR 16 TDI (FFFF) TDO (BFFF);
SDR 16 TDI (FFFF) TDO (FFFF);
SDR 16 TDI (FFFF) TDO (7FFF);
SDR 16 TDI (FFFF) TDO (FFFF);
SDR 16 TDI (FFFF) TDO (BFFF);
SDR 16 TDI (FFFF) TDO (FFFF);
SDR 16 TDI (FFFF) TDO (7FBF);
SDR 16 TDI (FFFF) TDO (EFBF);
SDR 16 TDI (FFFF) TDO (AFFF);
SDR 16 TDI (FFFF) TDO (FFFF);
SDR 16 TDI (FFFF) TDO (6FFD);
SDR 16 TDI (FFFF) TDO (BBBF);
SDR 16 TDI (FFFF) TDO (BF6E);
SDR 16 TDI (FFFF) TDO (FFFE);
SDR 16 TDI (FFFF) TDO (6FFF);
SDR 16 TDI (FFFF) TDO (FFFF);
SDR 16 TDI (FFFF) TDO (BFFF);
SDR 16 TDI (FFFF) TDO (FFFF);
SDR 16 TDI (FFFF) TDO (7FFF);
SDR 16 TDI (FFFF) TDO (FFFF);
SDR 16 TDI (FFFF) TDO (BFFF);
SDR 16 TDI (FFFF) TDO (FBFF);
SDR 16 TDI (FFFF) TDO (7FFF);
SDR 16 TDI (FFFF) TDO (EFFF);
SDR 16 TDI (FFFF) TDO (BFFF);
SDR 16 TDI (FFFF) TDO (FFFF);
SDR 16 TDI (FFFF) TDO (7FFF);
SDR 16 TDI (FFFF) TDO (FFFF);
SDR 16 TDI (FFFF) TDO (BF7F);
SDR 16 TDI (FFFF) TDO (FFFE);
SDR 16 TDI (FFFF) TDO (6FFF);
SDR 16 TDI (FFFF) TDO (FFFF);
SDR 16 TDI (FFFF) TDO (BFFF);
SDR 16 TDI (FFFF) TDO (FFFF);
SDR 16 TDI (FFFF) TDO (7FFF);
SDR 16 TDI (FFFF) TDO (FFFF);
SDR 16 TDI (FFFF) TDO (BFFF);
SDR 16 TDI (FFFF) TDO (FFFF);
SDR 16 TDI (FFFF) TDO (7FFF);
SDR 16 TDI (FFFF) TDO (FFFF);
SDR 16 TDI (FFFF) TDO (AFFF);
SDR 16 TDI (FFFF) TDO (FFFE);
SDR 16 TDI (FFFF) TDO (7FFE);
SDR 16 TDI (FFFF) TDO (FFFF);
SDR 16 TDI (FFFF) TDO (BBDF);
SDR 16 TDI (FFFF) TDO (FFFF);
SDR 16 TDI (FFFF) TDO (7FFF);
SDR 16 TDI (FFFF) TDO (FFFF);
SDR 16 TDI (FFFF) TDO (BFFF);
SDR 16 TDI (FFFF) TDO (FFEF);
SDR 16 TDI (FFFF) TDO (7FFF);
SDR 16 TDI (FFFF) TDO (FFFF);
SDR 16 TDI (FFFF) TDO (BFFD);
SDR 16 TDI (FFFF) TDO (FFFF);
SDR 16 TDI (FFFF) TDO (77FF);
SDR 16 TDI (FFFF) TDO (FFFF);
SDR 16 TDI (FFFF) TDO (BFFF);
SDR 16 TDI (FFFF) TDO (FEFF);
SDR 16 TDI (FFFF) TDO (7EFF);
SDR 16 TDI (FFFF) TDO (FFDF);
SDR 16 TDI (FFFF) TDO (BFFF);
SDR 16 TDI (FFFF) TDO (DEFF);
SDR 16 TDI (FFFF) TDO (7FFF);
SDR 16 TDI (FFFF) TDO (FFFF);
SDR 16 TDI (FFFF) TDO (BFFF);
SDR 16 TDI (FFFF) TDO (FFFF);
SDR 16 TDI (FFFF) TDO (7FFF);
SDR 16 TDI (FFFF) TDO (FFFF);
SDR 16 TDI (FFFF) TDO (BBE7);
SDR 16 TDI (FFFF) TDO (FFFD);
SDR 16 TDI (FFFF) TDO (7FFF);
SDR 16 TDI (FFFF) TDO (FFFF);
SDR 16 TDI (FFFF) TDO (BFFF);
SDR 16 TDI (FFFF) TDO (FFFF);
SDR 16 TDI (FFFF) TDO (7FFF);
SDR 16 TDI (FFFF) TDO (FFFF);
SDR 16 TDI (FFFF) TDO (BFFF);
SDR 16 TDI (FFFF) TDO (FFFF);
SDR 16 TDI (FFFF) TDO (7FFF);
SDR 16 TDI (FFFF) TDO (FFFF);
SDR 16 TDI (FFFF) TDO (BFDF);
SDR 16 TDI (FFFF) TDO (FFFF);
SDR 16 TDI (FFFF) TDO (7FFF);
SDR 16 TDI (FFFF) TDO (FFFF);
SDR 16 TDI (FFFF) TDO (B7FF);
SDR 16 TDI (FFFF) TDO (FFFF);
SDR 16 TDI (FFFF) TDO (7FFB);
SDR 16 TDI (FFFF) TDO (EFFF);
SDR 16 TDI (FFFF) TDO (BFFF);
SDR 16 TDI (FFFF) TDO (FFEF);
SDR 16 TDI (FFFF) TDO (7EFF);
SDR 16 TDI (FFFF) TDO (FFFF);
SDR 16 TDI (FFFF) TDO (BFFF);
SDR 16 TDI (FFFF) TDO (FBFF);
SDR 16 TDI (FFFF) TDO (7FFF);
SDR 16 TDI (FFFF) TDO (FFFF);
SDR 16 TDI (FFFF) TDO (BFFF);
SDR 16 TDI (FFFF) TDO (FFEF);
SDR 16 TDI (FFFF) TDO (7FFF);
SDR 16 TDI (FFFF) TDO (FFFF);
SDR 16 TDI (FFFF) TDO (BFE6);
SDR 16 TDI (FFFF) TDO (FFFE);
SDR 16 TDI (FFFF) TDO (6FFF);
SDR 16 TDI (FFFF) TDO (EFFF);
SDR 16 TDI (FFFF) TDO (BFFF);
SDR 16 TDI (FFFF) TDO (FF7F);
SDR 16 TDI (FFFF) TDO (7FFF);
SDR 16 TDI (FFFF) TDO (FFDF);
SDR 16 TDI (FFFF) TDO (BFFF);
SDR 16 TDI (FFFF) TDO (BF7F);
SDR 16 TDI (FFFF) TDO (7FFF);
SDR 16 TDI (FFFF) TDO (FFFF);
SDR 16 TDI (FFFF) TDO (BFFF);
SDR 16 TDI (FFFF) TDO (FFFF);
SDR 16 TDI (FFFF) TDO (7FFF);
SDR 16 TDI (FFFF) TDO (FFFF);
SDR 16 TDI (FFFF) TDO (BFFF);
SDR 16 TDI (FFFF) TDO (FFFF);
SDR 16 TDI (FFFF) TDO (7FFF);
SDR 16 TDI (FFFF) TDO (EFFF);
SDR 16 TDI (FFFF) TDO (BBFF);
SDR 16 TDI (FFFF) TDO (FFFF);
SDR 16 TDI (FFFF) TDO (7FFF);
SDR 16 TDI (FFFF) TDO (FDFF);
SDR 16 TDI (FFFF) TDO (BFF7);
SDR 16 TDI (FFFF) TDO (7FFF);
SDR 16 TDI (FFFF) TDO (7FFF);
SDR 16 TDI (FFFF) TDO (FFFF);
SDR 16 TDI (FFFF) TDO (BFFF);
SDR 16 TDI (FFFF) TDO (FEDF);
SDR 16 TDI (FFFF) TDO (6FFF);
SDR 16 TDI (FFFF) TDO (DFF7);
SDR 16 TDI (FFFF) TDO (BFDF);
SDR 16 TDI (FFFF) TDO (F7FF);
SDR 16 TDI (FFFF) TDO (6F7F);
SDR 16 TDI (FFFF) TDO (EFFB);
SDR 16 TDI (FFFF) TDO (BFBF);
SDR 16 TDI (FFFF) TDO (FFEF);
SDR 16 TDI (FFFF) TDO (7FFF);
SDR 16 TDI (FFFF) TDO (F7DF);
SDR 16 TDI (FFFF) TDO (BFBB);
SDR 16 TDI (FFFF) TDO (FFFF);
SDR 16 TDI (FFFF) TDO (67FF);
SDR 16 TDI (FFFF) TDO (FFFF);
SDR 16 TDI (FFFF) TDO (BFFF);
SDR 16 TDI (FFFF) TDO (FFFF);
SDR 16 TDI (FFFF) TDO (6FFF);
SDR 16 TDI (FFFF) TDO (DFF7);
SDR 16 TDI (FFFF) TDO (BFDF);
SDR 16 TDI (FFFF) TDO (F7FF);
SDR 16 TDI (FFFF) TDO (7FFF);
SDR 16 TDI (FFFF) TDO (FFFF);
SDR 16 TDI (FFFF) TDO (BFBF);
SDR 16 TDI (FFFF) TDO (FFFF);
SDR 16 TDI (FFFF) TDO (7FFF);
SDR 16 TDI (FFFF) TDO (FFFF);
SDR 16 TDI (FFFF) TDO (BFFF);
SDR 16 TDI (FFFF) TDO (6FFF);
SDR 16 TDI (FFFF) TDO (7FFF);
SDR 16 TDI (FFFF) TDO (FFFF);
SDR 16 TDI (FFFF) TDO (BFFF);
SDR 16 TDI (FFFF) TDO (FDDF);
SDR 16 TDI (FFFF) TDO (7FFF);
SDR 16 TDI (FFFF) TDO (FFFF);
SDR 16 TDI (FFFF) TDO (BFFF);
SDR 16 TDI (FFFF) TDO (FFFF);
SDR 16 TDI (FFFF) TDO (777F);
SDR 16 TDI (FFFF) TDO (FFF7);
SDR 16 TDI (FFFF) TDO (BDFF);
SDR 16 TDI (FFFF) TDO (FFF7);
SDR 16 TDI (FFFF) TDO (7FFF);
SDR 16 TDI (FFFF) TDO (F6FF);
SDR 16 TDI (FFFF) TDO (BFB3);
SDR 16 TDI (FFFF) TDO (FFFE);
SDR 16 TDI (FFFF) TDO (7BFF);
SDR 16 TDI (FFFF) TDO (FFFF);
SDR 16 TDI (FFFF) TDO (A55F);
SDR 16 TDI (FFFF) TDO (7FB7);
SDR 16 TDI (FFFF) TDO (77EF);
SDR 16 TDI (FFFF) TDO (F77F);
SDR 16 TDI (FFFF) TDO (BFFE);
SDR 16 TDI (FFFF) TDO (EFFD);
SDR 16 TDI (FFFF) TDO (7BFF);
SDR 16 TDI (FFFF) TDO (B6FF);
SDR 16 TDI (FFFF) TDO (BFFF);
SDR 16 TDI (FFFF) TDO (BB35);
SDR 16 TDI (FFFF) TDO (76F9);
SDR 16 TDI (FFFF) TDO (DDDF);
SDR 16 TDI (FFFF) TDO (BCDE);
SDR 16 TDI (FFFF) TDO (FFF5);
SDR 16 TDI (FFFF) TDO (6DFF);
SDR 16 TDI (FFFF) TDO (FFFF);
SDR 16 TDI (FFFF) TDO (AFFF);
SDR 16 TDI (FFFF) TDO (FFFF);
SDR 16 TDI (FFFF) TDO (7FFF);
SDR 16 TDI (FFFF) TDO (FFFF);
SDR 16 TDI (FFFF) TDO (BFBF);
SDR 16 TDI (FFFF) TDO (FFFF);
SDR 16 TDI (FFFF) TDO (7F7F);
SDR 16 TDI (FFFF) TDO (FFFF);
SDR 16 TDI (FFFF) TDO (BBFF);
SDR 16 TDI (FFFF) TDO (FFFF);
SDR 16 TDI (FFFF) TDO (7F7F);
SDR 16 TDI (FFFF) TDO (B7FF);
SDR 16 TDI (FFFF) TDO (BFFF);
SDR 16 TDI (FFFF) TDO (DD7F);
SDR 16 TDI (FFFF) TDO (79FF);
SDR 16 TDI (FFFF) TDO (FFFF);
SDR 16 TDI (FFFF) TDO (A55F);
SDR 16 TDI (FFFF) TDO (F7FF);
SDR 16 TDI (FFFF) TDO (7F7F);
SDR 16 TDI (FFFF) TDO (7FF7);
SDR 16 TDI (FFFF) TDO (BFF5);
SDR 16 TDI (FFFF) TDO (57FA);
SDR 16 TDI (FFFF) TDO (75FF);
SDR 16 TDI (FFFF) TDO (57FD);
SDR 16 TDI (FFFF) TDO (BFBD);
SDR 16 TDI (FFFF) TDO (FF77);
SDR 16 TDI (FFFF) TDO (6EDF);
SDR 16 TDI (FFFF) TDO (FFFF);
SDR 16 TDI (FFFF) TDO (BFFD);
SDR 16 TDI (FFFF) TDO (FF75);
SDR 16 TDI (FFFF) TDO (7DFF);
SDR 16 TDI (FFFF) TDO (FFFF);
SDR 16 TDI (FFFF) TDO (AAFD);
SDR 16 TDI (FFFF) TDO (FFFF);
SDR 16 TDI (FFFF) TDO (7FFE);
SDR 16 TDI (FFFF) TDO (DDDF);
SDR 16 TDI (FFFF) TDO (BFBB);
SDR 16 TDI (FFFF) TDO (FFFF);
SDR 16 TDI (FFFF) TDO (7FFF);
SDR 16 TDI (FFFF) TDO (FFFE);
SDR 16 TDI (FFFF) TDO (BFFF);
SDR 16 TDI (FFFF) TDO (FFFF);
SDR 16 TDI (FFFF) TDO (7FFB);
SDR 16 TDI (FFFF) TDO (FEFF);
SDR 16 TDI (FFFF) TDO (BB7F);
SDR 16 TDI (FFFF) TDO (BBFF);
SDR 16 TDI (FFFF) TDO (69FF);
SDR 16 TDI (FFFF) TDO (FFFF);
SDR 16 TDI (FFFF) TDO (BBFF);
SDR 16 TDI (FFFF) TDO (5FFF);
SDR 16 TDI (FFFF) TDO (7FFF);
SDR 16 TDI (FFFF) TDO (F77D);
SDR 16 TDI (FFFF) TDO (BFFF);
SDR 16 TDI (FFFF) TDO (FF7F);
SDR 16 TDI (FFFF) TDO (7FFF);
SDR 16 TDI (FFFF) TDO (FFFF);
SDR 16 TDI (FFFF) TDO (BFFF);
SDR 16 TDI (FFFF) TDO (FFFF);
SDR 16 TDI (FFFF) TDO (7F5F);
SDR 16 TDI (FFFF) TDO (BFDF);
SDR 16 TDI (FFFF) TDO (BFB5);
SDR 16 TDI (FFFF) TDO (7FFF);
SDR 16 TDI (FFFF) TDO (7FFF);
SDR 16 TDI (FFFF) TDO (FFFF);
SDR 16 TDI (FFFF) TDO (BFFE);
SDR 16 TDI (FFFF) TDO (E7FF);
SDR 16 TDI (FFFF) TDO (7FFF);
SDR 16 TDI (FFFF) TDO (DBF3);
SDR 16 TDI (FFFF) TDO (BFFF);
SDR 16 TDI (FFFF) TDO (F7FB);
SDR 16 TDI (FFFF) TDO (77F7);
SDR 16 TDI (FFFF) TDO (7DFF);
SDR 16 TDI (FFFF) TDO (BFFF);
SDR 16 TDI (FFFF) TDO (FDDF);
SDR 16 TDI (FFFF) TDO (7BFF);
SDR 16 TDI (FFFF) TDO (FFFF);
SDR 16 TDI (FFFF) TDO (BFEF);
SDR 16 TDI (FFFF) TDO (FFFF);
SDR 16 TDI (FFFF) TDO (7FFF);
SDR 16 TDI (FFFF) TDO (FFFF);
SDR 16 TDI (FFFF) TDO (BFFD);
SDR 16 TDI (FFFF) TDO (8B77);
SDR 16 TDI (FFFF) TDO (7FFE);
SDR 16 TDI (FFFF) TDO (CCE9);
SDR 16 TDI (FFFF) TDO (BF3D);
SDR 16 TDI (FFFF) TDO (DBF6);
SDR 16 TDI (FFFF) TDO (6DFE);
SDR 16 TDI (FFFF) TDO (D8FF);
SDR 16 TDI (FFFF) TDO (BFBF);
SDR 16 TDI (FFFF) TDO (F88E);
SDR 16 TDI (FFFF) TDO (71CD);
SDR 16 TDI (FFFF) TDO (BEEF);
SDR 16 TDI (FFFF) TDO (BDF9);
SDR 16 TDI (FFFF) TDO (BBFF);
SDR 16 TDI (FFFF) TDO (7FFF);
SDR 16 TDI (FFFF) TDO (FFFF);
SDR 16 TDI (FFFF) TDO (B3DF);
SDR 16 TDI (FFFF) TDO (7FFF);
SDR 16 TDI (FFFF) TDO (7EF7);
SDR 16 TDI (FFFF) TDO (F77F);
SDR 16 TDI (FFFF) TDO (BFFB);
SDR 16 TDI (FFFF) TDO (FFBF);
SDR 16 TDI (FFFF) TDO (7FFF);
SDR 16 TDI (FFFF) TDO (F7FF);
SDR 16 TDI (FFFF) TDO (BBFF);
SDR 16 TDI (FFFF) TDO (FF75);
SDR 16 TDI (FFFF) TDO (7E7F);
SDR 16 TDI (FFFF) TDO (5DDF);
SDR 16 TDI (FFFF) TDO (BFCF);
SDR 16 TDI (FFFF) TDO (7F6E);
SDR 16 TDI (FFFF) TDO (7FFF);
SDR 16 TDI (FFFF) TDO (FFFF);
SDR 16 TDI (FFFF) TDO (BFFE);
SDR 16 TDI (FFFF) TDO (F7FF);
SDR 16 TDI (FFFF) TDO (6FFF);
SDR 16 TDI (FFFF) TDO (3BB7);
SDR 16 TDI (FFFF) TDO (BFF6);
SDR 16 TDI (FFFF) TDO (67F9);
SDR 16 TDI (FFFF) TDO (736F);
SDR 16 TDI (FFFF) TDO (3FFC);
SDR 16 TDI (FFFF) TDO (BFFB);
SDR 16 TDI (FFFF) TDO (DFFF);
SDR 16 TDI (FFFF) TDO (7FB3);
SDR 16 TDI (FFFF) TDO (F7FF);
SDR 16 TDI (FFFF) TDO (BA36);
SDR 16 TDI (FFFF) TDO (DCFF);
SDR 16 TDI (FFFF) TDO (7FFF);
SDR 16 TDI (FFFF) TDO (FFFF);
SDR 16 TDI (FFFF) TDO (BE7D);
SDR 16 TDI (FFFF) TDO (2000);
SDR 16 TDI (FFFF) TDO (67C1);
SDR 16 TDI (FFFF) TDO (5E09);
SDR 16 TDI (FFFF) TDO (BC00);
SDR 16 TDI (FFFF) TDO (03E3);
SDR 16 TDI (FFFF) TDO (6618);
SDR 16 TDI (FFFF) TDO (1200);
SDR 16 TDI (FFFF) TDO (A01F);
SDR 16 TDI (FFFF) TDO (0202);
SDR 16 TDI (FFFF) TDO (7F00);
SDR 16 TDI (FFFF) TDO (FF0F);
SDR 16 TDI (FFFF) TDO (B068);
SDR 16 TDI (FFFF) TDO (18F5);
SDR 16 TDI (FFFF) TDO (67FF);
SDR 16 TDI (FFFF) TDO (FFFF);
SDR 16 TDI (FFFF) TDO (B9DD);
SDR 16 TDI (FFFF) TDO (4000);
SDR 16 TDI (FFFF) TDO (67E1);
SDR 16 TDI (FFFF) TDO (4E0B);
SDR 16 TDI (FFFF) TDO (BC01);
SDR 16 TDI (FFFF) TDO (4778);
SDR 16 TDI (FFFF) TDO (7018);
SDR 16 TDI (FFFF) TDO (1000);
SDR 16 TDI (FFFF) TDO (A01F);
SDR 16 TDI (FFFF) TDO (82F2);
SDR 16 TDI (FFFF) TDO (7000);
SDR 16 TDI (FFFF) TDO (8F0F);
SDR 16 TDI (FFFF) TDO (A808);
SDR 16 TDI (FFFF) TDO (18FF);
SDR 16 TDI (FFFF) TDO (7FFF);
SDR 16 TDI (FFFF) TDO (FFFF);
SDR 16 TDI (FFFF) TDO (BF7C);
SDR 16 TDI (FFFF) TDO (3800);
SDR 16 TDI (FFFF) TDO (67E0);
SDR 16 TDI (FFFF) TDO (5C3D);
SDR 16 TDI (FFFF) TDO (BF30);
SDR 16 TDI (FFFF) TDO (03FD);
SDR 16 TDI (FFFF) TDO (7A18);
SDR 16 TDI (FFFF) TDO (900C);
SDR 16 TDI (FFFF) TDO (A01F);
SDR 16 TDI (FFFF) TDO (8100);
SDR 16 TDI (FFFF) TDO (6F09);
SDR 16 TDI (FFFF) TDO (F0CF);
SDR 16 TDI (FFFF) TDO (B885);
SDR 16 TDI (FFFF) TDO (80F5);
SDR 16 TDI (FFFF) TDO (6BFF);
SDR 16 TDI (FFFF) TDO (FFFF);
SDR 16 TDI (FFFF) TDO (BDDC);
SDR 16 TDI (FFFF) TDO (1800);
SDR 16 TDI (FFFF) TDO (67E0);
SDR 16 TDI (FFFF) TDO (DE3F);
SDR 16 TDI (FFFF) TDO (BF30);
SDR 16 TDI (FFFF) TDO (03F0);
SDR 16 TDI (FFFF) TDO (6018);
SDR 16 TDI (FFFF) TDO (100C);
SDR 16 TDI (FFFF) TDO (A01F);
SDR 16 TDI (FFFF) TDO (8480);
SDR 16 TDI (FFFF) TDO (6710);
SDR 16 TDI (FFFF) TDO (0CCF);
SDR 16 TDI (FFFF) TDO (B801);
SDR 16 TDI (FFFF) TDO (807F);
SDR 16 TDI (FFFF) TDO (77FF);
SDR 16 TDI (FFFF) TDO (FFFF);
SDR 16 TDI (FFFF) TDO (B7FF);
SDR 16 TDI (FFFF) TDO (3B33);
SDR 16 TDI (FFFF) TDO (62E6);
SDR 16 TDI (FFFF) TDO (222F);
SDR 16 TDI (FFFF) TDO (B23A);
SDR 16 TDI (FFFF) TDO (2171);
SDR 16 TDI (FFFF) TDO (6266);
SDR 16 TDI (FFFF) TDO (78CE);
SDR 16 TDI (FFFF) TDO (B98B);
SDR 16 TDI (FFFF) TDO (9998);
SDR 16 TDI (FFFF) TDO (718C);
SDR 16 TDI (FFFF) TDO (FEE7);
SDR 16 TDI (FFFF) TDO (BBBB);
SDR 16 TDI (FFFF) TDO (99FF);
SDR 16 TDI (FFFF) TDO (7FFF);
SDR 16 TDI (FFFF) TDO (FFFF);
SDR 16 TDI (FFFF) TDO (BFFF);
SDR 16 TDI (FFFF) TDO (7333);
SDR 16 TDI (FFFF) TDO (6547);
SDR 16 TDI (FFFF) TDO (7767);
SDR 16 TDI (FFFF) TDO (B773);
SDR 16 TDI (FFFF) TDO (76AB);
SDR 16 TDI (FFFF) TDO (7672);
SDR 16 TDI (FFFF) TDO (7D9C);
SDR 16 TDI (FFFF) TDO (B995);
SDR 16 TDI (FFFF) TDO (19CD);
SDR 16 TDI (FFFF) TDO (7BDD);
SDR 16 TDI (FFFF) TDO (CCC2);
SDR 16 TDI (FFFF) TDO (B199);
SDR 16 TDI (FFFF) TDO (CDFF);
SDR 16 TDI (FFFF) TDO (7FFF);
SDR 16 TDI (FFFF) TDO (FFFF);
SDR 16 TDI (FFFF) TDO (BADF);
SDR 16 TDI (FFFF) TDO (BDDD);
SDR 16 TDI (FFFF) TDO (7FDD);
SDR 16 TDI (FFFF) TDO (FFFF);
SDR 16 TDI (FFFF) TDO (BFFF);
SDR 16 TDI (FFFF) TDO (FBEF);
SDR 16 TDI (FFFF) TDO (7FDF);
SDR 16 TDI (FFFF) TDO (FFFF);
SDR 16 TDI (FFFF) TDO (AEFF);
SDR 16 TDI (FFFF) TDO (77BF);
SDR 16 TDI (FFFF) TDO (7FFE);
SDR 16 TDI (FFFF) TDO (FFFF);
SDR 16 TDI (FFFF) TDO (B7FF);
SDR 16 TDI (FFFF) TDO (FBFF);
SDR 16 TDI (FFFF) TDO (7BFF);
SDR 16 TDI (FFFF) TDO (FFFF);
SDR 16 TDI (FFFF) TDO (BFFF);
SDR 16 TDI (FFFF) TDO (FFFF);
SDR 16 TDI (FFFF) TDO (7FEF);
SDR 16 TDI (FFFF) TDO (F7FE);
SDR 16 TDI (FFFF) TDO (BFFF);
SDR 16 TDI (FFFF) TDO (EFFB);
SDR 16 TDI (FFFF) TDO (7F7E);
SDR 16 TDI (FFFF) TDO (DFFF);
SDR 16 TDI (FFFF) TDO (BBFF);
SDR 16 TDI (FFFF) TDO (DFDF);
SDR 16 TDI (FFFF) TDO (7EDF);
SDR 16 TDI (FFFF) TDO (DFDF);
SDR 16 TDI (FFFF) TDO (BFDF);
SDR 16 TDI (FFFF) TDO (FFFF);
SDR 16 TDI (FFFF) TDO (7FFF);
SDR 16 TDI (FFFF) TDO (FFFF);
SDR 16 TDI (FFFF) TDO (BFFF);
SDR 16 TDI (FFFF) TDO (B7FB);
SDR 16 TDI (FFFF) TDO (77FF);
SDR 16 TDI (FFFF) TDO (3F7F);
SDR 16 TDI (FFFF) TDO (BFB6);
SDR 16 TDI (FFFF) TDO (FFFF);
SDR 16 TDI (FFFF) TDO (77FF);
SDR 16 TDI (FFFF) TDO (FBFE);
SDR 16 TDI (FFFF) TDO (BFFF);
SDR 16 TDI (FFFF) TDO (FFFB);
SDR 16 TDI (FFFF) TDO (7FFF);
SDR 16 TDI (FFFF) TDO (BDFF);
SDR 16 TDI (FFFF) TDO (BFFF);
SDR 16 TDI (FFFF) TDO (CFFF);
SDR 16 TDI (FFFF) TDO (7FFF);
SDR 16 TDI (FFFF) TDO (FFFF);
SDR 16 TDI (FFFF) TDO (AFFF);
SDR 16 TDI (FFFF) TDO (F7FF);
SDR 16 TDI (FFFF) TDO (7FFE);
SDR 16 TDI (FFFF) TDO (FFFF);
SDR 16 TDI (FFFF) TDO (BFF7);
SDR 16 TDI (FFFF) TDO (EFFB);
SDR 16 TDI (FFFF) TDO (7F7E);
SDR 16 TDI (FFFF) TDO (FFFF);
SDR 16 TDI (FFFF) TDO (BFFF);
SDR 16 TDI (FFFF) TDO (FFFF);
SDR 16 TDI (FFFF) TDO (7EEF);
SDR 16 TDI (FFFF) TDO (FEFF);
SDR 16 TDI (FFFF) TDO (BFFF);
SDR 16 TDI (FFFF) TDO (FFFF);
SDR 16 TDI (FFFF) TDO (7DFF);
SDR 16 TDI (FFFF) TDO (FFFF);
SDR 16 TDI (FFFF) TDO (AFFF);
SDR 16 TDI (FFFF) TDO (FFFF);
SDR 16 TDI (FFFF) TDO (7FEF);
SDR 16 TDI (FFFF) TDO (EEFF);
SDR 16 TDI (FFFF) TDO (AFFF);
SDR 16 TDI (FFFF) TDO (FFFF);
SDR 16 TDI (FFFF) TDO (77FF);
SDR 16 TDI (FFFF) TDO (DFFF);
SDR 16 TDI (FFFF) TDO (BBFF);
SDR 16 TDI (FFFF) TDO (DFDF);
SDR 16 TDI (FFFF) TDO (7FFF);
SDR 16 TDI (FFFF) TDO (EFDF);
SDR 16 TDI (FFFF) TDO (BFDF);
SDR 16 TDI (FFFF) TDO (DFFF);
SDR 16 TDI (FFFF) TDO (75FF);
SDR 16 TDI (FFFF) TDO (FFFF);
SDR 16 TDI (FFFF) TDO (BFFE);
SDR 16 TDI (FFFF) TDO (FFF7);
SDR 16 TDI (FFFF) TDO (7FFF);
SDR 16 TDI (FFFF) TDO (FFFF);
SDR 16 TDI (FFFF) TDO (BFFF);
SDR 16 TDI (FFFF) TDO (FFFF);
SDR 16 TDI (FFFF) TDO (7B7F);
SDR 16 TDI (FFFF) TDO (FFFF);
SDR 16 TDI (FFFF) TDO (B7DF);
SDR 16 TDI (FFFF) TDO (FFDF);
SDR 16 TDI (FFFF) TDO (7FFF);
SDR 16 TDI (FFFF) TDO (FFFF);
SDR 16 TDI (FFFF) TDO (BDFF);
SDR 16 TDI (FFFF) TDO (3AFF);
SDR 16 TDI (FFFF) TDO (7FFF);
SDR 16 TDI (FFFF) TDO (FFFF);
SDR 16 TDI (FFFF) TDO (BFFF);
SDR 16 TDI (FFFF) TDO (FFFF);
SDR 16 TDI (FFFF) TDO (7FEB);
SDR 16 TDI (FFFF) TDO (F7FF);
SDR 16 TDI (FFFF) TDO (BFDB);
SDR 16 TDI (FFFF) TDO (FFFD);
SDR 16 TDI (FFFF) TDO (7FFF);
SDR 16 TDI (FFFF) TDO (DBFF);
SDR 16 TDI (FFFF) TDO (BBFF);
SDR 16 TDI (FFFF) TDO (FFFF);
SDR 16 TDI (FFFF) TDO (7E7B);
SDR 16 TDI (FFFF) TDO (FDDF);
SDR 16 TDI (FFFF) TDO (BFDF);
SDR 16 TDI (FFFF) TDO (FFFF);
SDR 16 TDI (FFFF) TDO (7FFF);
SDR 16 TDI (FFFF) TDO (FFFF);
SDR 16 TDI (FFFF) TDO (BDFD);
SDR 16 TDI (FFFF) TDO (FFEF);
SDR 16 TDI (FFFF) TDO (7FFF);
SDR 16 TDI (FFFF) TDO (F7EF);
SDR 16 TDI (FFFF) TDO (BFFF);
SDR 16 TDI (FFFF) TDO (BBF7);
SDR 16 TDI (FFFF) TDO (6FFF);
SDR 16 TDI (FFFF) TDO (CEBF);
SDR 16 TDI (FFFF) TDO (AF7F);
SDR 16 TDI (FFFF) TDO (FBEF);
SDR 16 TDI (FFFF) TDO (7F7F);
SDR 16 TDI (FFFF) TDO (FFDF);
SDR 16 TDI (FFFF) TDO (BFFF);
SDR 16 TDI (FFFF) TDO (5DDF);
SDR 16 TDI (FFFF) TDO (7FFF);
SDR 16 TDI (FFFF) TDO (FFFF);
SDR 16 TDI (FFFF) TDO (BFFF);
SDR 16 TDI (FFFF) TDO (FFF7);
SDR 16 TDI (FFFF) TDO (7FED);
SDR 16 TDI (FFFF) TDO (FFFF);
SDR 16 TDI (FFFF) TDO (BFD7);
SDR 16 TDI (FFFF) TDO (FFFE);
SDR 16 TDI (FFFF) TDO (7CFF);
SDR 16 TDI (FFFF) TDO (FBFF);
SDR 16 TDI (FFFF) TDO (BBBF);
SDR 16 TDI (FFFF) TDO (FFDF);
SDR 16 TDI (FFFF) TDO (7EFB);
SDR 16 TDI (FFFF) TDO (FDFF);
SDR 16 TDI (FFFF) TDO (BDDF);
SDR 16 TDI (FFFF) TDO (FEFF);
SDR 16 TDI (FFFF) TDO (7FFF);
SDR 16 TDI (FFFF) TDO (FFFF);
SDR 16 TDI (FFFF) TDO (BEFD);
SDR 16 TDI (FFFF) TDO (7FFF);
SDR 16 TDI (FFFF) TDO (7FFF);
SDR 16 TDI (FFFF) TDO (7FFF);
SDR 16 TDI (FFFF) TDO (BFFF);
SDR 16 TDI (FFFF) TDO (FFFF);
SDR 16 TDI (FFFF) TDO (7FFB);
SDR 16 TDI (FFFF) TDO (EFBE);
SDR 16 TDI (FFFF) TDO (BFFF);
SDR 16 TDI (FFFF) TDO (FFDE);
SDR 16 TDI (FFFF) TDO (7FBF);
SDR 16 TDI (FFFF) TDO (FFFF);
SDR 16 TDI (FFFF) TDO (BFBF);
SDR 16 TDI (FFFF) TDO (FEFF);
SDR 16 TDI (FFFF) TDO (6FFF);
SDR 16 TDI (FFFF) TDO (FFFF);
SDR 16 TDI (FFFF) TDO (BFFF);
SDR 16 TDI (FFFF) TDO (FFFF);
SDR 16 TDI (FFFF) TDO (6FFF);
SDR 16 TDI (FFFF) TDO (FFFF);
SDR 16 TDI (FFFF) TDO (BEFF);
SDR 16 TDI (FFFF) TDO (F7FF);
SDR 16 TDI (FFFF) TDO (7DFF);
SDR 16 TDI (FFFF) TDO (EDEF);
SDR 16 TDI (FFFF) TDO (B7BF);
SDR 16 TDI (FFFF) TDO (FDF7);
SDR 16 TDI (FFFF) TDO (7DFD);
SDR 16 TDI (FFFF) TDO (BFDF);
SDR 16 TDI (FFFF) TDO (BFF7);
SDR 16 TDI (FFFF) TDO (7FFF);
SDR 16 TDI (FFFF) TDO (7FFF);
SDR 16 TDI (FFFF) TDO (FFFF);
SDR 16 TDI (FFFF) TDO (BDFF);
SDR 16 TDI (FFFF) TDO (EFEF);
SDR 16 TDI (FFFF) TDO (7FFF);
SDR 16 TDI (FFFF) TDO (6AFF);
SDR 16 TDI (FFFF) TDO (BDFF);
SDR 16 TDI (FFFF) TDO (BFFF);
SDR 16 TDI (FFFF) TDO (7FFF);
SDR 16 TDI (FFFF) TDO (FBFB);
SDR 16 TDI (FFFF) TDO (BFBF);
SDR 16 TDI (FFFF) TDO (FFFB);
SDR 16 TDI (FFFF) TDO (76ED);
SDR 16 TDI (FFFF) TDO (FFDF);
SDR 16 TDI (FFFF) TDO (BFFF);
SDR 16 TDI (FFFF) TDO (EFFF);
SDR 16 TDI (FFFF) TDO (7FFF);
SDR 16 TDI (FFFF) TDO (FFFF);
SDR 16 TDI (FFFF) TDO (BFFD);
SDR 16 TDI (FFFF) TDO (7FFF);
SDR 16 TDI (FFFF) TDO (7FFF);
SDR 16 TDI (FFFF) TDO (FFFF);
SDR 16 TDI (FFFF) TDO (BFFF);
SDR 16 TDI (FFFF) TDO (FFFF);
SDR 16 TDI (FFFF) TDO (7BFD);
SDR 16 TDI (FFFF) TDO (FE5D);
SDR 16 TDI (FFFF) TDO (B7FF);
SDR 16 TDI (FFFF) TDO (FDAF);
SDR 16 TDI (FFFF) TDO (6FBF);
SDR 16 TDI (FFFF) TDO (7FFF);
SDR 16 TDI (FFFF) TDO (BFD6);
SDR 16 TDI (FFFF) TDO (FF7F);
SDR 16 TDI (FFFF) TDO (6FFF);
SDR 16 TDI (FFFF) TDO (FFFF);
SDR 16 TDI (FFFF) TDO (BF5F);
SDR 16 TDI (FFFF) TDO (D6FF);
SDR 16 TDI (FFFF) TDO (7FEF);
SDR 16 TDI (FFFF) TDO (7FFD);
SDR 16 TDI (FFFF) TDO (BFFF);
SDR 16 TDI (FFFF) TDO (FFFF);
SDR 16 TDI (FFFF) TDO (7B7E);
SDR 16 TDI (FFFF) TDO (FFFB);
SDR 16 TDI (FFFF) TDO (B6BF);
SDR 16 TDI (FFFF) TDO (DF6F);
SDR 16 TDI (FFFF) TDO (7EF5);
SDR 16 TDI (FFFF) TDO (FFFF);
SDR 16 TDI (FFFF) TDO (BFFF);
SDR 16 TDI (FFFF) TDO (CFF5);
SDR 16 TDI (FFFF) TDO (69FF);
SDR 16 TDI (FFFF) TDO (FFFF);
SDR 16 TDI (FFFF) TDO (B9FF);
SDR 16 TDI (FFFF) TDO (7F7E);
SDR 16 TDI (FFFF) TDO (77FF);
SDR 16 TDI (FFFF) TDO (F3FF);
SDR 16 TDI (FFFF) TDO (BEFB);
SDR 16 TDI (FFFF) TDO (FFFD);
SDR 16 TDI (FFFF) TDO (6FFF);
SDR 16 TDI (FFFF) TDO (BFDD);
SDR 16 TDI (FFFF) TDO (BBFF);
SDR 16 TDI (FFFF) TDO (FFFD);
SDR 16 TDI (FFFF) TDO (7FEF);
SDR 16 TDI (FFFF) TDO (BF7F);
SDR 16 TDI (FFFF) TDO (BAD7);
SDR 16 TDI (FFFF) TDO (FFFF);
SDR 16 TDI (FFFF) TDO (7DFF);
SDR 16 TDI (FFFF) TDO (FFFF);
SDR 16 TDI (FFFF) TDO (BAAF);
SDR 16 TDI (FFFF) TDO (FFF7);
SDR 16 TDI (FFFF) TDO (7FFF);
SDR 16 TDI (FFFF) TDO (FBF7);
SDR 16 TDI (FFFF) TDO (ABAF);
SDR 16 TDI (FFFF) TDO (FBF7);
SDR 16 TDI (FFFF) TDO (7FCB);
SDR 16 TDI (FFFF) TDO (FD7F);
SDR 16 TDI (FFFF) TDO (B77F);
SDR 16 TDI (FFFF) TDO (EDDF);
SDR 16 TDI (FFFF) TDO (7BFF);
SDR 16 TDI (FFFF) TDO (EFAF);
SDR 16 TDI (FFFF) TDO (BFFF);
SDR 16 TDI (FFFF) TDO (EFF4);
SDR 16 TDI (FFFF) TDO (7BFF);
SDR 16 TDI (FFFF) TDO (FFFF);
SDR 16 TDI (FFFF) TDO (BFFF);
SDR 16 TDI (FFFF) TDO (B5FD);
SDR 16 TDI (FFFF) TDO (7FFD);
SDR 16 TDI (FFFF) TDO (FFF7);
SDR 16 TDI (FFFF) TDO (BAFF);
SDR 16 TDI (FFFF) TDO (FFF7);
SDR 16 TDI (FFFF) TDO (7DFF);
SDR 16 TDI (FFFF) TDO (D7FF);
SDR 16 TDI (FFFF) TDO (BFBF);
SDR 16 TDI (FFFF) TDO (FDEF);
SDR 16 TDI (FFFF) TDO (7FF7);
SDR 16 TDI (FFFF) TDO (FFFF);
SDR 16 TDI (FFFF) TDO (BFBD);
SDR 16 TDI (FFFF) TDO (DFFB);
SDR 16 TDI (FFFF) TDO (77FF);
SDR 16 TDI (FFFF) TDO (FFFF);
SDR 16 TDI (FFFF) TDO (BFFE);
SDR 16 TDI (FFFF) TDO (FFE7);
SDR 16 TDI (FFFF) TDO (7FFF);
SDR 16 TDI (FFFF) TDO (3EDD);
SDR 16 TDI (FFFF) TDO (BFB7);
SDR 16 TDI (FFFF) TDO (BBFD);
SDR 16 TDI (FFFF) TDO (7F6F);
SDR 16 TDI (FFFF) TDO (FFFB);
SDR 16 TDI (FFFF) TDO (BFFF);
SDR 16 TDI (FFFF) TDO (FF7D);
SDR 16 TDI (FFFF) TDO (7FDD);
SDR 16 TDI (FFFF) TDO (7EEF);
SDR 16 TDI (FFFF) TDO (BEEF);
SDR 16 TDI (FFFF) TDO (FFFF);
SDR 16 TDI (FFFF) TDO (7FFF);
SDR 16 TDI (FFFF) TDO (FFFF);
SDR 16 TDI (FFFF) TDO (BFFE);
SDR 16 TDI (FFFF) TDO (FF5F);
SDR 16 TDI (FFFF) TDO (77EF);
SDR 16 TDI (FFFF) TDO (BFDF);
SDR 16 TDI (FFFF) TDO (AFEF);
SDR 16 TDI (FFFF) TDO (FFFF);
SDR 16 TDI (FFFF) TDO (6FFA);
SDR 16 TDI (FFFF) TDO (FFFE);
SDR 16 TDI (FFFF) TDO (BBFA);
SDR 16 TDI (FFFF) TDO (AFDF);
SDR 16 TDI (FFFF) TDO (6FFF);
SDR 16 TDI (FFFF) TDO (EFFD);
SDR 16 TDI (FFFF) TDO (BBFF);
SDR 16 TDI (FFFF) TDO (FBFF);
SDR 16 TDI (FFFF) TDO (7FFF);
SDR 16 TDI (FFFF) TDO (FFFF);
SDR 16 TDI (FFFF) TDO (BFFF);
SDR 16 TDI (FFFF) TDO (BFDF);
SDR 16 TDI (FFFF) TDO (77EF);
SDR 16 TDI (FFFF) TDO (7FDF);
SDR 16 TDI (FFFF) TDO (AFFF);
SDR 16 TDI (FFFF) TDO (BFFC);
SDR 16 TDI (FFFF) TDO (6EFE);
SDR 16 TDI (FFFF) TDO (FBB3);
SDR 16 TDI (FFFF) TDO (B8FF);
SDR 16 TDI (FFFF) TDO (7BBF);
SDR 16 TDI (FFFF) TDO (7AFE);
SDR 16 TDI (FFFF) TDO (BFAF);
SDR 16 TDI (FFFF) TDO (BF9F);
SDR 16 TDI (FFFF) TDO (E7FF);
SDR 16 TDI (FFFF) TDO (7FFF);
SDR 16 TDI (FFFF) TDO (FFFF);
SDR 16 TDI (FFFF) TDO (B5FE);
SDR 16 TDI (FFFF) TDO (D13B);
SDR 16 TDI (FFFF) TDO (6FF6);
SDR 16 TDI (FFFF) TDO (F5A1);
SDR 16 TDI (FFFF) TDO (B7A7);
SDR 16 TDI (FFFF) TDO (F7FF);
SDR 16 TDI (FFFF) TDO (773B);
SDR 16 TDI (FFFF) TDO (DDDF);
SDR 16 TDI (FFFF) TDO (A7DF);
SDR 16 TDI (FFFF) TDO (BDC3);
SDR 16 TDI (FFFF) TDO (6FFD);
SDR 16 TDI (FFFF) TDO (6E5E);
SDR 16 TDI (FFFF) TDO (B87B);
SDR 16 TDI (FFFF) TDO (9BEA);
SDR 16 TDI (FFFF) TDO (77FF);
SDR 16 TDI (FFFF) TDO (FFFF);
SDR 16 TDI (FFFF) TDO (BFFD);
SDR 16 TDI (FFFF) TDO (7EE4);
SDR 16 TDI (FFFF) TDO (7FFB);
SDR 16 TDI (FFFF) TDO (9AFE);
SDR 16 TDI (FFFF) TDO (B85B);
SDR 16 TDI (FFFF) TDO (FBF3);
SDR 16 TDI (FFFF) TDO (79E5);
SDR 16 TDI (FFFF) TDO (3FFC);
SDR 16 TDI (FFFF) TDO (BF3D);
SDR 16 TDI (FFFF) TDO (C67D);
SDR 16 TDI (FFFF) TDO (7FC3);
SDR 16 TDI (FFFF) TDO (DFFF);
SDR 16 TDI (FFFF) TDO (BFE7);
SDR 16 TDI (FFFF) TDO (FFFF);
SDR 16 TDI (FFFF) TDO (7FFF);
SDR 16 TDI (FFFF) TDO (FFFF);
SDR 16 TDI (FFFF) TDO (BFAC);
SDR 16 TDI (FFFF) TDO (C3C3);
SDR 16 TDI (FFFF) TDO (7FC3);
SDR 16 TDI (FFFF) TDO (BA08);
SDR 16 TDI (FFFF) TDO (A950);
SDR 16 TDI (FFFF) TDO (C3E4);
SDR 16 TDI (FFFF) TDO (6E07);
SDR 16 TDI (FFFF) TDO (F5AE);
SDR 16 TDI (FFFF) TDO (B61E);
SDR 16 TDI (FFFF) TDO (39D9);
SDR 16 TDI (FFFF) TDO (700D);
SDR 16 TDI (FFFF) TDO (8C0F);
SDR 16 TDI (FFFF) TDO (B029);
SDR 16 TDI (FFFF) TDO (89F5);
SDR 16 TDI (FFFF) TDO (6BFF);
SDR 16 TDI (FFFF) TDO (FFFF);
SDR 16 TDI (FFFF) TDO (B9FC);
SDR 16 TDI (FFFF) TDO (4284);
SDR 16 TDI (FFFF) TDO (67A3);
SDR 16 TDI (FFFF) TDO (F90A);
SDR 16 TDI (FFFF) TDO (A000);
SDR 16 TDI (FFFF) TDO (C3D4);
SDR 16 TDI (FFFF) TDO (6606);
SDR 16 TDI (FFFF) TDO (95AA);
SDR 16 TDI (FFFF) TDO (A1FB);
SDR 16 TDI (FFFF) TDO (9A91);
SDR 16 TDI (FFFF) TDO (7008);
SDR 16 TDI (FFFF) TDO (0C0D);
SDR 16 TDI (FFFF) TDO (BC09);
SDR 16 TDI (FFFF) TDO (81FF);
SDR 16 TDI (FFFF) TDO (7FFF);
SDR 16 TDI (FFFF) TDO (FFFF);
SDR 16 TDI (FFFF) TDO (BF5C);
SDR 16 TDI (FFFF) TDO (F3D3);
SDR 16 TDI (FFFF) TDO (7FFD);
SDR 16 TDI (FFFF) TDO (3C12);
SDR 16 TDI (FFFF) TDO (AD90);
SDR 16 TDI (FFFF) TDO (CFFC);
SDR 16 TDI (FFFF) TDO (6641);
SDR 16 TDI (FFFF) TDO (F0FC);
SDR 16 TDI (FFFF) TDO (B71F);
SDR 16 TDI (FFFF) TDO (C83F);
SDR 16 TDI (FFFF) TDO (7F37);
SDR 16 TDI (FFFF) TDO (0C4F);
SDR 16 TDI (FFFF) TDO (B849);
SDR 16 TDI (FFFF) TDO (81F5);
SDR 16 TDI (FFFF) TDO (6BFF);
SDR 16 TDI (FFFF) TDO (FFFF);
SDR 16 TDI (FFFF) TDO (BDEC);
SDR 16 TDI (FFFF) TDO (01D9);
SDR 16 TDI (FFFF) TDO (6FFD);
SDR 16 TDI (FFFF) TDO (7892);
SDR 16 TDI (FFFF) TDO (AD18);
SDR 16 TDI (FFFF) TDO (CFF8);
SDR 16 TDI (FFFF) TDO (6644);
SDR 16 TDI (FFFF) TDO (10F0);
SDR 16 TDI (FFFF) TDO (A7FF);
SDR 16 TDI (FFFF) TDO (8498);
SDR 16 TDI (FFFF) TDO (6031);
SDR 16 TDI (FFFF) TDO (0C0F);
SDR 16 TDI (FFFF) TDO (B869);
SDR 16 TDI (FFFF) TDO (81FF);
SDR 16 TDI (FFFF) TDO (7FFF);
SDR 16 TDI (FFFF) TDO (FFFF);
SDR 16 TDI (FFFF) TDO (B7F7);
SDR 16 TDI (FFFF) TDO (9B3B);
SDR 16 TDI (FFFF) TDO (73E2);
SDR 16 TDI (FFFF) TDO (FE67);
SDR 16 TDI (FFFF) TDO (BBB3);
SDR 16 TDI (FFFF) TDO (31F7);
SDR 16 TDI (FFFF) TDO (6E66);
SDR 16 TDI (FFFF) TDO (FCCC);
SDR 16 TDI (FFFF) TDO (B98F);
SDR 16 TDI (FFFF) TDO (999B);
SDR 16 TDI (FFFF) TDO (716C);
SDR 16 TDI (FFFF) TDO (2E27);
SDR 16 TDI (FFFF) TDO (BB1B);
SDR 16 TDI (FFFF) TDO (A3FF);
SDR 16 TDI (FFFF) TDO (7FFF);
SDR 16 TDI (FFFF) TDO (FFFF);
SDR 16 TDI (FFFF) TDO (BDFF);
SDR 16 TDI (FFFF) TDO (3373);
SDR 16 TDI (FFFF) TDO (6556);
SDR 16 TDI (FFFF) TDO (6777);
SDR 16 TDI (FFFF) TDO (B336);
SDR 16 TDI (FFFF) TDO (74A3);
SDR 16 TDI (FFFF) TDO (6776);
SDR 16 TDI (FFFF) TDO (79CC);
SDR 16 TDI (FFFF) TDO (BB85);
SDR 16 TDI (FFFF) TDO (5D99);
SDR 16 TDI (FFFF) TDO (7B8D);
SDR 16 TDI (FFFF) TDO (CCCA);
SDR 16 TDI (FFFF) TDO (B199);
SDR 16 TDI (FFFF) TDO (99FF);
SDR 16 TDI (FFFF) TDO (7FFF);
SDR 16 TDI (FFFF) TDO (FFFF);
SDR 16 TDI (FFFF) TDO (BBE7);
SDR 16 TDI (FFFF) TDO (DBBF);
SDR 16 TDI (FFFF) TDO (7FDF);
SDR 16 TDI (FFFF) TDO (FEEF);
SDR 16 TDI (FFFF) TDO (BFFB);
SDR 16 TDI (FFFF) TDO (FBEF);
SDR 16 TDI (FFFF) TDO (7EEF);
SDR 16 TDI (FFFF) TDO (FEFF);
SDR 16 TDI (FFFF) TDO (BDE7);
SDR 16 TDI (FFFF) TDO (3BFF);
SDR 16 TDI (FFFF) TDO (6F7E);
SDR 16 TDI (FFFF) TDO (7F7F);
SDR 16 TDI (FFFF) TDO (B37F);
SDR 16 TDI (FFFF) TDO (F7FF);
SDR 16 TDI (FFFF) TDO (7FFF);
SDR 16 TDI (FFFF) TDO (FFFF);
SDR 16 TDI (FFFF) TDO (BFFF);
SDR 16 TDI (FFFF) TDO (EFF7);
SDR 16 TDI (FFFF) TDO (6FF7);
SDR 16 TDI (FFFF) TDO (5FFD);
SDR 16 TDI (FFFF) TDO (BFFD);
SDR 16 TDI (FFFF) TDO (67FF);
SDR 16 TDI (FFFF) TDO (7FCF);
SDR 16 TDI (FFFF) TDO (FDFD);
SDR 16 TDI (FFFF) TDO (BF7F);
SDR 16 TDI (FFFF) TDO (FF5F);
SDR 16 TDI (FFFF) TDO (7FF7);
SDR 16 TDI (FFFF) TDO (7D5F);
SDR 16 TDI (FFFF) TDO (BFFF);
SDR 16 TDI (FFFF) TDO (F7FF);
SDR 16 TDI (FFFF) TDO (7FFF);
SDR 16 TDI (FFFF) TDO (FFFF);
SDR 16 TDI (FFFF) TDO (BF7F);
SDR 16 TDI (FFFF) TDO (77FE);
SDR 16 TDI (FFFF) TDO (7FFF);
SDR 16 TDI (FFFF) TDO (FFFF);
SDR 16 TDI (FFFF) TDO (BFFF);
SDR 16 TDI (FFFF) TDO (FFFF);
SDR 16 TDI (FFFF) TDO (7FFF);
SDR 16 TDI (FFFF) TDO (FFEB);
SDR 16 TDI (FFFF) TDO (BFFF);
SDR 16 TDI (FFFF) TDO (CFEF);
SDR 16 TDI (FFFF) TDO (77FF);
SDR 16 TDI (FFFF) TDO (FFFF);
SDR 16 TDI (FFFF) TDO (BF3F);
SDR 16 TDI (FFFF) TDO (7FFD);
SDR 16 TDI (FFFF) TDO (7FFF);
SDR 16 TDI (FFFF) TDO (FFFF);
SDR 16 TDI (FFFF) TDO (BFFF);
SDR 16 TDI (FFFF) TDO (DFFB);
SDR 16 TDI (FFFF) TDO (7FEF);
SDR 16 TDI (FFFF) TDO (5FFF);
SDR 16 TDI (FFFF) TDO (BFFE);
SDR 16 TDI (FFFF) TDO (FFFF);
SDR 16 TDI (FFFF) TDO (7FFF);
SDR 16 TDI (FFFF) TDO (FEFD);
SDR 16 TDI (FFFF) TDO (BFFF);
SDR 16 TDI (FFFF) TDO (FFFF);
SDR 16 TDI (FFFF) TDO (7FFF);
SDR 16 TDI (FFFF) TDO (7FDF);
SDR 16 TDI (FFFF) TDO (BFFF);
SDR 16 TDI (FFFF) TDO (FFFF);
SDR 16 TDI (FFFF) TDO (7FFF);
SDR 16 TDI (FFFF) TDO (FFFF);
SDR 16 TDI (FFFF) TDO (BBFB);
SDR 16 TDI (FFFF) TDO (77FF);
SDR 16 TDI (FFFF) TDO (77FF);
SDR 16 TDI (FFFF) TDO (FFFD);
SDR 16 TDI (FFFF) TDO (BFFF);
SDR 16 TDI (FFFF) TDO (A7FF);
SDR 16 TDI (FFFF) TDO (7FCF);
SDR 16 TDI (FFFF) TDO (FFFF);
SDR 16 TDI (FFFF) TDO (BF7F);
SDR 16 TDI (FFFF) TDO (DF5F);
SDR 16 TDI (FFFF) TDO (7FF7);
SDR 16 TDI (FFFF) TDO (FE7F);
SDR 16 TDI (FFFF) TDO (BEFF);
SDR 16 TDI (FFFF) TDO (6FFF);
SDR 16 TDI (FFFF) TDO (77FF);
SDR 16 TDI (FFFF) TDO (FFFF);
SDR 16 TDI (FFFF) TDO (BFFF);
SDR 16 TDI (FFFF) TDO (FFFA);
SDR 16 TDI (FFFF) TDO (7FFF);
SDR 16 TDI (FFFF) TDO (FFFE);
SDR 16 TDI (FFFF) TDO (BDBF);
SDR 16 TDI (FFFF) TDO (7FFF);
SDR 16 TDI (FFFF) TDO (76FF);
SDR 16 TDI (FFFF) TDO (BFFF);
SDR 16 TDI (FFFF) TDO (BFFF);
SDR 16 TDI (FFFF) TDO (FDFF);
SDR 16 TDI (FFFF) TDO (7EFF);
SDR 16 TDI (FFFF) TDO (FF7F);
SDR 16 TDI (FFFF) TDO (BFEF);
SDR 16 TDI (FFFF) TDO (FDFF);
SDR 16 TDI (FFFF) TDO (77FF);
SDR 16 TDI (FFFF) TDO (FFFF);
SDR 16 TDI (FFFF) TDO (BFFF);
SDR 16 TDI (FFFF) TDO (FFEF);
SDR 16 TDI (FFFF) TDO (7FFF);
SDR 16 TDI (FFFF) TDO (FFFF);
SDR 16 TDI (FFFF) TDO (BBFF);
SDR 16 TDI (FFFF) TDO (FFFF);
SDR 16 TDI (FFFF) TDO (7FCF);
SDR 16 TDI (FFFF) TDO (76BE);
SDR 16 TDI (FFFF) TDO (BF7F);
SDR 16 TDI (FFFF) TDO (DFEB);
SDR 16 TDI (FFFF) TDO (7F7F);
SDR 16 TDI (FFFF) TDO (FFFF);
SDR 16 TDI (FFFF) TDO (BFFF);
SDR 16 TDI (FFFF) TDO (DFFF);
SDR 16 TDI (FFFF) TDO (7FFF);
SDR 16 TDI (FFFF) TDO (FFFF);
SDR 16 TDI (FFFF) TDO (BFD7);
SDR 16 TDI (FFFF) TDO (FFFD);
SDR 16 TDI (FFFF) TDO (77FE);
SDR 16 TDI (FFFF) TDO (EFFF);
SDR 16 TDI (FFFF) TDO (B57E);
SDR 16 TDI (FFFF) TDO (FFFD);
SDR 16 TDI (FFFF) TDO (7FF3);
SDR 16 TDI (FFFF) TDO (ED7F);
SDR 16 TDI (FFFF) TDO (BFFF);
SDR 16 TDI (FFFF) TDO (DEFD);
SDR 16 TDI (FFFF) TDO (777F);
SDR 16 TDI (FFFF) TDO (FE6F);
SDR 16 TDI (FFFF) TDO (BFF6);
SDR 16 TDI (FFFF) TDO (FDFD);
SDR 16 TDI (FFFF) TDO (6FFF);
SDR 16 TDI (FFFF) TDO (FFFF);
SDR 16 TDI (FFFF) TDO (BFFF);
SDR 16 TDI (FFFF) TDO (FFE7);
SDR 16 TDI (FFFF) TDO (7FFF);
SDR 16 TDI (FFFF) TDO (FFFE);
SDR 16 TDI (FFFF) TDO (BFFF);
SDR 16 TDI (FFFF) TDO (7FFF);
SDR 16 TDI (FFFF) TDO (6EBE);
SDR 16 TDI (FFFF) TDO (B7FD);
SDR 16 TDI (FFFF) TDO (BEFF);
SDR 16 TDI (FFFF) TDO (FBEF);
SDR 16 TDI (FFFF) TDO (7DFF);
SDR 16 TDI (FFFF) TDO (FFFF);
SDR 16 TDI (FFFF) TDO (BFFF);
SDR 16 TDI (FFFF) TDO (DFFF);
SDR 16 TDI (FFFF) TDO (7FFF);
SDR 16 TDI (FFFF) TDO (FFFF);
SDR 16 TDI (FFFF) TDO (BFFE);
SDR 16 TDI (FFFF) TDO (DDFF);
SDR 16 TDI (FFFF) TDO (7FFF);
SDR 16 TDI (FFFF) TDO (7FF7);
SDR 16 TDI (FFFF) TDO (AFFF);
SDR 16 TDI (FFFF) TDO (BFFF);
SDR 16 TDI (FFFF) TDO (7BFF);
SDR 16 TDI (FFFF) TDO (EDBE);
SDR 16 TDI (FFFF) TDO (BDFF);
SDR 16 TDI (FFFF) TDO (FEEB);
SDR 16 TDI (FFFF) TDO (7BBE);
SDR 16 TDI (FFFF) TDO (FFFF);
SDR 16 TDI (FFFF) TDO (BFF7);
SDR 16 TDI (FFFF) TDO (FFFF);
SDR 16 TDI (FFFF) TDO (7FFF);
SDR 16 TDI (FFFF) TDO (FFFF);
SDR 16 TDI (FFFF) TDO (BFF7);
SDR 16 TDI (FFFF) TDO (FBFF);
SDR 16 TDI (FFFF) TDO (6FFF);
SDR 16 TDI (FFFF) TDO (FFFF);
SDR 16 TDI (FFFF) TDO (BFFE);
SDR 16 TDI (FFFF) TDO (F7FF);
SDR 16 TDI (FFFF) TDO (77BC);
SDR 16 TDI (FFFF) TDO (EFDF);
SDR 16 TDI (FFFF) TDO (BFBF);
SDR 16 TDI (FFFF) TDO (FFDF);
SDR 16 TDI (FFFF) TDO (7FFB);
SDR 16 TDI (FFFF) TDO (7BDF);
SDR 16 TDI (FFFF) TDO (BFBF);
SDR 16 TDI (FFFF) TDO (EF7F);
SDR 16 TDI (FFFF) TDO (7FFF);
SDR 16 TDI (FFFF) TDO (FFFF);
SDR 16 TDI (FFFF) TDO (BFF7);
SDR 16 TDI (FFFF) TDO (FFFB);
SDR 16 TDI (FFFF) TDO (7FFF);
SDR 16 TDI (FFFF) TDO (6FFF);
SDR 16 TDI (FFFF) TDO (BFFF);
SDR 16 TDI (FFFF) TDO (77FF);
SDR 16 TDI (FFFF) TDO (77FF);
SDR 16 TDI (FFFF) TDO (FDFF);
SDR 16 TDI (FFFF) TDO (BFBF);
SDR 16 TDI (FFFF) TDO (FFFF);
SDR 16 TDI (FFFF) TDO (7FEF);
SDR 16 TDI (FFFF) TDO (6EFF);
SDR 16 TDI (FFFF) TDO (BFDB);
SDR 16 TDI (FFFF) TDO (BBFF);
SDR 16 TDI (FFFF) TDO (7FFF);
SDR 16 TDI (FFFF) TDO (FFFF);
SDR 16 TDI (FFFF) TDO (BFFE);
SDR 16 TDI (FFFF) TDO (DAFF);
SDR 16 TDI (FFFF) TDO (7FFF);
SDR 16 TDI (FFFF) TDO (FFF6);
SDR 16 TDI (FFFF) TDO (BFFE);
SDR 16 TDI (FFFF) TDO (FFFF);
SDR 16 TDI (FFFF) TDO (7BDB);
SDR 16 TDI (FFFF) TDO (7F6E);
SDR 16 TDI (FFFF) TDO (BDFF);
SDR 16 TDI (FFFF) TDO (FF2D);
SDR 16 TDI (FFFF) TDO (7BB5);
SDR 16 TDI (FFFF) TDO (FBFF);
SDR 16 TDI (FFFF) TDO (BFF7);
SDR 16 TDI (FFFF) TDO (EEFF);
SDR 16 TDI (FFFF) TDO (7FFF);
SDR 16 TDI (FFFF) TDO (FFFF);
SDR 16 TDI (FFFF) TDO (BBFF);
SDR 16 TDI (FFFF) TDO (DBEF);
SDR 16 TDI (FFFF) TDO (6FFF);
SDR 16 TDI (FFFF) TDO (F7ED);
SDR 16 TDI (FFFF) TDO (B7EE);
SDR 16 TDI (FFFF) TDO (EFFD);
SDR 16 TDI (FFFF) TDO (7BFF);
SDR 16 TDI (FFFF) TDO (BFDF);
SDR 16 TDI (FFFF) TDO (BBFF);
SDR 16 TDI (FFFF) TDO (F5FF);
SDR 16 TDI (FFFF) TDO (6BFF);
SDR 16 TDI (FFFF) TDO (77FF);
SDR 16 TDI (FFFF) TDO (BF6F);
SDR 16 TDI (FFFF) TDO (FEFD);
SDR 16 TDI (FFFF) TDO (7BFF);
SDR 16 TDI (FFFF) TDO (FFFF);
SDR 16 TDI (FFFF) TDO (BF7E);
SDR 16 TDI (FFFF) TDO (FFF7);
SDR 16 TDI (FFFF) TDO (7FFF);
SDR 16 TDI (FFFF) TDO (3FFF);
SDR 16 TDI (FFFF) TDO (BF7F);
SDR 16 TDI (FFFF) TDO (FF7F);
SDR 16 TDI (FFFF) TDO (7FFF);
SDR 16 TDI (FFFF) TDO (FEFF);
SDR 16 TDI (FFFF) TDO (AFFF);
SDR 16 TDI (FFFF) TDO (DFDD);
SDR 16 TDI (FFFF) TDO (7E5F);
SDR 16 TDI (FFFF) TDO (FFFF);
SDR 16 TDI (FFFF) TDO (BFFF);
SDR 16 TDI (FFFF) TDO (FFFF);
SDR 16 TDI (FFFF) TDO (7FFF);
SDR 16 TDI (FFFF) TDO (FFFF);
SDR 16 TDI (FFFF) TDO (BBBF);
SDR 16 TDI (FFFF) TDO (BF7F);
SDR 16 TDI (FFFF) TDO (7FFD);
SDR 16 TDI (FFFF) TDO (FF7F);
SDR 16 TDI (FFFF) TDO (BFF7);
SDR 16 TDI (FFFF) TDO (77FB);
SDR 16 TDI (FFFF) TDO (776F);
SDR 16 TDI (FFFF) TDO (7BFF);
SDR 16 TDI (FFFF) TDO (BFFF);
SDR 16 TDI (FFFF) TDO (7EFF);
SDR 16 TDI (FFFF) TDO (6D7D);
SDR 16 TDI (FFFF) TDO (DD5F);
SDR 16 TDI (FFFF) TDO (BDD3);
SDR 16 TDI (FFFF) TDO (DDFD);
SDR 16 TDI (FFFF) TDO (7BFF);
SDR 16 TDI (FFFF) TDO (FFFF);
SDR 16 TDI (FFFF) TDO (BFFD);
SDR 16 TDI (FFFF) TDO (F6D9);
SDR 16 TDI (FFFF) TDO (7FEF);
SDR 16 TDI (FFFF) TDO (FFBF);
SDR 16 TDI (FFFF) TDO (A9FB);
SDR 16 TDI (FFFF) TDO (BBF7);
SDR 16 TDI (FFFF) TDO (6EFE);
SDR 16 TDI (FFFF) TDO (FFFB);
SDR 16 TDI (FFFF) TDO (BFBF);
SDR 16 TDI (FFFF) TDO (BFFD);
SDR 16 TDI (FFFF) TDO (7FEE);
SDR 16 TDI (FFFF) TDO (9EEF);
SDR 16 TDI (FFFF) TDO (BEFD);
SDR 16 TDI (FFFF) TDO (3EFB);
SDR 16 TDI (FFFF) TDO (77FF);
SDR 16 TDI (FFFF) TDO (FFFF);
SDR 16 TDI (FFFF) TDO (BFFF);
SDR 16 TDI (FFFF) TDO (DFFF);
SDR 16 TDI (FFFF) TDO (7FFE);
SDR 16 TDI (FFFF) TDO (CDFD);
SDR 16 TDI (FFFF) TDO (BF5D);
SDR 16 TDI (FFFF) TDO (DFFE);
SDR 16 TDI (FFFF) TDO (7DFF);
SDR 16 TDI (FFFF) TDO (DFFD);
SDR 16 TDI (FFFF) TDO (BAF7);
SDR 16 TDI (FFFF) TDO (FFFF);
SDR 16 TDI (FFFF) TDO (7FF7);
SDR 16 TDI (FFFF) TDO (F7FE);
SDR 16 TDI (FFFF) TDO (BFFF);
SDR 16 TDI (FFFF) TDO (F7FF);
SDR 16 TDI (FFFF) TDO (7FFF);
SDR 16 TDI (FFFF) TDO (FFFF);
SDR 16 TDI (FFFF) TDO (BFFF);
SDR 16 TDI (FFFF) TDO (BFFF);
SDR 16 TDI (FFFF) TDO (77FF);
SDR 16 TDI (FFFF) TDO (FB7E);
SDR 16 TDI (FFFF) TDO (BDFF);
SDR 16 TDI (FFFF) TDO (FFFF);
SDR 16 TDI (FFFF) TDO (7FED);
SDR 16 TDI (FFFF) TDO (F9DB);
SDR 16 TDI (FFFF) TDO (BEFB);
SDR 16 TDI (FFFF) TDO (FCDF);
SDR 16 TDI (FFFF) TDO (7FF7);
SDR 16 TDI (FFFF) TDO (FFFF);
SDR 16 TDI (FFFF) TDO (BFFF);
SDR 16 TDI (FFFF) TDO (EDFF);
SDR 16 TDI (FFFF) TDO (7FFF);
SDR 16 TDI (FFFF) TDO (FFFF);
SDR 16 TDI (FFFF) TDO (BEFF);
SDR 16 TDI (FFFF) TDO (F7DF);
SDR 16 TDI (FFFF) TDO (67EB);
SDR 16 TDI (FFFF) TDO (EDB7);
SDR 16 TDI (FFFF) TDO (B5B7);
SDR 16 TDI (FFFF) TDO (77FB);
SDR 16 TDI (FFFF) TDO (777F);
SDR 16 TDI (FFFF) TDO (7FF7);
SDR 16 TDI (FFFF) TDO (BD5E);
SDR 16 TDI (FFFF) TDO (F7BB);
SDR 16 TDI (FFFF) TDO (7F7D);
SDR 16 TDI (FFFF) TDO (D5DE);
SDR 16 TDI (FFFF) TDO (BCFC);
SDR 16 TDI (FFFF) TDO (C57F);
SDR 16 TDI (FFFF) TDO (7FFF);
SDR 16 TDI (FFFF) TDO (FFFF);
SDR 16 TDI (FFFF) TDO (BFFC);
SDR 16 TDI (FFFF) TDO (AE6E);
SDR 16 TDI (FFFF) TDO (7FFF);
SDR 16 TDI (FFFF) TDO (BBF9);
SDR 16 TDI (FFFF) TDO (AE59);
SDR 16 TDI (FFFF) TDO (9BF6);
SDR 16 TDI (FFFF) TDO (6CF6);
SDR 16 TDI (FFFF) TDO (D6CE);
SDR 16 TDI (FFFF) TDO (AAFF);
SDR 16 TDI (FFFF) TDO (9B5C);
SDR 16 TDI (FFFF) TDO (6AF7);
SDR 16 TDI (FFFF) TDO (EBAF);
SDR 16 TDI (FFFF) TDO (BF77);
SDR 16 TDI (FFFF) TDO (FFEA);
SDR 16 TDI (FFFF) TDO (77FF);
SDR 16 TDI (FFFF) TDO (FFFF);
SDR 16 TDI (FFFF) TDO (BFFF);
SDR 16 TDI (FFFF) TDO (5BF3);
SDR 16 TDI (FFFF) TDO (7FFE);
SDR 16 TDI (FFFF) TDO (567E);
SDR 16 TDI (FFFF) TDO (BBEE);
SDR 16 TDI (FFFF) TDO (EF7D);
SDR 16 TDI (FFFF) TDO (7BED);
SDR 16 TDI (FFFF) TDO (B9FB);
SDR 16 TDI (FFFF) TDO (BFF5);
SDR 16 TDI (FFFF) TDO (FCFF);
SDR 16 TDI (FFFF) TDO (7D8A);
SDR 16 TDI (FFFF) TDO (3EFF);
SDR 16 TDI (FFFF) TDO (BFCB);
SDR 16 TDI (FFFF) TDO (BAFF);
SDR 16 TDI (FFFF) TDO (7FFF);
SDR 16 TDI (FFFF) TDO (FFFF);
SDR 16 TDI (FFFF) TDO (B9AC);
SDR 16 TDI (FFFF) TDO (5C32);
SDR 16 TDI (FFFF) TDO (7FC5);
SDR 16 TDI (FFFF) TDO (3F6A);
SDR 16 TDI (FFFF) TDO (AE24);
SDR 16 TDI (FFFF) TDO (1BEC);
SDR 16 TDI (FFFF) TDO (619F);
SDR 16 TDI (FFFF) TDO (F83C);
SDR 16 TDI (FFFF) TDO (BF5F);
SDR 16 TDI (FFFF) TDO (6087);
SDR 16 TDI (FFFF) TDO (7D55);
SDR 16 TDI (FFFF) TDO (00AF);
SDR 16 TDI (FFFF) TDO (B680);
SDR 16 TDI (FFFF) TDO (5075);
SDR 16 TDI (FFFF) TDO (6BFF);
SDR 16 TDI (FFFF) TDO (FFFF);
SDR 16 TDI (FFFF) TDO (BB5C);
SDR 16 TDI (FFFF) TDO (C022);
SDR 16 TDI (FFFF) TDO (7FA4);
SDR 16 TDI (FFFF) TDO (3B60);
SDR 16 TDI (FFFF) TDO (A020);
SDR 16 TDI (FFFF) TDO (3BFC);
SDR 16 TDI (FFFF) TDO (6998);
SDR 16 TDI (FFFF) TDO (D03E);
SDR 16 TDI (FFFF) TDO (A79B);
SDR 16 TDI (FFFF) TDO (E000);
SDR 16 TDI (FFFF) TDO (6C75);
SDR 16 TDI (FFFF) TDO (FFAD);
SDR 16 TDI (FFFF) TDO (BE00);
SDR 16 TDI (FFFF) TDO (57FF);
SDR 16 TDI (FFFF) TDO (7FFF);
SDR 16 TDI (FFFF) TDO (FFFF);
SDR 16 TDI (FFFF) TDO (BDFC);
SDR 16 TDI (FFFF) TDO (3E7C);
SDR 16 TDI (FFFF) TDO (67E5);
SDR 16 TDI (FFFF) TDO (EDF3);
SDR 16 TDI (FFFF) TDO (AC02);
SDR 16 TDI (FFFF) TDO (0FF4);
SDR 16 TDI (FFFF) TDO (6007);
SDR 16 TDI (FFFF) TDO (DC0C);
SDR 16 TDI (FFFF) TDO (BF3F);
SDR 16 TDI (FFFF) TDO (FC9F);
SDR 16 TDI (FFFF) TDO (7300);
SDR 16 TDI (FFFF) TDO (22CF);
SDR 16 TDI (FFFF) TDO (BE08);
SDR 16 TDI (FFFF) TDO (8275);
SDR 16 TDI (FFFF) TDO (6BFF);
SDR 16 TDI (FFFF) TDO (FFFF);
SDR 16 TDI (FFFF) TDO (BFFC);
SDR 16 TDI (FFFF) TDO (667C);
SDR 16 TDI (FFFF) TDO (67E5);
SDR 16 TDI (FFFF) TDO (EDF3);
SDR 16 TDI (FFFF) TDO (A020);
SDR 16 TDI (FFFF) TDO (3FFC);
SDR 16 TDI (FFFF) TDO (6001);
SDR 16 TDI (FFFF) TDO (540D);
SDR 16 TDI (FFFF) TDO (BF9F);
SDR 16 TDI (FFFF) TDO (841D);
SDR 16 TDI (FFFF) TDO (7913);
SDR 16 TDI (FFFF) TDO (22CF);
SDR 16 TDI (FFFF) TDO (BE00);
SDR 16 TDI (FFFF) TDO (E27F);
SDR 16 TDI (FFFF) TDO (7FFF);
SDR 16 TDI (FFFF) TDO (FFFF);
SDR 16 TDI (FFFF) TDO (BDF7);
SDR 16 TDI (FFFF) TDO (B233);
SDR 16 TDI (FFFF) TDO (73E6);
SDR 16 TDI (FFFF) TDO (6667);
SDR 16 TDI (FFFF) TDO (BA23);
SDR 16 TDI (FFFF) TDO (2173);
SDR 16 TDI (FFFF) TDO (6224);
SDR 16 TDI (FFFF) TDO (78CE);
SDR 16 TDI (FFFF) TDO (B99F);
SDR 16 TDI (FFFF) TDO (9999);
SDR 16 TDI (FFFF) TDO (7BEE);
SDR 16 TDI (FFFF) TDO (EEE7);
SDR 16 TDI (FFFF) TDO (BCD9);
SDR 16 TDI (FFFF) TDO (BBFE);
SDR 16 TDI (FFFF) TDO (7FFF);
SDR 16 TDI (FFFF) TDO (FFFF);
SDR 16 TDI (FFFF) TDO (BFFF);
SDR 16 TDI (FFFF) TDO (3777);
SDR 16 TDI (FFFF) TDO (6157);
SDR 16 TDI (FFFF) TDO (7777);
SDR 16 TDI (FFFF) TDO (B376);
SDR 16 TDI (FFFF) TDO (76A9);
SDR 16 TDI (FFFF) TDO (7763);
SDR 16 TDI (FFFF) TDO (3D9C);
SDR 16 TDI (FFFF) TDO (BBA5);
SDR 16 TDI (FFFF) TDO (1C9D);
SDR 16 TDI (FFFF) TDO (79CC);
SDR 16 TDI (FFFF) TDO (CCC2);
SDR 16 TDI (FFFF) TDO (B5CC);
SDR 16 TDI (FFFF) TDO (99FF);
SDR 16 TDI (FFFF) TDO (7FFF);
SDR 16 TDI (FFFF) TDO (FFFF);
SDR 16 TDI (FFFF) TDO (BEF7);
SDR 16 TDI (FFFF) TDO (FBFB);
SDR 16 TDI (FFFF) TDO (7FCE);
SDR 16 TDI (FFFF) TDO (EEEF);
SDR 16 TDI (FFFF) TDO (BFFF);
SDR 16 TDI (FFFF) TDO (FFEF);
SDR 16 TDI (FFFF) TDO (7FFD);
SDR 16 TDI (FFFF) TDO (FFEF);
SDR 16 TDI (FFFF) TDO (BDEF);
SDR 16 TDI (FFFF) TDO (77F3);
SDR 16 TDI (FFFF) TDO (7FFF);
SDR 16 TDI (FFFF) TDO (FFFF);
SDR 16 TDI (FFFF) TDO (B3FF);
SDR 16 TDI (FFFF) TDO (FFFF);
SDR 16 TDI (FFFF) TDO (7FFF);
SDR 16 TDI (FFFF) TDO (FFFF);
SDR 16 TDI (FFFF) TDO (BFFF);
SDR 16 TDI (FFFF) TDO (FFFF);
SDR 16 TDI (FFFF) TDO (77F5);
SDR 16 TDI (FFFF) TDO (7FEF);
SDR 16 TDI (FFFF) TDO (B75F);
SDR 16 TDI (FFFF) TDO (DFFF);
SDR 16 TDI (FFFF) TDO (7D7B);
SDR 16 TDI (FFFF) TDO (F7FF);
SDR 16 TDI (FFFF) TDO (AFFF);
SDR 16 TDI (FFFF) TDO (FFFF);
SDR 16 TDI (FFFF) TDO (7FE6);
SDR 16 TDI (FFFF) TDO (DFFF);
SDR 16 TDI (FFFF) TDO (BFF7);
SDR 16 TDI (FFFF) TDO (F5FF);
SDR 16 TDI (FFFF) TDO (7FFF);
SDR 16 TDI (FFFF) TDO (FFFF);
SDR 16 TDI (FFFF) TDO (BFFF);
SDR 16 TDI (FFFF) TDO (77F6);
SDR 16 TDI (FFFF) TDO (7FFF);
SDR 16 TDI (FFFF) TDO (FFFF);
SDR 16 TDI (FFFF) TDO (BFF6);
SDR 16 TDI (FFFF) TDO (FFFD);
SDR 16 TDI (FFFF) TDO (7FFF);
SDR 16 TDI (FFFF) TDO (3DDF);
SDR 16 TDI (FFFF) TDO (BBFF);
SDR 16 TDI (FFFF) TDO (FFBE);
SDR 16 TDI (FFFF) TDO (7BFF);
SDR 16 TDI (FFFF) TDO (BE5F);
SDR 16 TDI (FFFF) TDO (BD5E);
SDR 16 TDI (FFFF) TDO (FFDF);
SDR 16 TDI (FFFF) TDO (7FFF);
SDR 16 TDI (FFFF) TDO (FFFF);
SDR 16 TDI (FFFF) TDO (BFFF);
SDR 16 TDI (FFFF) TDO (77FB);
SDR 16 TDI (FFFF) TDO (77F4);
SDR 16 TDI (FFFF) TDO (FFFF);
SDR 16 TDI (FFFF) TDO (BBD7);
SDR 16 TDI (FFFF) TDO (FFFF);
SDR 16 TDI (FFFF) TDO (7CFF);
SDR 16 TDI (FFFF) TDO (7BDF);
SDR 16 TDI (FFFF) TDO (ADFF);
SDR 16 TDI (FFFF) TDO (FFFF);
SDR 16 TDI (FFFF) TDO (7FD5);
SDR 16 TDI (FFFF) TDO (FF7F);
SDR 16 TDI (FFFF) TDO (BBFF);
SDR 16 TDI (FFFF) TDO (FFFF);
SDR 16 TDI (FFFF) TDO (7FFF);
SDR 16 TDI (FFFF) TDO (FFFF);
SDR 16 TDI (FFFF) TDO (BFBF);
SDR 16 TDI (FFFF) TDO (FFFF);
SDR 16 TDI (FFFF) TDO (7FFF);
SDR 16 TDI (FFFF) TDO (FFEF);
SDR 16 TDI (FFFF) TDO (BFBF);
SDR 16 TDI (FFFF) TDO (EFFF);
SDR 16 TDI (FFFF) TDO (7FFD);
SDR 16 TDI (FFFF) TDO (FDFF);
SDR 16 TDI (FFFF) TDO (BFFF);
SDR 16 TDI (FFFF) TDO (FFFF);
SDR 16 TDI (FFFF) TDO (7BFF);
SDR 16 TDI (FFFF) TDO (EFDF);
SDR 16 TDI (FFFF) TDO (BED7);
SDR 16 TDI (FFFF) TDO (EDFB);
SDR 16 TDI (FFFF) TDO (7FFF);
SDR 16 TDI (FFFF) TDO (FFFF);
SDR 16 TDI (FFFF) TDO (BFFF);
SDR 16 TDI (FFFF) TDO (F7FF);
SDR 16 TDI (FFFF) TDO (7FFF);
SDR 16 TDI (FFFF) TDO (EFFF);
SDR 16 TDI (FFFF) TDO (B7EF);
SDR 16 TDI (FFFF) TDO (FFFF);
SDR 16 TDI (FFFF) TDO (7FFF);
SDR 16 TDI (FFFF) TDO (FD7D);
SDR 16 TDI (FFFF) TDO (BFBF);
SDR 16 TDI (FFFF) TDO (BFBF);
SDR 16 TDI (FFFF) TDO (77FF);
SDR 16 TDI (FFFF) TDO (DFBF);
SDR 16 TDI (FFFF) TDO (BFFF);
SDR 16 TDI (FFFF) TDO (7F7F);
SDR 16 TDI (FFFF) TDO (7FFF);
SDR 16 TDI (FFFF) TDO (FFFF);
SDR 16 TDI (FFFF) TDO (BFFF);
SDR 16 TDI (FFFF) TDO (7EFF);
SDR 16 TDI (FFFF) TDO (7FF7);
SDR 16 TDI (FFFF) TDO (FFFF);
SDR 16 TDI (FFFF) TDO (BFFF);
SDR 16 TDI (FFFF) TDO (FFFD);
SDR 16 TDI (FFFF) TDO (7F77);
SDR 16 TDI (FFFF) TDO (F7FF);
SDR 16 TDI (FFFF) TDO (BB7F);
SDR 16 TDI (FFFF) TDO (FFFF);
SDR 16 TDI (FFFF) TDO (7F7F);
SDR 16 TDI (FFFF) TDO (FFFF);
SDR 16 TDI (FFFF) TDO (BFFF);
SDR 16 TDI (FFFF) TDO (DFFF);
SDR 16 TDI (FFFF) TDO (7FFF);
SDR 16 TDI (FFFF) TDO (FFFF);
SDR 16 TDI (FFFF) TDO (BFFF);
SDR 16 TDI (FFFF) TDO (7FEF);
SDR 16 TDI (FFFF) TDO (7FFF);
SDR 16 TDI (FFFF) TDO (FFBF);
SDR 16 TDI (FFFF) TDO (BFBB);
SDR 16 TDI (FFFF) TDO (EFFF);
SDR 16 TDI (FFFF) TDO (7FFF);
SDR 16 TDI (FFFF) TDO (E7FD);
SDR 16 TDI (FFFF) TDO (BFFF);
SDR 16 TDI (FFFF) TDO (CEFF);
SDR 16 TDI (FFFF) TDO (7DFB);
SDR 16 TDI (FFFF) TDO (DFFF);
SDR 16 TDI (FFFF) TDO (BFFF);
SDR 16 TDI (FFFF) TDO (7B7D);
SDR 16 TDI (FFFF) TDO (6BFF);
SDR 16 TDI (FFFF) TDO (FFFF);
SDR 16 TDI (FFFF) TDO (BFFF);
SDR 16 TDI (FFFF) TDO (F6FF);
SDR 16 TDI (FFFF) TDO (7FF7);
SDR 16 TDI (FFFF) TDO (EFFF);
SDR 16 TDI (FFFF) TDO (BBDF);
SDR 16 TDI (FFFF) TDO (FFFD);
SDR 16 TDI (FFFF) TDO (7EEF);
SDR 16 TDI (FFFF) TDO (FE7F);
SDR 16 TDI (FFFF) TDO (BD5F);
SDR 16 TDI (FFFF) TDO (FFDF);
SDR 16 TDI (FFFF) TDO (7BBF);
SDR 16 TDI (FFFF) TDO (FFBF);
SDR 16 TDI (FFFF) TDO (BFFF);
SDR 16 TDI (FFFF) TDO (DFFF);
SDR 16 TDI (FFFF) TDO (7FFF);
SDR 16 TDI (FFFF) TDO (FFFF);
SDR 16 TDI (FFFF) TDO (B7FF);
SDR 16 TDI (FFFF) TDO (FFFF);
SDR 16 TDI (FFFF) TDO (7FFF);
SDR 16 TDI (FFFF) TDO (FFFF);
SDR 16 TDI (FFFF) TDO (B5F7);
SDR 16 TDI (FFFF) TDO (FFFF);
SDR 16 TDI (FFFF) TDO (6EAF);
SDR 16 TDI (FFFF) TDO (EFBD);
SDR 16 TDI (FFFF) TDO (BFFF);
SDR 16 TDI (FFFF) TDO (FFFF);
SDR 16 TDI (FFFF) TDO (6F6F);
SDR 16 TDI (FFFF) TDO (77FF);
SDR 16 TDI (FFFF) TDO (BFFB);
SDR 16 TDI (FFFF) TDO (7FFF);
SDR 16 TDI (FFFF) TDO (7FFF);
SDR 16 TDI (FFFF) TDO (FFFF);
SDR 16 TDI (FFFF) TDO (BFFF);
SDR 16 TDI (FFFF) TDO (FFFF);
SDR 16 TDI (FFFF) TDO (6FFF);
SDR 16 TDI (FFFF) TDO (FFFF);
SDR 16 TDI (FFFF) TDO (BF7E);
SDR 16 TDI (FFFF) TDO (F7FF);
SDR 16 TDI (FFFF) TDO (7DFF);
SDR 16 TDI (FFFF) TDO (6FDF);
SDR 16 TDI (FFFF) TDO (BBBF);
SDR 16 TDI (FFFF) TDO (FFFF);
SDR 16 TDI (FFFF) TDO (75F7);
SDR 16 TDI (FFFF) TDO (FFDF);
SDR 16 TDI (FFFF) TDO (BFF7);
SDR 16 TDI (FFFF) TDO (F6FF);
SDR 16 TDI (FFFF) TDO (7FFF);
SDR 16 TDI (FFFF) TDO (FFFF);
SDR 16 TDI (FFFF) TDO (BFFF);
SDR 16 TDI (FFFF) TDO (FFFF);
SDR 16 TDI (FFFF) TDO (7FFF);
SDR 16 TDI (FFFF) TDO (FFFF);
SDR 16 TDI (FFFF) TDO (B7FF);
SDR 16 TDI (FFFF) TDO (F7FF);
SDR 16 TDI (FFFF) TDO (7F5F);
SDR 16 TDI (FFFF) TDO (FFDF);
SDR 16 TDI (FFFF) TDO (BFFF);
SDR 16 TDI (FFFF) TDO (FFFF);
SDR 16 TDI (FFFF) TDO (7E76);
SDR 16 TDI (FFFF) TDO (EEDF);
SDR 16 TDI (FFFF) TDO (BFBF);
SDR 16 TDI (FFFF) TDO (7FFF);
SDR 16 TDI (FFFF) TDO (7FFF);
SDR 16 TDI (FFFF) TDO (FFFF);
SDR 16 TDI (FFFF) TDO (BBFF);
SDR 16 TDI (FFFF) TDO (FFFF);
SDR 16 TDI (FFFF) TDO (7FFF);
SDR 16 TDI (FFFF) TDO (FFFF);
SDR 16 TDI (FFFF) TDO (BEB6);
SDR 16 TDI (FFFF) TDO (FFFF);
SDR 16 TDI (FFFF) TDO (75EE);
SDR 16 TDI (FFFF) TDO (FFBE);
SDR 16 TDI (FFFF) TDO (BDFF);
SDR 16 TDI (FFFF) TDO (FFFE);
SDR 16 TDI (FFFF) TDO (7BDF);
SDR 16 TDI (FFFF) TDO (77FF);
SDR 16 TDI (FFFF) TDO (BFF3);
SDR 16 TDI (FFFF) TDO (EF7F);
SDR 16 TDI (FFFF) TDO (7FFF);
SDR 16 TDI (FFFF) TDO (FFFF);
SDR 16 TDI (FFFF) TDO (A55F);
SDR 16 TDI (FFFF) TDO (F7FF);
SDR 16 TDI (FFFF) TDO (7FFF);
SDR 16 TDI (FFFF) TDO (FFFF);
SDR 16 TDI (FFFF) TDO (BE79);
SDR 16 TDI (FFFF) TDO (FFFF);
SDR 16 TDI (FFFF) TDO (6BFD);
SDR 16 TDI (FFFF) TDO (77D7);
SDR 16 TDI (FFFF) TDO (AFBF);
SDR 16 TDI (FFFF) TDO (F7F7);
SDR 16 TDI (FFFF) TDO (6BBF);
SDR 16 TDI (FFFF) TDO (FEFF);
SDR 16 TDI (FFFF) TDO (BFF3);
SDR 16 TDI (FFFF) TDO (FFF5);
SDR 16 TDI (FFFF) TDO (6BFF);
SDR 16 TDI (FFFF) TDO (FFFF);
SDR 16 TDI (FFFF) TDO (AFFF);
SDR 16 TDI (FFFF) TDO (AFFE);
SDR 16 TDI (FFFF) TDO (7FFF);
SDR 16 TDI (FFFF) TDO (FFBB);
SDR 16 TDI (FFFF) TDO (B7FF);
SDR 16 TDI (FFFF) TDO (BFFB);
SDR 16 TDI (FFFF) TDO (7FF7);
SDR 16 TDI (FFFF) TDO (FFFE);
SDR 16 TDI (FFFF) TDO (BFFF);
SDR 16 TDI (FFFF) TDO (BF5D);
SDR 16 TDI (FFFF) TDO (7FFF);
SDR 16 TDI (FFFF) TDO (FFF7);
SDR 16 TDI (FFFF) TDO (BDDE);
SDR 16 TDI (FFFF) TDO (F37F);
SDR 16 TDI (FFFF) TDO (7FFF);
SDR 16 TDI (FFFF) TDO (FFFF);
SDR 16 TDI (FFFF) TDO (A75F);
SDR 16 TDI (FFFF) TDO (EF9F);
SDR 16 TDI (FFFF) TDO (7FFF);
SDR 16 TDI (FFFF) TDO (FBFF);
SDR 16 TDI (FFFF) TDO (BFFF);
SDR 16 TDI (FFFF) TDO (F7BF);
SDR 16 TDI (FFFF) TDO (7EFF);
SDR 16 TDI (FFFF) TDO (DD7F);
SDR 16 TDI (FFFF) TDO (BCFF);
SDR 16 TDI (FFFF) TDO (F5FF);
SDR 16 TDI (FFFF) TDO (7EFD);
SDR 16 TDI (FFFF) TDO (DFDF);
SDR 16 TDI (FFFF) TDO (BF7F);
SDR 16 TDI (FFFF) TDO (57F5);
SDR 16 TDI (FFFF) TDO (6BFF);
SDR 16 TDI (FFFF) TDO (FFFF);
SDR 16 TDI (FFFF) TDO (A8FF);
SDR 16 TDI (FFFF) TDO (FFFF);
SDR 16 TDI (FFFF) TDO (7FFF);
SDR 16 TDI (FFFF) TDO (FFFE);
SDR 16 TDI (FFFF) TDO (BFF7);
SDR 16 TDI (FFFF) TDO (EFFF);
SDR 16 TDI (FFFF) TDO (7FFC);
SDR 16 TDI (FFFF) TDO (FFFF);
SDR 16 TDI (FFFF) TDO (AFDB);
SDR 16 TDI (FFFF) TDO (FFFB);
SDR 16 TDI (FFFF) TDO (7FB7);
SDR 16 TDI (FFFF) TDO (DFDF);
SDR 16 TDI (FFFF) TDO (BFFF);
SDR 16 TDI (FFFF) TDO (DFEA);
SDR 16 TDI (FFFF) TDO (77FF);
SDR 16 TDI (FFFF) TDO (FFFF);
SDR 16 TDI (FFFF) TDO (BFFF);
SDR 16 TDI (FFFF) TDO (FFFF);
SDR 16 TDI (FFFF) TDO (7FFB);
SDR 16 TDI (FFFF) TDO (FFFF);
SDR 16 TDI (FFFF) TDO (BF5F);
SDR 16 TDI (FFFF) TDO (FFFF);
SDR 16 TDI (FFFF) TDO (75EF);
SDR 16 TDI (FFFF) TDO (FFFF);
SDR 16 TDI (FFFF) TDO (BFFF);
SDR 16 TDI (FFFF) TDO (FFDF);
SDR 16 TDI (FFFF) TDO (7FDD);
SDR 16 TDI (FFFF) TDO (7D7F);
SDR 16 TDI (FFFF) TDO (BDDD);
SDR 16 TDI (FFFF) TDO (FF7F);
SDR 16 TDI (FFFF) TDO (7FFF);
SDR 16 TDI (FFFF) TDO (FFFF);
SDR 16 TDI (FFFF) TDO (BFFE);
SDR 16 TDI (FFFF) TDO (7FAF);
SDR 16 TDI (FFFF) TDO (7FFF);
SDR 16 TDI (FFFF) TDO (BFFE);
SDR 16 TDI (FFFF) TDO (BBFF);
SDR 16 TDI (FFFF) TDO (B7FB);
SDR 16 TDI (FFFF) TDO (7EDF);
SDR 16 TDI (FFFF) TDO (FD7D);
SDR 16 TDI (FFFF) TDO (BAFF);
SDR 16 TDI (FFFF) TDO (DBFF);
SDR 16 TDI (FFFF) TDO (7EFF);
SDR 16 TDI (FFFF) TDO (7F7E);
SDR 16 TDI (FFFF) TDO (BF7F);
SDR 16 TDI (FFFF) TDO (FFFF);
SDR 16 TDI (FFFF) TDO (7FFF);
SDR 16 TDI (FFFF) TDO (FFFF);
SDR 16 TDI (FFFF) TDO (BFFF);
SDR 16 TDI (FFFF) TDO (E7AD);
SDR 16 TDI (FFFF) TDO (7FFB);
SDR 16 TDI (FFFF) TDO (FBFF);
SDR 16 TDI (FFFF) TDO (BBAB);
SDR 16 TDI (FFFF) TDO (FF7F);
SDR 16 TDI (FFFF) TDO (7BFF);
SDR 16 TDI (FFFF) TDO (7E3C);
SDR 16 TDI (FFFF) TDO (B6DD);
SDR 16 TDI (FFFF) TDO (AF5D);
SDR 16 TDI (FFFF) TDO (7EFB);
SDR 16 TDI (FFFF) TDO (BDBF);
SDR 16 TDI (FFFF) TDO (B8DD);
SDR 16 TDI (FFFF) TDO (7FFF);
SDR 16 TDI (FFFF) TDO (7FFF);
SDR 16 TDI (FFFF) TDO (FFFF);
SDR 16 TDI (FFFF) TDO (BEFF);
SDR 16 TDI (FFFF) TDO (5FDF);
SDR 16 TDI (FFFF) TDO (7FFF);
SDR 16 TDI (FFFF) TDO (FFFD);
SDR 16 TDI (FFFF) TDO (BF7F);
SDR 16 TDI (FFFF) TDO (E3F3);
SDR 16 TDI (FFFF) TDO (6D6E);
SDR 16 TDI (FFFF) TDO (F5F7);
SDR 16 TDI (FFFF) TDO (BB7F);
SDR 16 TDI (FFFF) TDO (D7F7);
SDR 16 TDI (FFFF) TDO (7D7F);
SDR 16 TDI (FFFF) TDO (6E6E);
SDR 16 TDI (FFFF) TDO (BF7B);
SDR 16 TDI (FFFF) TDO (D76A);
SDR 16 TDI (FFFF) TDO (77FF);
SDR 16 TDI (FFFF) TDO (FFFF);
SDR 16 TDI (FFFF) TDO (BFFD);
SDR 16 TDI (FFFF) TDO (BF7F);
SDR 16 TDI (FFFF) TDO (7FFF);
SDR 16 TDI (FFFF) TDO (DFDE);
SDR 16 TDI (FFFF) TDO (A5F5);
SDR 16 TDI (FFFF) TDO (3FFF);
SDR 16 TDI (FFFF) TDO (76D1);
SDR 16 TDI (FFFF) TDO (BFDF);
SDR 16 TDI (FFFF) TDO (ADBF);
SDR 16 TDI (FFFF) TDO (F9BB);
SDR 16 TDI (FFFF) TDO (6BAC);
SDR 16 TDI (FFFF) TDO (DFD7);
SDR 16 TDI (FFFF) TDO (BFB6);
SDR 16 TDI (FFFF) TDO (ACFF);
SDR 16 TDI (FFFF) TDO (7FFF);
SDR 16 TDI (FFFF) TDO (FFFF);
SDR 16 TDI (FFFF) TDO (A95F);
SDR 16 TDI (FFFF) TDO (2817);
SDR 16 TDI (FFFF) TDO (67C5);
SDR 16 TDI (FFFF) TDO (FDF9);
SDR 16 TDI (FFFF) TDO (B837);
SDR 16 TDI (FFFF) TDO (E3E0);
SDR 16 TDI (FFFF) TDO (63EE);
SDR 16 TDI (FFFF) TDO (B000);
SDR 16 TDI (FFFF) TDO (A01F);
SDR 16 TDI (FFFF) TDO (07E6);
SDR 16 TDI (FFFF) TDO (60EC);
SDR 16 TDI (FFFF) TDO (400F);
SDR 16 TDI (FFFF) TDO (B098);
SDR 16 TDI (FFFF) TDO (27F5);
SDR 16 TDI (FFFF) TDO (6BFF);
SDR 16 TDI (FFFF) TDO (FFFF);
SDR 16 TDI (FFFF) TDO (ABFF);
SDR 16 TDI (FFFF) TDO (002C);
SDR 16 TDI (FFFF) TDO (7FA4);
SDR 16 TDI (FFFF) TDO (1C1E);
SDR 16 TDI (FFFF) TDO (B034);
SDR 16 TDI (FFFF) TDO (E3F0);
SDR 16 TDI (FFFF) TDO (6384);
SDR 16 TDI (FFFF) TDO (B020);
SDR 16 TDI (FFFF) TDO (A0BB);
SDR 16 TDI (FFFF) TDO (8000);
SDR 16 TDI (FFFF) TDO (6ACC);
SDR 16 TDI (FFFF) TDO (004D);
SDR 16 TDI (FFFF) TDO (B818);
SDR 16 TDI (FFFF) TDO (72FF);
SDR 16 TDI (FFFF) TDO (7FFF);
SDR 16 TDI (FFFF) TDO (FFFF);
SDR 16 TDI (FFFF) TDO (BD5F);
SDR 16 TDI (FFFF) TDO (E718);
SDR 16 TDI (FFFF) TDO (7FF2);
SDR 16 TDI (FFFF) TDO (0A07);
SDR 16 TDI (FFFF) TDO (BC1B);
SDR 16 TDI (FFFF) TDO (03F3);
SDR 16 TDI (FFFF) TDO (727F);
SDR 16 TDI (FFFF) TDO (700C);
SDR 16 TDI (FFFF) TDO (B11F);
SDR 16 TDI (FFFF) TDO (87FF);
SDR 16 TDI (FFFF) TDO (70DE);
SDR 16 TDI (FFFF) TDO (0C07);
SDR 16 TDI (FFFF) TDO (BA19);
SDR 16 TDI (FFFF) TDO (04F5);
SDR 16 TDI (FFFF) TDO (6BFF);
SDR 16 TDI (FFFF) TDO (FFFF);
SDR 16 TDI (FFFF) TDO (BFFC);
SDR 16 TDI (FFFF) TDO (3F2F);
SDR 16 TDI (FFFF) TDO (7FF2);
SDR 16 TDI (FFFF) TDO (6A78);
SDR 16 TDI (FFFF) TDO (A318);
SDR 16 TDI (FFFF) TDO (03F3);
SDR 16 TDI (FFFF) TDO (6001);
SDR 16 TDI (FFFF) TDO (7C00);
SDR 16 TDI (FFFF) TDO (A01F);
SDR 16 TDI (FFFF) TDO (967F);
SDR 16 TDI (FFFF) TDO (70CE);
SDR 16 TDI (FFFF) TDO (0C0F);
SDR 16 TDI (FFFF) TDO (B878);
SDR 16 TDI (FFFF) TDO (34FF);
SDR 16 TDI (FFFF) TDO (7FFF);
SDR 16 TDI (FFFF) TDO (FFFF);
SDR 16 TDI (FFFF) TDO (BFF6);
SDR 16 TDI (FFFF) TDO (323B);
SDR 16 TDI (FFFF) TDO (73EE);
SDR 16 TDI (FFFF) TDO (EEEF);
SDR 16 TDI (FFFF) TDO (BA31);
SDR 16 TDI (FFFF) TDO (3173);
SDR 16 TDI (FFFF) TDO (664E);
SDR 16 TDI (FFFF) TDO (7CFE);
SDR 16 TDI (FFFF) TDO (B98F);
SDR 16 TDI (FFFF) TDO (BBBB);
SDR 16 TDI (FFFF) TDO (73EE);
SDR 16 TDI (FFFF) TDO (ECEF);
SDR 16 TDI (FFFF) TDO (B8B9);
SDR 16 TDI (FFFF) TDO (9BFF);
SDR 16 TDI (FFFF) TDO (7FFF);
SDR 16 TDI (FFFF) TDO (FFFF);
SDR 16 TDI (FFFF) TDO (BFFF);
SDR 16 TDI (FFFF) TDO (6771);
SDR 16 TDI (FFFF) TDO (6144);
SDR 16 TDI (FFFF) TDO (4445);
SDR 16 TDI (FFFF) TDO (B376);
SDR 16 TDI (FFFF) TDO (26A9);
SDR 16 TDI (FFFF) TDO (7627);
SDR 16 TDI (FFFF) TDO (39CC);
SDR 16 TDI (FFFF) TDO (B3A5);
SDR 16 TDI (FFFF) TDO (1999);
SDR 16 TDI (FFFF) TDO (79CC);
SDR 16 TDI (FFFF) TDO (C9C2);
SDR 16 TDI (FFFF) TDO (B59C);
SDR 16 TDI (FFFF) TDO (99FF);
SDR 16 TDI (FFFF) TDO (7FFF);
SDR 16 TDI (FFFF) TDO (FFFF);
SDR 16 TDI (FFFF) TDO (BFF7);
SDR 16 TDI (FFFF) TDO (FFFF);
SDR 16 TDI (FFFF) TDO (7FDF);
SDR 16 TDI (FFFF) TDO (FFFF);
SDR 16 TDI (FFFF) TDO (BFF9);
SDR 16 TDI (FFFF) TDO (FFEF);
SDR 16 TDI (FFFF) TDO (6FDF);
SDR 16 TDI (FFFF) TDO (FEFF);
SDR 16 TDI (FFFF) TDO (BFDF);
SDR 16 TDI (FFFF) TDO (7FFF);
SDR 16 TDI (FFFF) TDO (77FF);
SDR 16 TDI (FFFF) TDO (FEFF);
SDR 16 TDI (FFFF) TDO (B7FF);
SDR 16 TDI (FFFF) TDO (FFFF);
SDR 16 TDI (FFFF) TDO (7FFF);
SDR 16 TDI (FFFF) TDO (FFFF);
SDR 16 TDI (FFFF) TDO (BFFF);
SDR 16 TDI (FFFF) TDO (FFFF);
SDR 16 TDI (FFFF) TDO (7FF5);
SDR 16 TDI (FFFF) TDO (FFDF);
SDR 16 TDI (FFFF) TDO (BFF7);
SDR 16 TDI (FFFF) TDO (77FF);
SDR 16 TDI (FFFF) TDO (7FF6);
SDR 16 TDI (FFFF) TDO (F7FF);
SDR 16 TDI (FFFF) TDO (AFFF);
SDR 16 TDI (FFFF) TDO (FDFF);
SDR 16 TDI (FFFF) TDO (7FF7);
SDR 16 TDI (FFFF) TDO (5FBF);
SDR 16 TDI (FFFF) TDO (BEF7);
SDR 16 TDI (FFFF) TDO (F7FF);
SDR 16 TDI (FFFF) TDO (7FFF);
SDR 16 TDI (FFFF) TDO (FFFF);
SDR 16 TDI (FFFF) TDO (BFFF);
SDR 16 TDI (FFFF) TDO (BBFE);
SDR 16 TDI (FFFF) TDO (7FFF);
SDR 16 TDI (FFFF) TDO (FBFF);
SDR 16 TDI (FFFF) TDO (B7EE);
SDR 16 TDI (FFFF) TDO (FFFD);
SDR 16 TDI (FFFF) TDO (7B7F);
SDR 16 TDI (FFFF) TDO (FFDB);
SDR 16 TDI (FFFF) TDO (BB7F);
SDR 16 TDI (FFFF) TDO (CEBF);
SDR 16 TDI (FFFF) TDO (7FFF);
SDR 16 TDI (FFFF) TDO (FFDF);
SDR 16 TDI (FFFF) TDO (BDFF);
SDR 16 TDI (FFFF) TDO (FFDF);
SDR 16 TDI (FFFF) TDO (7FFF);
SDR 16 TDI (FFFF) TDO (FFFF);
SDR 16 TDI (FFFF) TDO (AFFF);
SDR 16 TDI (FFFF) TDO (FFFF);
SDR 16 TDI (FFFF) TDO (7FFB);
SDR 16 TDI (FFFF) TDO (FFDF);
SDR 16 TDI (FFFF) TDO (BFFF);
SDR 16 TDI (FFFF) TDO (FFFF);
SDR 16 TDI (FFFF) TDO (7EF6);
SDR 16 TDI (FFFF) TDO (FBFF);
SDR 16 TDI (FFFF) TDO (ABFF);
SDR 16 TDI (FFFF) TDO (BBFF);
SDR 16 TDI (FFFF) TDO (7FFF);
SDR 16 TDI (FFFF) TDO (FFEF);
SDR 16 TDI (FFFF) TDO (BFFF);
SDR 16 TDI (FFFF) TDO (F7FF);
SDR 16 TDI (FFFF) TDO (7FFF);
SDR 16 TDI (FFFF) TDO (FFFF);
SDR 16 TDI (FFFF) TDO (AFFF);
SDR 16 TDI (FFFF) TDO (FFFF);
SDR 16 TDI (FFFF) TDO (7FF7);
SDR 16 TDI (FFFF) TDO (FFFF);
SDR 16 TDI (FFFF) TDO (B7F7);
SDR 16 TDI (FFFF) TDO (B7FF);
SDR 16 TDI (FFFF) TDO (7FFF);
SDR 16 TDI (FFFF) TDO (FFDF);
SDR 16 TDI (FFFF) TDO (BFFF);
SDR 16 TDI (FFFF) TDO (FFFF);
SDR 16 TDI (FFFF) TDO (7FF7);
SDR 16 TDI (FFFF) TDO (AF7F);
SDR 16 TDI (FFFF) TDO (BB77);
SDR 16 TDI (FFFF) TDO (FFFA);
SDR 16 TDI (FFFF) TDO (77FF);
SDR 16 TDI (FFFF) TDO (FFFF);
SDR 16 TDI (FFFF) TDO (BFFF);
SDR 16 TDI (FFFF) TDO (FFFF);
SDR 16 TDI (FFFF) TDO (7FFF);
SDR 16 TDI (FFFF) TDO (FFFF);
SDR 16 TDI (FFFF) TDO (BFBF);
SDR 16 TDI (FFFF) TDO (F7FB);
SDR 16 TDI (FFFF) TDO (7EFF);
SDR 16 TDI (FFFF) TDO (FFFF);
SDR 16 TDI (FFFF) TDO (BFFF);
SDR 16 TDI (FFFF) TDO (FFFF);
SDR 16 TDI (FFFF) TDO (7FFB);
SDR 16 TDI (FFFF) TDO (FEFF);
SDR 16 TDI (FFFF) TDO (BFEF);
SDR 16 TDI (FFFF) TDO (FFFB);
SDR 16 TDI (FFFF) TDO (77FF);
SDR 16 TDI (FFFF) TDO (FFFF);
SDR 16 TDI (FFFF) TDO (BFFF);
SDR 16 TDI (FFFF) TDO (FFFF);
SDR 16 TDI (FFFF) TDO (7FFF);
SDR 16 TDI (FFFF) TDO (FFFF);
SDR 16 TDI (FFFF) TDO (BFEF);
SDR 16 TDI (FFFF) TDO (FFFF);
SDR 16 TDI (FFFF) TDO (7FF7);
SDR 16 TDI (FFFF) TDO (FB7F);
SDR 16 TDI (FFFF) TDO (BFFF);
SDR 16 TDI (FFFF) TDO (FFEF);
SDR 16 TDI (FFFF) TDO (77FF);
SDR 16 TDI (FFFF) TDO (FF7F);
SDR 16 TDI (FFFF) TDO (BFFF);
SDR 16 TDI (FFFF) TDO (FBFF);
SDR 16 TDI (FFFF) TDO (7FFF);
SDR 16 TDI (FFFF) TDO (FFFF);
SDR 16 TDI (FFFF) TDO (BFFF);
SDR 16 TDI (FFFF) TDO (BEEF);
SDR 16 TDI (FFFF) TDO (7FFF);
SDR 16 TDI (FFFF) TDO (FFBF);
SDR 16 TDI (FFFF) TDO (BFFF);
SDR 16 TDI (FFFF) TDO (F7FF);
SDR 16 TDI (FFFF) TDO (7FFF);
SDR 16 TDI (FFFF) TDO (EFFE);
SDR 16 TDI (FFFF) TDO (BFFF);
SDR 16 TDI (FFFF) TDO (FFFE);
SDR 16 TDI (FFFF) TDO (7FF7);
SDR 16 TDI (FFFF) TDO (FFFF);
SDR 16 TDI (FFFF) TDO (BBFF);
SDR 16 TDI (FFFF) TDO (FFDF);
SDR 16 TDI (FFFF) TDO (7FFF);
SDR 16 TDI (FFFF) TDO (FFFF);
SDR 16 TDI (FFFF) TDO (BFFF);
SDR 16 TDI (FFFF) TDO (FFFF);
SDR 16 TDI (FFFF) TDO (7FFF);
SDR 16 TDI (FFFF) TDO (FFFF);
SDR 16 TDI (FFFF) TDO (BF9F);
SDR 16 TDI (FFFF) TDO (FFF7);
SDR 16 TDI (FFFF) TDO (7EEF);
SDR 16 TDI (FFFF) TDO (FBBF);
SDR 16 TDI (FFFF) TDO (BFFF);
SDR 16 TDI (FFFF) TDO (FFEF);
SDR 16 TDI (FFFF) TDO (77FF);
SDR 16 TDI (FFFF) TDO (FE7F);
SDR 16 TDI (FFFF) TDO (BFF7);
SDR 16 TDI (FFFF) TDO (FBFF);
SDR 16 TDI (FFFF) TDO (7FFF);
SDR 16 TDI (FFFF) TDO (FFFF);
SDR 16 TDI (FFFF) TDO (B7FF);
SDR 16 TDI (FFFF) TDO (FFFF);
SDR 16 TDI (FFFF) TDO (7FFF);
SDR 16 TDI (FFFF) TDO (FFFE);
SDR 16 TDI (FFFF) TDO (BBFF);
SDR 16 TDI (FFFF) TDO (BFFF);
SDR 16 TDI (FFFF) TDO (6FFD);
SDR 16 TDI (FFFF) TDO (EDFF);
SDR 16 TDI (FFFF) TDO (BFFF);
SDR 16 TDI (FFFF) TDO (FFFF);
SDR 16 TDI (FFFF) TDO (7FD7);
SDR 16 TDI (FFFF) TDO (F7FF);
SDR 16 TDI (FFFF) TDO (BFFF);
SDR 16 TDI (FFFF) TDO (FDFF);
SDR 16 TDI (FFFF) TDO (7FFF);
SDR 16 TDI (FFFF) TDO (FFFF);
SDR 16 TDI (FFFF) TDO (BFFF);
SDR 16 TDI (FFFF) TDO (FFFF);
SDR 16 TDI (FFFF) TDO (6FFF);
SDR 16 TDI (FFFF) TDO (FFFF);
SDR 16 TDI (FFFF) TDO (BEE6);
SDR 16 TDI (FFFF) TDO (F7FF);
SDR 16 TDI (FFFF) TDO (7F76);
SDR 16 TDI (FFFF) TDO (FBFF);
SDR 16 TDI (FFFF) TDO (BFFF);
SDR 16 TDI (FFFF) TDO (BFFB);
SDR 16 TDI (FFFF) TDO (7FFE);
SDR 16 TDI (FFFF) TDO (FFDF);
SDR 16 TDI (FFFF) TDO (BFFB);
SDR 16 TDI (FFFF) TDO (FEFF);
SDR 16 TDI (FFFF) TDO (7FFF);
SDR 16 TDI (FFFF) TDO (FFFF);
SDR 16 TDI (FFFF) TDO (B7FF);
SDR 16 TDI (FFFF) TDO (FFBF);
SDR 16 TDI (FFFF) TDO (7FFE);
SDR 16 TDI (FFFF) TDO (FFFE);
SDR 16 TDI (FFFF) TDO (B79F);
SDR 16 TDI (FFFF) TDO (77FF);
SDR 16 TDI (FFFF) TDO (7777);
SDR 16 TDI (FFFF) TDO (F7FF);
SDR 16 TDI (FFFF) TDO (BFFF);
SDR 16 TDI (FFFF) TDO (FFFD);
SDR 16 TDI (FFFF) TDO (7FFF);
SDR 16 TDI (FFFF) TDO (FFFF);
SDR 16 TDI (FFFF) TDO (BFFF);
SDR 16 TDI (FFFF) TDO (EFFF);
SDR 16 TDI (FFFF) TDO (7FFF);
SDR 16 TDI (FFFF) TDO (FFFF);
SDR 16 TDI (FFFF) TDO (BFFF);
SDR 16 TDI (FFFF) TDO (FFFF);
SDR 16 TDI (FFFF) TDO (7FFF);
SDR 16 TDI (FFFF) TDO (FFFF);
SDR 16 TDI (FFFF) TDO (BEF6);
SDR 16 TDI (FFFF) TDO (FFFF);
SDR 16 TDI (FFFF) TDO (7FFD);
SDR 16 TDI (FFFF) TDO (7EFF);
SDR 16 TDI (FFFF) TDO (BFFF);
SDR 16 TDI (FFFF) TDO (FFFF);
SDR 16 TDI (FFFF) TDO (7FD6);
SDR 16 TDI (FFFF) TDO (F7FF);
SDR 16 TDI (FFFF) TDO (BFFD);
SDR 16 TDI (FFFF) TDO (FB7F);
SDR 16 TDI (FFFF) TDO (7FFF);
SDR 16 TDI (FFFF) TDO (FFFF);
SDR 16 TDI (FFFF) TDO (A55F);
SDR 16 TDI (FFFF) TDO (FFFF);
SDR 16 TDI (FFFF) TDO (7FFF);
SDR 16 TDI (FFFF) TDO (FFFE);
SDR 16 TDI (FFFF) TDO (B5FF);
SDR 16 TDI (FFFF) TDO (D7FF);
SDR 16 TDI (FFFF) TDO (7ECD);
SDR 16 TDI (FFFF) TDO (7FFD);
SDR 16 TDI (FFFF) TDO (BEFF);
SDR 16 TDI (FFFF) TDO (FDBF);
SDR 16 TDI (FFFF) TDO (7FEF);
SDR 16 TDI (FFFF) TDO (6FBD);
SDR 16 TDI (FFFF) TDO (BFFF);
SDR 16 TDI (FFFF) TDO (FB75);
SDR 16 TDI (FFFF) TDO (6BFF);
SDR 16 TDI (FFFF) TDO (FFFF);
SDR 16 TDI (FFFF) TDO (AFFF);
SDR 16 TDI (FFFF) TDO (FFFE);
SDR 16 TDI (FFFF) TDO (7FEF);
SDR 16 TDI (FFFF) TDO (DFBB);
SDR 16 TDI (FFFF) TDO (BFFB);
SDR 16 TDI (FFFF) TDO (BF7F);
SDR 16 TDI (FFFF) TDO (6FFF);
SDR 16 TDI (FFFF) TDO (FFEF);
SDR 16 TDI (FFFF) TDO (BDFF);
SDR 16 TDI (FFFF) TDO (BFFF);
SDR 16 TDI (FFFF) TDO (777F);
SDR 16 TDI (FFFF) TDO (FEEF);
SDR 16 TDI (FFFF) TDO (BFFA);
SDR 16 TDI (FFFF) TDO (AFFF);
SDR 16 TDI (FFFF) TDO (7FFF);
SDR 16 TDI (FFFF) TDO (FFFF);
SDR 16 TDI (FFFF) TDO (A75E);
SDR 16 TDI (FFFF) TDO (FFFF);
SDR 16 TDI (FFFF) TDO (7FFE);
SDR 16 TDI (FFFF) TDO (FBFF);
SDR 16 TDI (FFFF) TDO (BFAF);
SDR 16 TDI (FFFF) TDO (FFF7);
SDR 16 TDI (FFFF) TDO (7FDB);
SDR 16 TDI (FFFF) TDO (F9FF);
SDR 16 TDI (FFFF) TDO (BFBF);
SDR 16 TDI (FFFF) TDO (FFFD);
SDR 16 TDI (FFFF) TDO (7FFE);
SDR 16 TDI (FFFF) TDO (FFFF);
SDR 16 TDI (FFFF) TDO (BFD7);
SDR 16 TDI (FFFF) TDO (FEF5);
SDR 16 TDI (FFFF) TDO (6BFF);
SDR 16 TDI (FFFF) TDO (FFFF);
SDR 16 TDI (FFFF) TDO (A9FF);
SDR 16 TDI (FFFF) TDO (FFFF);
SDR 16 TDI (FFFF) TDO (7FFF);
SDR 16 TDI (FFFF) TDO (DFFE);
SDR 16 TDI (FFFF) TDO (BFFF);
SDR 16 TDI (FFFF) TDO (DBFF);
SDR 16 TDI (FFFF) TDO (76EF);
SDR 16 TDI (FFFF) TDO (BFFF);
SDR 16 TDI (FFFF) TDO (BFFF);
SDR 16 TDI (FFFF) TDO (FF4F);
SDR 16 TDI (FFFF) TDO (7FEF);
SDR 16 TDI (FFFF) TDO (FFFF);
SDR 16 TDI (FFFF) TDO (BB5F);
SDR 16 TDI (FFFF) TDO (FFEA);
SDR 16 TDI (FFFF) TDO (77FF);
SDR 16 TDI (FFFF) TDO (FFFF);
SDR 16 TDI (FFFF) TDO (BFFF);
SDR 16 TDI (FFFF) TDO (EEFF);
SDR 16 TDI (FFFF) TDO (7FEA);
SDR 16 TDI (FFFF) TDO (FFFF);
SDR 16 TDI (FFFF) TDO (B7FF);
SDR 16 TDI (FFFF) TDO (FFFF);
SDR 16 TDI (FFFF) TDO (7FFF);
SDR 16 TDI (FFFF) TDO (7FBF);
SDR 16 TDI (FFFF) TDO (97FF);
SDR 16 TDI (FFFF) TDO (EFFF);
SDR 16 TDI (FFFF) TDO (5D77);
SDR 16 TDI (FFFF) TDO (B7FF);
SDR 16 TDI (FFFF) TDO (BFFF);
SDR 16 TDI (FFFF) TDO (FFFF);
SDR 16 TDI (FFFF) TDO (7FFF);
SDR 16 TDI (FFFF) TDO (FFFF);
SDR 16 TDI (FFFF) TDO (BFFF);
SDR 16 TDI (FFFF) TDO (FFEF);
SDR 16 TDI (FFFF) TDO (7FFB);
SDR 16 TDI (FFFF) TDO (FFFF);
SDR 16 TDI (FFFF) TDO (9FAD);
SDR 16 TDI (FFFF) TDO (BFF6);
SDR 16 TDI (FFFF) TDO (5BFF);
SDR 16 TDI (FFFF) TDO (D5E7);
SDR 16 TDI (FFFF) TDO (BDFF);
SDR 16 TDI (FFFF) TDO (BFF5);
SDR 16 TDI (FFFF) TDO (67F6);
SDR 16 TDI (FFFF) TDO (F9FF);
SDR 16 TDI (FFFF) TDO (BFEF);
SDR 16 TDI (FFFF) TDO (DBFF);
SDR 16 TDI (FFFF) TDO (7FFF);
SDR 16 TDI (FFFF) TDO (FFFF);
SDR 16 TDI (FFFF) TDO (9FFF);
SDR 16 TDI (FFFF) TDO (FFFD);
SDR 16 TDI (FFFF) TDO (5FF6);
SDR 16 TDI (FFFF) TDO (BBFE);
SDR 16 TDI (FFFF) TDO (BDDF);
SDR 16 TDI (FFFF) TDO (FFFE);
SDR 16 TDI (FFFF) TDO (657F);
SDR 16 TDI (FFFF) TDO (FCFD);
SDR 16 TDI (FFFF) TDO (BEBF);
SDR 16 TDI (FFFF) TDO (FDFB);
SDR 16 TDI (FFFF) TDO (7F7E);
SDR 16 TDI (FFFF) TDO (BCDF);
SDR 16 TDI (FFFF) TDO (9FD5);
SDR 16 TDI (FFFF) TDO (9EFF);
SDR 16 TDI (FFFF) TDO (5FFF);
SDR 16 TDI (FFFF) TDO (FFFF);
SDR 16 TDI (FFFF) TDO (BAFE);
SDR 16 TDI (FFFF) TDO (FEDF);
SDR 16 TDI (FFFF) TDO (7FED);
SDR 16 TDI (FFFF) TDO (7FFD);
SDR 16 TDI (FFFF) TDO (A37D);
SDR 16 TDI (FFFF) TDO (5BFF);
SDR 16 TDI (FFFF) TDO (7FB7);
SDR 16 TDI (FFFF) TDO (D7C7);
SDR 16 TDI (FFFF) TDO (99FF);
SDR 16 TDI (FFFF) TDO (9EE7);
SDR 16 TDI (FFFF) TDO (4381);
SDR 16 TDI (FFFF) TDO (77FF);
SDR 16 TDI (FFFF) TDO (BBEF);
SDR 16 TDI (FFFF) TDO (FBEA);
SDR 16 TDI (FFFF) TDO (77FF);
SDR 16 TDI (FFFF) TDO (FFFF);
SDR 16 TDI (FFFF) TDO (BFFF);
SDR 16 TDI (FFFF) TDO (EFFF);
SDR 16 TDI (FFFF) TDO (7FFB);
SDR 16 TDI (FFFF) TDO (DFDF);
SDR 16 TDI (FFFF) TDO (9FA7);
SDR 16 TDI (FFFF) TDO (A773);
SDR 16 TDI (FFFF) TDO (5EC8);
SDR 16 TDI (FFFF) TDO (3BBF);
SDR 16 TDI (FFFF) TDO (B7FF);
SDR 16 TDI (FFFF) TDO (EF9D);
SDR 16 TDI (FFFF) TDO (7DFF);
SDR 16 TDI (FFFF) TDO (DB7D);
SDR 16 TDI (FFFF) TDO (BEBF);
SDR 16 TDI (FFFF) TDO (757F);
SDR 16 TDI (FFFF) TDO (7FFF);
SDR 16 TDI (FFFF) TDO (FFFF);
SDR 16 TDI (FFFF) TDO (855E);
SDR 16 TDI (FFFF) TDO (9E8F);
SDR 16 TDI (FFFF) TDO (47C0);
SDR 16 TDI (FFFF) TDO (15F9);
SDR 16 TDI (FFFF) TDO (BFEB);
SDR 16 TDI (FFFF) TDO (C3EF);
SDR 16 TDI (FFFF) TDO (6689);
SDR 16 TDI (FFFF) TDO (5EA0);
SDR 16 TDI (FFFF) TDO (A617);
SDR 16 TDI (FFFF) TDO (4000);
SDR 16 TDI (FFFF) TDO (6300);
SDR 16 TDI (FFFF) TDO (030F);
SDR 16 TDI (FFFF) TDO (9080);
SDR 16 TDI (FFFF) TDO (60F5);
SDR 16 TDI (FFFF) TDO (4BFF);
SDR 16 TDI (FFFF) TDO (FFFF);
SDR 16 TDI (FFFF) TDO (AFFE);
SDR 16 TDI (FFFF) TDO (9EBC);
SDR 16 TDI (FFFF) TDO (7FA0);
SDR 16 TDI (FFFF) TDO (141E);
SDR 16 TDI (FFFF) TDO (80FC);
SDR 16 TDI (FFFF) TDO (EBFC);
SDR 16 TDI (FFFF) TDO (7E88);
SDR 16 TDI (FFFF) TDO (10A0);
SDR 16 TDI (FFFF) TDO (A61E);
SDR 16 TDI (FFFF) TDO (C000);
SDR 16 TDI (FFFF) TDO (6340);
SDR 16 TDI (FFFF) TDO (00FF);
SDR 16 TDI (FFFF) TDO (B880);
SDR 16 TDI (FFFF) TDO (007F);
SDR 16 TDI (FFFF) TDO (7FFF);
SDR 16 TDI (FFFF) TDO (FFFF);
SDR 16 TDI (FFFF) TDO (B55D);
SDR 16 TDI (FFFF) TDO (2930);
SDR 16 TDI (FFFF) TDO (7FE2);
SDR 16 TDI (FFFF) TDO (3207);
SDR 16 TDI (FFFF) TDO (8327);
SDR 16 TDI (FFFF) TDO (33F3);
SDR 16 TDI (FFFF) TDO (47FE);
SDR 16 TDI (FFFF) TDO (FC4F);
SDR 16 TDI (FFFF) TDO (A5FF);
SDR 16 TDI (FFFF) TDO (848E);
SDR 16 TDI (FFFF) TDO (6418);
SDR 16 TDI (FFFF) TDO (F20F);
SDR 16 TDI (FFFF) TDO (B8C7);
SDR 16 TDI (FFFF) TDO (87F5);
SDR 16 TDI (FFFF) TDO (6BFF);
SDR 16 TDI (FFFF) TDO (FFFF);
SDR 16 TDI (FFFF) TDO (9FFD);
SDR 16 TDI (FFFF) TDO (290F);
SDR 16 TDI (FFFF) TDO (5FE0);
SDR 16 TDI (FFFF) TDO (1279);
SDR 16 TDI (FFFF) TDO (A000);
SDR 16 TDI (FFFF) TDO (37F0);
SDR 16 TDI (FFFF) TDO (6110);
SDR 16 TDI (FFFF) TDO (7C40);
SDR 16 TDI (FFFF) TDO (A41F);
SDR 16 TDI (FFFF) TDO (8480);
SDR 16 TDI (FFFF) TDO (6404);
SDR 16 TDI (FFFF) TDO (B10F);
SDR 16 TDI (FFFF) TDO (9880);
SDR 16 TDI (FFFF) TDO (607F);
SDR 16 TDI (FFFF) TDO (5FFF);
SDR 16 TDI (FFFF) TDO (FFFF);
SDR 16 TDI (FFFF) TDO (BFFF);
SDR 16 TDI (FFFF) TDO (BBBB);
SDR 16 TDI (FFFF) TDO (73E6);
SDR 16 TDI (FFFF) TDO (2EEF);
SDR 16 TDI (FFFF) TDO (B811);
SDR 16 TDI (FFFF) TDO (3972);
SDR 16 TDI (FFFF) TDO (64EE);
SDR 16 TDI (FFFF) TDO (F8EC);
SDR 16 TDI (FFFF) TDO (9D8F);
SDR 16 TDI (FFFF) TDO (B999);
SDR 16 TDI (FFFF) TDO (57CC);
SDR 16 TDI (FFFF) TDO (9EE7);
SDR 16 TDI (FFFF) TDO (B999);
SDR 16 TDI (FFFF) TDO (B8FF);
SDR 16 TDI (FFFF) TDO (7FFF);
SDR 16 TDI (FFFF) TDO (FFFF);
SDR 16 TDI (FFFF) TDO (BFFD);
SDR 16 TDI (FFFF) TDO (1111);
SDR 16 TDI (FFFF) TDO (6157);
SDR 16 TDI (FFFF) TDO (6445);
SDR 16 TDI (FFFF) TDO (9322);
SDR 16 TDI (FFFF) TDO (32A1);
SDR 16 TDI (FFFF) TDO (4266);
SDR 16 TDI (FFFF) TDO (7DC9);
SDR 16 TDI (FFFF) TDO (B925);
SDR 16 TDI (FFFF) TDO (1CCC);
SDR 16 TDI (FFFF) TDO (73DD);
SDR 16 TDI (FFFF) TDO (DCC2);
SDR 16 TDI (FFFF) TDO (B5DD);
SDR 16 TDI (FFFF) TDO (9DFF);
SDR 16 TDI (FFFF) TDO (7FFF);
SDR 16 TDI (FFFF) TDO (FFFF);
SDR 16 TDI (FFFF) TDO (9FFF);
SDR 16 TDI (FFFF) TDO (FFFF);
SDR 16 TDI (FFFF) TDO (5FCF);
SDR 16 TDI (FFFF) TDO (FFFF);
SDR 16 TDI (FFFF) TDO (BDDD);
SDR 16 TDI (FFFF) TDO (FFEE);
SDR 16 TDI (FFFF) TDO (7DFF);
SDR 16 TDI (FFFF) TDO (FFFF);
SDR 16 TDI (FFFF) TDO (BFFF);
SDR 16 TDI (FFFF) TDO (7FFF);
SDR 16 TDI (FFFF) TDO (7FEF);
SDR 16 TDI (FFFF) TDO (FFFF);
SDR 16 TDI (FFFF) TDO (93BB);
SDR 16 TDI (FFFF) TDO (FFFF);
SDR 16 TDI (FFFF) TDO (5FFF);
SDR 16 TDI (FFFF) TDO (FFFF);
SDR 16 TDI (FFFF) TDO (BFFF);
SDR 16 TDI (FFFF) TDO (FFFF);
SDR 16 TDI (FFFF) TDO (7FFF);
SDR 16 TDI (FFFF) TDO (FFFF);
SDR 16 TDI (FFFF) TDO (BF7F);
SDR 16 TDI (FFFF) TDO (BFFF);
SDR 16 TDI (FFFF) TDO (7FFF);
SDR 16 TDI (FFFF) TDO (FD79);
SDR 16 TDI (FFFF) TDO (BFDF);
SDR 16 TDI (FFFF) TDO (FFFB);
SDR 16 TDI (FFFF) TDO (77FF);
SDR 16 TDI (FFFF) TDO (DFFF);
SDR 16 TDI (FFFF) TDO (BFFD);
SDR 16 TDI (FFFF) TDO (F7FF);
SDR 16 TDI (FFFF) TDO (7FFF);
SDR 16 TDI (FFFF) TDO (FFFF);
SDR 16 TDI (FFFF) TDO (BFFF);
SDR 16 TDI (FFFF) TDO (FEFF);
SDR 16 TDI (FFFF) TDO (7FFF);
SDR 16 TDI (FFFF) TDO (FBFD);
SDR 16 TDI (FFFF) TDO (96FF);
SDR 16 TDI (FFFF) TDO (F7FD);
SDR 16 TDI (FFFF) TDO (5FBB);
SDR 16 TDI (FFFF) TDO (7FFF);
SDR 16 TDI (FFFF) TDO (B6FF);
SDR 16 TDI (FFFF) TDO (DFCF);
SDR 16 TDI (FFFF) TDO (5FFF);
SDR 16 TDI (FFFF) TDO (F6EF);
SDR 16 TDI (FFFF) TDO (BF77);
SDR 16 TDI (FFFF) TDO (DBFD);
SDR 16 TDI (FFFF) TDO (7FFF);
SDR 16 TDI (FFFF) TDO (FFFF);
SDR 16 TDI (FFFF) TDO (8FFF);
SDR 16 TDI (FFFF) TDO (FFFF);
SDR 16 TDI (FFFF) TDO (5FFF);
SDR 16 TDI (FFFF) TDO (FFFD);
SDR 16 TDI (FFFF) TDO (B77F);
SDR 16 TDI (FFFF) TDO (7BFF);
SDR 16 TDI (FFFF) TDO (7FFF);
SDR 16 TDI (FFFF) TDO (7EF9);
SDR 16 TDI (FFFF) TDO (BF3F);
SDR 16 TDI (FFFF) TDO (FFFF);
SDR 16 TDI (FFFF) TDO (77FF);
SDR 16 TDI (FFFF) TDO (FFFF);
SDR 16 TDI (FFFF) TDO (9F75);
SDR 16 TDI (FFFF) TDO (FFFF);
SDR 16 TDI (FFFF) TDO (5FFF);
SDR 16 TDI (FFFF) TDO (FFFF);
SDR 16 TDI (FFFF) TDO (AFFF);
SDR 16 TDI (FFFF) TDO (FFFF);
SDR 16 TDI (FFFF) TDO (5FFF);
SDR 16 TDI (FFFF) TDO (FFFF);
SDR 16 TDI (FFFF) TDO (BFFF);
SDR 16 TDI (FFFF) TDO (FFFF);
SDR 16 TDI (FFFF) TDO (7FFF);
SDR 16 TDI (FFFF) TDO (FFBF);
SDR 16 TDI (FFFF) TDO (9FFF);
SDR 16 TDI (FFFF) TDO (BFDB);
SDR 16 TDI (FFFF) TDO (5FFF);
SDR 16 TDI (FFFF) TDO (D7FF);
SDR 16 TDI (FFFF) TDO (BFFF);
SDR 16 TDI (FFFF) TDO (CFBF);
SDR 16 TDI (FFFF) TDO (5FFF);
SDR 16 TDI (FFFF) TDO (FFFF);
SDR 16 TDI (FFFF) TDO (BFFF);
SDR 16 TDI (FFFF) TDO (FFFF);
SDR 16 TDI (FFFF) TDO (7FFF);
SDR 16 TDI (FFFF) TDO (FFFF);
SDR 16 TDI (FFFF) TDO (9FFF);
SDR 16 TDI (FFFF) TDO (FFFF);
SDR 16 TDI (FFFF) TDO (5FFF);
SDR 16 TDI (FFFF) TDO (FFFF);
SDR 16 TDI (FFFF) TDO (BFFF);
SDR 16 TDI (FFFF) TDO (F7FF);
SDR 16 TDI (FFFF) TDO (5DFB);
SDR 16 TDI (FFFF) TDO (FFFF);
SDR 16 TDI (FFFF) TDO (BFFF);
SDR 16 TDI (FFFF) TDO (FFFF);
SDR 16 TDI (FFFF) TDO (7FFF);
SDR 16 TDI (FFFF) TDO (FFFF);
SDR 16 TDI (FFFF) TDO (9FFE);
SDR 16 TDI (FFFF) TDO (FFFF);
SDR 16 TDI (FFFF) TDO (5FFB);
SDR 16 TDI (FFFF) TDO (F7DF);
SDR 16 TDI (FFFF) TDO (B7DF);
SDR 16 TDI (FFFF) TDO (FBFB);
SDR 16 TDI (FFFF) TDO (5FFF);
SDR 16 TDI (FFFF) TDO (FBFF);
SDR 16 TDI (FFFF) TDO (BFFF);
SDR 16 TDI (FFFF) TDO (FFDF);
SDR 16 TDI (FFFF) TDO (7FFF);
SDR 16 TDI (FFFF) TDO (DFBF);
SDR 16 TDI (FFFF) TDO (9FFF);
SDR 16 TDI (FFFF) TDO (FFFF);
SDR 16 TDI (FFFF) TDO (5FFF);
SDR 16 TDI (FFFF) TDO (FFFF);
SDR 16 TDI (FFFF) TDO (BFFD);
SDR 16 TDI (FFFF) TDO (FFFF);
SDR 16 TDI (FFFF) TDO (5FFF);
SDR 16 TDI (FFFF) TDO (FFFF);
SDR 16 TDI (FFFF) TDO (B6FF);
SDR 16 TDI (FFFF) TDO (F7FF);
SDR 16 TDI (FFFF) TDO (7EFF);
SDR 16 TDI (FFFF) TDO (E6FF);
SDR 16 TDI (FFFF) TDO (9FFF);
SDR 16 TDI (FFFF) TDO (F7FF);
SDR 16 TDI (FFFF) TDO (5EF7);
SDR 16 TDI (FFFF) TDO (FF7F);
SDR 16 TDI (FFFF) TDO (BFEE);
SDR 16 TDI (FFFF) TDO (FFFF);
SDR 16 TDI (FFFF) TDO (4BFF);
SDR 16 TDI (FFFF) TDO (FFFF);
SDR 16 TDI (FFFF) TDO (BFFF);
SDR 16 TDI (FFFF) TDO (FFFF);
SDR 16 TDI (FFFF) TDO (7FFB);
SDR 16 TDI (FFFF) TDO (EFDF);
SDR 16 TDI (FFFF) TDO (9FDF);
SDR 16 TDI (FFFF) TDO (FFF7);
SDR 16 TDI (FFFF) TDO (5FFF);
SDR 16 TDI (FFFF) TDO (FFFF);
SDR 16 TDI (FFFF) TDO (BFFF);
SDR 16 TDI (FFFF) TDO (FFBF);
SDR 16 TDI (FFFF) TDO (5FFF);
SDR 16 TDI (FFFF) TDO (DFFF);
SDR 16 TDI (FFFF) TDO (BFFF);
SDR 16 TDI (FFFF) TDO (FFFF);
SDR 16 TDI (FFFF) TDO (7FFF);
SDR 16 TDI (FFFF) TDO (FFFF);
SDR 16 TDI (FFFF) TDO (9FFF);
SDR 16 TDI (FFFF) TDO (FFFF);
SDR 16 TDI (FFFF) TDO (5FFF);
SDR 16 TDI (FFFF) TDO (FFFD);
SDR 16 TDI (FFFF) TDO (BFFF);
SDR 16 TDI (FFFF) TDO (FFFF);
SDR 16 TDI (FFFF) TDO (7FFF);
SDR 16 TDI (FFFF) TDO (E9FF);
SDR 16 TDI (FFFF) TDO (AFFF);
SDR 16 TDI (FFFF) TDO (FFBF);
SDR 16 TDI (FFFF) TDO (7FFB);
SDR 16 TDI (FFFF) TDO (FFFF);
SDR 16 TDI (FFFF) TDO (BFF7);
SDR 16 TDI (FFFF) TDO (FF7F);
SDR 16 TDI (FFFF) TDO (7FFF);
SDR 16 TDI (FFFF) TDO (FFFF);
SDR 16 TDI (FFFF) TDO (BFFF);
SDR 16 TDI (FFFF) TDO (7FFF);
SDR 16 TDI (FFFF) TDO (6FFF);
SDR 16 TDI (FFFF) TDO (FFFF);
SDR 16 TDI (FFFF) TDO (AFFD);
SDR 16 TDI (FFFF) TDO (F7FF);
SDR 16 TDI (FFFF) TDO (6F6E);
SDR 16 TDI (FFFF) TDO (AFDE);
SDR 16 TDI (FFFF) TDO (BFBF);
SDR 16 TDI (FFFF) TDO (FDFC);
SDR 16 TDI (FFFF) TDO (7F6F);
SDR 16 TDI (FFFF) TDO (FFDF);
SDR 16 TDI (FFFF) TDO (BFFD);
SDR 16 TDI (FFFF) TDO (FFDF);
SDR 16 TDI (FFFF) TDO (7FFF);
SDR 16 TDI (FFFF) TDO (FFFF);
SDR 16 TDI (FFFF) TDO (BFFF);
SDR 16 TDI (FFFF) TDO (FFFF);
SDR 16 TDI (FFFF) TDO (6FFF);
SDR 16 TDI (FFFF) TDO (FFFD);
SDR 16 TDI (FFFF) TDO (BFFD);
SDR 16 TDI (FFFF) TDO (F7FF);
SDR 16 TDI (FFFF) TDO (77F3);
SDR 16 TDI (FFFF) TDO (DFFD);
SDR 16 TDI (FFFF) TDO (AFBF);
SDR 16 TDI (FFFF) TDO (FDEF);
SDR 16 TDI (FFFF) TDO (7F7F);
SDR 16 TDI (FFFF) TDO (EFFF);
SDR 16 TDI (FFFF) TDO (BFF5);
SDR 16 TDI (FFFF) TDO (FB5F);
SDR 16 TDI (FFFF) TDO (7FFF);
SDR 16 TDI (FFFF) TDO (FFFF);
SDR 16 TDI (FFFF) TDO (9FFF);
SDR 16 TDI (FFFF) TDO (BFFF);
SDR 16 TDI (FFFF) TDO (5FFF);
SDR 16 TDI (FFFF) TDO (FFFE);
SDR 16 TDI (FFFF) TDO (BFFF);
SDR 16 TDI (FFFF) TDO (FFFF);
SDR 16 TDI (FFFF) TDO (7EFE);
SDR 16 TDI (FFFF) TDO (F6EF);
SDR 16 TDI (FFFF) TDO (BFFF);
SDR 16 TDI (FFFF) TDO (FFBD);
SDR 16 TDI (FFFF) TDO (6FD7);
SDR 16 TDI (FFFF) TDO (FFFF);
SDR 16 TDI (FFFF) TDO (9FFF);
SDR 16 TDI (FFFF) TDO (FFFF);
SDR 16 TDI (FFFF) TDO (5FFF);
SDR 16 TDI (FFFF) TDO (FFFF);
SDR 16 TDI (FFFF) TDO (AD5F);
SDR 16 TDI (FFFF) TDO (FFFF);
SDR 16 TDI (FFFF) TDO (7FFF);
SDR 16 TDI (FFFF) TDO (DFFF);
SDR 16 TDI (FFFF) TDO (BBFF);
SDR 16 TDI (FFFF) TDO (FFF7);
SDR 16 TDI (FFFF) TDO (6EEF);
SDR 16 TDI (FFFF) TDO (F9BF);
SDR 16 TDI (FFFF) TDO (BDFF);
SDR 16 TDI (FFFF) TDO (FDFF);
SDR 16 TDI (FFFF) TDO (6BFF);
SDR 16 TDI (FFFF) TDO (FFFF);
SDR 16 TDI (FFFF) TDO (BFFF);
SDR 16 TDI (FFFF) TDO (FFFD);
SDR 16 TDI (FFFF) TDO (7BFF);
SDR 16 TDI (FFFF) TDO (FFFF);
SDR 16 TDI (FFFF) TDO (ABFF);
SDR 16 TDI (FFFF) TDO (FF7F);
SDR 16 TDI (FFFF) TDO (7FFF);
SDR 16 TDI (FFFF) TDO (FFFE);
SDR 16 TDI (FFFF) TDO (BDFF);
SDR 16 TDI (FFFF) TDO (FFFE);
SDR 16 TDI (FFFF) TDO (7FDD);
SDR 16 TDI (FFFF) TDO (FFFF);
SDR 16 TDI (FFFF) TDO (AFFD);
SDR 16 TDI (FFFF) TDO (FF75);
SDR 16 TDI (FFFF) TDO (7EB9);
SDR 16 TDI (FFFF) TDO (6FAF);
SDR 16 TDI (FFFF) TDO (BAFA);
SDR 16 TDI (FFFF) TDO (B3FF);
SDR 16 TDI (FFFF) TDO (7FFF);
SDR 16 TDI (FFFF) TDO (FFFF);
SDR 16 TDI (FFFF) TDO (A95F);
SDR 16 TDI (FFFF) TDO (FFFF);
SDR 16 TDI (FFFF) TDO (7FFF);
SDR 16 TDI (FFFF) TDO (EFFE);
SDR 16 TDI (FFFF) TDO (BFAF);
SDR 16 TDI (FFFF) TDO (FFFE);
SDR 16 TDI (FFFF) TDO (7FDF);
SDR 16 TDI (FFFF) TDO (FFFB);
SDR 16 TDI (FFFF) TDO (AFFF);
SDR 16 TDI (FFFF) TDO (FF4F);
SDR 16 TDI (FFFF) TDO (7EDF);
SDR 16 TDI (FFFF) TDO (7EFF);
SDR 16 TDI (FFFF) TDO (BFFF);
SDR 16 TDI (FFFF) TDO (FFFD);
SDR 16 TDI (FFFF) TDO (7BFF);
SDR 16 TDI (FFFF) TDO (FFFF);
SDR 16 TDI (FFFF) TDO (AEFF);
SDR 16 TDI (FFFF) TDO (FFFF);
SDR 16 TDI (FFFF) TDO (7F7D);
SDR 16 TDI (FFFF) TDO (FFFF);
SDR 16 TDI (FFFF) TDO (BDFD);
SDR 16 TDI (FFFF) TDO (FFBF);
SDR 16 TDI (FFFF) TDO (6FEF);
SDR 16 TDI (FFFF) TDO (F77F);
SDR 16 TDI (FFFF) TDO (9BFF);
SDR 16 TDI (FFFF) TDO (FBFB);
SDR 16 TDI (FFFF) TDO (57FF);
SDR 16 TDI (FFFF) TDO (F77F);
SDR 16 TDI (FFFF) TDO (BFF7);
SDR 16 TDI (FFFF) TDO (FF7B);
SDR 16 TDI (FFFF) TDO (77FF);
SDR 16 TDI (FFFF) TDO (FFFF);
SDR 16 TDI (FFFF) TDO (BFFF);
SDR 16 TDI (FFFF) TDO (FFFF);
SDR 16 TDI (FFFF) TDO (7FFF);
SDR 16 TDI (FFFF) TDO (FFFF);
SDR 16 TDI (FFFF) TDO (97BF);
SDR 16 TDI (FFFF) TDO (FFFB);
SDR 16 TDI (FFFF) TDO (5FFC);
SDR 16 TDI (FFFF) TDO (FDFF);
SDR 16 TDI (FFFF) TDO (BFFF);
SDR 16 TDI (FFFF) TDO (F7FF);
SDR 16 TDI (FFFF) TDO (7FE7);
SDR 16 TDI (FFFF) TDO (DEFF);
SDR 16 TDI (FFFF) TDO (BB7F);
SDR 16 TDI (FFFF) TDO (FFFF);
SDR 16 TDI (FFFF) TDO (7FFF);
SDR 16 TDI (FFFF) TDO (FFFF);
SDR 16 TDI (FFFF) TDO (9FFF);
SDR 16 TDI (FFFF) TDO (FF7F);
SDR 16 TDI (FFFF) TDO (5FFF);
SDR 16 TDI (FFFF) TDO (FFFF);
SDR 16 TDI (FFFF) TDO (9FFF);
SDR 16 TDI (FFFF) TDO (EFFF);
SDR 16 TDI (FFFF) TDO (5AFF);
SDR 16 TDI (FFFF) TDO (DFEF);
SDR 16 TDI (FFFF) TDO (BEFF);
SDR 16 TDI (FFFF) TDO (FFFF);
SDR 16 TDI (FFFF) TDO (7FFF);
SDR 16 TDI (FFFF) TDO (FBEE);
SDR 16 TDI (FFFF) TDO (BFBB);
SDR 16 TDI (FFFF) TDO (DBFF);
SDR 16 TDI (FFFF) TDO (7FFF);
SDR 16 TDI (FFFF) TDO (FFFF);
SDR 16 TDI (FFFF) TDO (9FFF);
SDR 16 TDI (FFFF) TDO (FF7F);
SDR 16 TDI (FFFF) TDO (5FFF);
SDR 16 TDI (FFFF) TDO (FFFE);
SDR 16 TDI (FFFF) TDO (AFFF);
SDR 16 TDI (FFFF) TDO (DFFC);
SDR 16 TDI (FFFF) TDO (6E8F);
SDR 16 TDI (FFFF) TDO (FBEF);
SDR 16 TDI (FFFF) TDO (BFFF);
SDR 16 TDI (FFFF) TDO (F9DB);
SDR 16 TDI (FFFF) TDO (63F1);
SDR 16 TDI (FFFF) TDO (5E2F);
SDR 16 TDI (FFFF) TDO (9CAB);
SDR 16 TDI (FFFF) TDO (72FF);
SDR 16 TDI (FFFF) TDO (5FFF);
SDR 16 TDI (FFFF) TDO (FFFF);
SDR 16 TDI (FFFF) TDO (BDFF);
SDR 16 TDI (FFFF) TDO (FFBF);
SDR 16 TDI (FFFF) TDO (7F7F);
SDR 16 TDI (FFFF) TDO (DFFF);
SDR 16 TDI (FFFF) TDO (BA7F);
SDR 16 TDI (FFFF) TDO (FFBF);
SDR 16 TDI (FFFF) TDO (77F7);
SDR 16 TDI (FFFF) TDO (F63F);
SDR 16 TDI (FFFF) TDO (98FB);
SDR 16 TDI (FFFF) TDO (FFE7);
SDR 16 TDI (FFFF) TDO (5F5F);
SDR 16 TDI (FFFF) TDO (A9DF);
SDR 16 TDI (FFFF) TDO (BBFD);
SDR 16 TDI (FFFF) TDO (9DFA);
SDR 16 TDI (FFFF) TDO (77FF);
SDR 16 TDI (FFFF) TDO (FFFF);
SDR 16 TDI (FFFF) TDO (BFFF);
SDR 16 TDI (FFFF) TDO (FFFF);
SDR 16 TDI (FFFF) TDO (7FFB);
SDR 16 TDI (FFFF) TDO (F7FF);
SDR 16 TDI (FFFF) TDO (95AE);
SDR 16 TDI (FFFF) TDO (FFF3);
SDR 16 TDI (FFFF) TDO (5D78);
SDR 16 TDI (FFFF) TDO (DDFB);
SDR 16 TDI (FFFF) TDO (A7FF);
SDR 16 TDI (FFFF) TDO (EE7D);
SDR 16 TDI (FFFF) TDO (7CEF);
SDR 16 TDI (FFFF) TDO (F7FE);
SDR 16 TDI (FFFF) TDO (BF7F);
SDR 16 TDI (FFFF) TDO (FFFF);
SDR 16 TDI (FFFF) TDO (7FFF);
SDR 16 TDI (FFFF) TDO (FFFF);
SDR 16 TDI (FFFF) TDO (8B5F);
SDR 16 TDI (FFFF) TDO (FC3F);
SDR 16 TDI (FFFF) TDO (5DCB);
SDR 16 TDI (FFFF) TDO (FFFE);
SDR 16 TDI (FFFF) TDO (A32A);
SDR 16 TDI (FFFF) TDO (BEE0);
SDR 16 TDI (FFFF) TDO (7E0A);
SDR 16 TDI (FFFF) TDO (704A);
SDR 16 TDI (FFFF) TDO (BFF7);
SDR 16 TDI (FFFF) TDO (28B8);
SDR 16 TDI (FFFF) TDO (600A);
SDR 16 TDI (FFFF) TDO (74AF);
SDR 16 TDI (FFFF) TDO (9420);
SDR 16 TDI (FFFF) TDO (00F4);
SDR 16 TDI (FFFF) TDO (59FF);
SDR 16 TDI (FFFF) TDO (FFFF);
SDR 16 TDI (FFFF) TDO (A5FF);
SDR 16 TDI (FFFF) TDO (FC3F);
SDR 16 TDI (FFFF) TDO (7EEA);
SDR 16 TDI (FFFF) TDO (1FFE);
SDR 16 TDI (FFFF) TDO (A32A);
SDR 16 TDI (FFFF) TDO (8370);
SDR 16 TDI (FFFF) TDO (600A);
SDR 16 TDI (FFFF) TDO (100A);
SDR 16 TDI (FFFF) TDO (8A1F);
SDR 16 TDI (FFFF) TDO (A820);
SDR 16 TDI (FFFF) TDO (4000);
SDR 16 TDI (FFFF) TDO (A00D);
SDR 16 TDI (FFFF) TDO (B820);
SDR 16 TDI (FFFF) TDO (18FF);
SDR 16 TDI (FFFF) TDO (7DFF);
SDR 16 TDI (FFFF) TDO (FFFF);
SDR 16 TDI (FFFF) TDO (BF5F);
SDR 16 TDI (FFFF) TDO (FF3F);
SDR 16 TDI (FFFF) TDO (7FF3);
SDR 16 TDI (FFFF) TDO (E1FF);
SDR 16 TDI (FFFF) TDO (A366);
SDR 16 TDI (FFFF) TDO (7FF7);
SDR 16 TDI (FFFF) TDO (7E1A);
SDR 16 TDI (FFFF) TDO (7049);
SDR 16 TDI (FFFF) TDO (BBFF);
SDR 16 TDI (FFFF) TDO (CFF8);
SDR 16 TDI (FFFF) TDO (6000);
SDR 16 TDI (FFFF) TDO (841F);
SDR 16 TDI (FFFF) TDO (B9C6);
SDR 16 TDI (FFFF) TDO (7C74);
SDR 16 TDI (FFFF) TDO (7BFF);
SDR 16 TDI (FFFF) TDO (FFFF);
SDR 16 TDI (FFFF) TDO (BBFB);
SDR 16 TDI (FFFF) TDO (FF3F);
SDR 16 TDI (FFFF) TDO (7FF2);
SDR 16 TDI (FFFF) TDO (01FE);
SDR 16 TDI (FFFF) TDO (A326);
SDR 16 TDI (FFFF) TDO (43F0);
SDR 16 TDI (FFFF) TDO (6712);
SDR 16 TDI (FFFF) TDO (1209);
SDR 16 TDI (FFFF) TDO (AC1F);
SDR 16 TDI (FFFF) TDO (C801);
SDR 16 TDI (FFFF) TDO (78C0);
SDR 16 TDI (FFFF) TDO (098F);
SDR 16 TDI (FFFF) TDO (98C0);
SDR 16 TDI (FFFF) TDO (047F);
SDR 16 TDI (FFFF) TDO (5FFF);
SDR 16 TDI (FFFF) TDO (FFFF);
SDR 16 TDI (FFFF) TDO (BDFF);
SDR 16 TDI (FFFF) TDO (3333);
SDR 16 TDI (FFFF) TDO (63EE);
SDR 16 TDI (FFFF) TDO (E667);
SDR 16 TDI (FFFF) TDO (B33B);
SDR 16 TDI (FFFF) TDO (B9F3);
SDR 16 TDI (FFFF) TDO (6666);
SDR 16 TDI (FFFF) TDO (3C8E);
SDR 16 TDI (FFFF) TDO (B9CF);
SDR 16 TDI (FFFF) TDO (B9D9);
SDR 16 TDI (FFFF) TDO (71CC);
SDR 16 TDI (FFFF) TDO (CCE7);
SDR 16 TDI (FFFF) TDO (B9B9);
SDR 16 TDI (FFFF) TDO (9BFF);
SDR 16 TDI (FFFF) TDO (7FFF);
SDR 16 TDI (FFFF) TDO (FFFF);
SDR 16 TDI (FFFF) TDO (B9FF);
SDR 16 TDI (FFFF) TDO (7677);
SDR 16 TDI (FFFF) TDO (6946);
SDR 16 TDI (FFFF) TDO (6777);
SDR 16 TDI (FFFF) TDO (9733);
SDR 16 TDI (FFFF) TDO (30A9);
SDR 16 TDI (FFFF) TDO (4727);
SDR 16 TDI (FFFF) TDO (7DDC);
SDR 16 TDI (FFFF) TDO (B385);
SDR 16 TDI (FFFF) TDO (199D);
SDR 16 TDI (FFFF) TDO (7BDD);
SDR 16 TDI (FFFF) TDO (D9C2);
SDR 16 TDI (FFFF) TDO (B59C);
SDR 16 TDI (FFFF) TDO (D9FF);
SDR 16 TDI (FFFF) TDO (7FFF);
SDR 16 TDI (FFFF) TDO (FFFF);
SDR 16 TDI (FFFF) TDO (9FFB);
SDR 16 TDI (FFFF) TDO (FFFF);
SDR 16 TDI (FFFF) TDO (5FDF);
SDR 16 TDI (FFFF) TDO (FFFF);
SDR 16 TDI (FFFF) TDO (BBFF);
SDR 16 TDI (FFFF) TDO (FFEF);
SDR 16 TDI (FFFF) TDO (7FFF);
SDR 16 TDI (FFFF) TDO (FEFF);
SDR 16 TDI (FFFF) TDO (BFFF);
SDR 16 TDI (FFFF) TDO (7FFF);
SDR 16 TDI (FFFF) TDO (77EE);
SDR 16 TDI (FFFF) TDO (EFFF);
SDR 16 TDI (FFFF) TDO (B3FF);
SDR 16 TDI (FFFF) TDO (BFFF);
SDR 16 TDI (FFFF) TDO (7FFF);
SDR 16 TDI (FFFF) TDO (FFFF);
SDR 16 TDI (FFFF) TDO (BFFF);
SDR 16 TDI (FFFF) TDO (FFEF);
SDR 16 TDI (FFFF) TDO (5FFF);
SDR 16 TDI (FFFF) TDO (FFEF);
SDR 16 TDI (FFFF) TDO (BFED);
SDR 16 TDI (FFFF) TDO (FFFF);
SDR 16 TDI (FFFF) TDO (7EFD);
SDR 16 TDI (FFFF) TDO (7EB5);
SDR 16 TDI (FFFF) TDO (8FFF);
SDR 16 TDI (FFFF) TDO (FDFF);
SDR 16 TDI (FFFF) TDO (5FFF);
SDR 16 TDI (FFFF) TDO (FFFF);
SDR 16 TDI (FFFF) TDO (BFFF);
SDR 16 TDI (FFFF) TDO (FFFF);
SDR 16 TDI (FFFF) TDO (7FFF);
SDR 16 TDI (FFFF) TDO (FFFF);
SDR 16 TDI (FFFF) TDO (BFFF);
SDR 16 TDI (FFFF) TDO (FFF7);
SDR 16 TDI (FFFF) TDO (6FFF);
SDR 16 TDI (FFFF) TDO (FFFF);
SDR 16 TDI (FFFF) TDO (BFFF);
SDR 16 TDI (FFFF) TDO (D7FA);
SDR 16 TDI (FFFF) TDO (77F7);
SDR 16 TDI (FFFF) TDO (FFFF);
SDR 16 TDI (FFFF) TDO (BFFF);
SDR 16 TDI (FFFF) TDO (F7FF);
SDR 16 TDI (FFFF) TDO (5FFF);
SDR 16 TDI (FFFF) TDO (FFFF);
SDR 16 TDI (FFFF) TDO (BEFE);
SDR 16 TDI (FFFF) TDO (FFFD);
SDR 16 TDI (FFFF) TDO (7FFF);
SDR 16 TDI (FFFF) TDO (FFFF);
SDR 16 TDI (FFFF) TDO (AFFF);
SDR 16 TDI (FFFF) TDO (FFFF);
SDR 16 TDI (FFFF) TDO (6FFF);
SDR 16 TDI (FFFF) TDO (FFEF);
SDR 16 TDI (FFFF) TDO (BFED);
SDR 16 TDI (FFFF) TDO (FFF7);
SDR 16 TDI (FFFF) TDO (57FD);
SDR 16 TDI (FFFF) TDO (FFFF);
SDR 16 TDI (FFFF) TDO (AFFF);
SDR 16 TDI (FFFF) TDO (FFFF);
SDR 16 TDI (FFFF) TDO (7FFF);
SDR 16 TDI (FFFF) TDO (FFFF);
SDR 16 TDI (FFFF) TDO (BFFF);
SDR 16 TDI (FFFF) TDO (FFFF);
SDR 16 TDI (FFFF) TDO (7FFF);
SDR 16 TDI (FFFF) TDO (FFFF);
SDR 16 TDI (FFFF) TDO (AFFF);
SDR 16 TDI (FFFF) TDO (FFE7);
SDR 16 TDI (FFFF) TDO (5FFF);
SDR 16 TDI (FFFF) TDO (FFFF);
SDR 16 TDI (FFFF) TDO (BFFF);
SDR 16 TDI (FFFF) TDO (E7FE);
SDR 16 TDI (FFFF) TDO (7F76);
SDR 16 TDI (FFFF) TDO (FEBA);
SDR 16 TDI (FFFF) TDO (BFFF);
SDR 16 TDI (FFFF) TDO (EDFF);
SDR 16 TDI (FFFF) TDO (7FFF);
SDR 16 TDI (FFFF) TDO (FFFF);
SDR 16 TDI (FFFF) TDO (BFFF);
SDR 16 TDI (FFFF) TDO (FFFF);
SDR 16 TDI (FFFF) TDO (5FFF);
SDR 16 TDI (FFFF) TDO (FFFF);
SDR 16 TDI (FFFF) TDO (BFFF);
SDR 16 TDI (FFFF) TDO (7DFF);
SDR 16 TDI (FFFF) TDO (7FFF);
SDR 16 TDI (FFFF) TDO (EFFF);
SDR 16 TDI (FFFF) TDO (9FFF);
SDR 16 TDI (FFFF) TDO (FFFF);
SDR 16 TDI (FFFF) TDO (5FDE);
SDR 16 TDI (FFFF) TDO (FFFF);
SDR 16 TDI (FFFF) TDO (BFFF);
SDR 16 TDI (FFFF) TDO (FFF7);
SDR 16 TDI (FFFF) TDO (5FFF);
SDR 16 TDI (FFFF) TDO (FDFF);
SDR 16 TDI (FFFF) TDO (BFEF);
SDR 16 TDI (FFFF) TDO (FFFF);
SDR 16 TDI (FFFF) TDO (7FFF);
SDR 16 TDI (FFFF) TDO (FFFF);
SDR 16 TDI (FFFF) TDO (BFFF);
SDR 16 TDI (FFFF) TDO (FFFD);
SDR 16 TDI (FFFF) TDO (7FFD);
SDR 16 TDI (FFFF) TDO (FFFF);
SDR 16 TDI (FFFF) TDO (BFFF);
SDR 16 TDI (FFFF) TDO (DFFF);
SDR 16 TDI (FFFF) TDO (5FFF);
SDR 16 TDI (FFFF) TDO (E5FF);
SDR 16 TDI (FFFF) TDO (BFFF);
SDR 16 TDI (FFFF) TDO (FFFF);
SDR 16 TDI (FFFF) TDO (77FF);
SDR 16 TDI (FFFF) TDO (DFFF);
SDR 16 TDI (FFFF) TDO (BFFF);
SDR 16 TDI (FFFF) TDO (FFFF);
SDR 16 TDI (FFFF) TDO (7FFF);
SDR 16 TDI (FFFF) TDO (FFFF);
SDR 16 TDI (FFFF) TDO (BFFF);
SDR 16 TDI (FFFF) TDO (BDFF);
SDR 16 TDI (FFFF) TDO (5FFB);
SDR 16 TDI (FFFF) TDO (FFFF);
SDR 16 TDI (FFFF) TDO (BFFF);
SDR 16 TDI (FFFF) TDO (FFFF);
SDR 16 TDI (FFFF) TDO (7FFF);
SDR 16 TDI (FFFF) TDO (6BFF);
SDR 16 TDI (FFFF) TDO (BFFF);
SDR 16 TDI (FFFF) TDO (FFFF);
SDR 16 TDI (FFFF) TDO (7FFF);
SDR 16 TDI (FFFF) TDO (DDFF);
SDR 16 TDI (FFFF) TDO (BFF7);
SDR 16 TDI (FFFF) TDO (FFFF);
SDR 16 TDI (FFFF) TDO (5FFF);
SDR 16 TDI (FFFF) TDO (FFFF);
SDR 16 TDI (FFFF) TDO (BFFF);
SDR 16 TDI (FFFF) TDO (FFFE);
SDR 16 TDI (FFFF) TDO (7FFF);
SDR 16 TDI (FFFF) TDO (EFFF);
SDR 16 TDI (FFFF) TDO (BFFF);
SDR 16 TDI (FFFF) TDO (EFFF);
SDR 16 TDI (FFFF) TDO (7FBF);
SDR 16 TDI (FFFF) TDO (FDFF);
SDR 16 TDI (FFFF) TDO (BFFF);
SDR 16 TDI (FFFF) TDO (FFF7);
SDR 16 TDI (FFFF) TDO (5FFF);
SDR 16 TDI (FFFF) TDO (FFFF);
SDR 16 TDI (FFFF) TDO (BFFF);
SDR 16 TDI (FFFF) TDO (FFFF);
SDR 16 TDI (FFFF) TDO (7FFF);
SDR 16 TDI (FFFF) TDO (FFFF);
SDR 16 TDI (FFFF) TDO (BFFF);
SDR 16 TDI (FFFF) TDO (FFFE);
SDR 16 TDI (FFFF) TDO (7FFF);
SDR 16 TDI (FFFF) TDO (FEFF);
SDR 16 TDI (FFFF) TDO (BFFF);
SDR 16 TDI (FFFF) TDO (FFFF);
SDR 16 TDI (FFFF) TDO (5FFF);
SDR 16 TDI (FFFF) TDO (EFFF);
SDR 16 TDI (FFFF) TDO (BFFF);
SDR 16 TDI (FFFF) TDO (FFFF);
SDR 16 TDI (FFFF) TDO (7FFB);
SDR 16 TDI (FFFF) TDO (FFFF);
SDR 16 TDI (FFFF) TDO (BFFF);
SDR 16 TDI (FFFF) TDO (FFFF);
SDR 16 TDI (FFFF) TDO (7FFF);
SDR 16 TDI (FFFF) TDO (FFFF);
SDR 16 TDI (FFFF) TDO (BFFF);
SDR 16 TDI (FFFF) TDO (FFFF);
SDR 16 TDI (FFFF) TDO (57FF);
SDR 16 TDI (FFFF) TDO (FFFF);
SDR 16 TDI (FFFF) TDO (BFFF);
SDR 16 TDI (FFFF) TDO (FFFF);
SDR 16 TDI (FFFF) TDO (7FFF);
SDR 16 TDI (FFFF) TDO (EFFF);
SDR 16 TDI (FFFF) TDO (BFFF);
SDR 16 TDI (FFFF) TDO (FFFF);
SDR 16 TDI (FFFF) TDO (7FFF);
SDR 16 TDI (FFFF) TDO (FFFF);
SDR 16 TDI (FFFF) TDO (BFFF);
SDR 16 TDI (FFFF) TDO (FFFF);
SDR 16 TDI (FFFF) TDO (5FFF);
SDR 16 TDI (FFFF) TDO (FFFF);
SDR 16 TDI (FFFF) TDO (BFFF);
SDR 16 TDI (FFFF) TDO (FFFD);
SDR 16 TDI (FFFF) TDO (6FFF);
SDR 16 TDI (FFFF) TDO (FF7F);
SDR 16 TDI (FFFF) TDO (BFFF);
SDR 16 TDI (FFFF) TDO (FFFF);
SDR 16 TDI (FFFF) TDO (7FFF);
SDR 16 TDI (FFFF) TDO (FFFF);
SDR 16 TDI (FFFF) TDO (BFFF);
SDR 16 TDI (FFFF) TDO (FFFF);
SDR 16 TDI (FFFF) TDO (5FFF);
SDR 16 TDI (FFFF) TDO (FFFF);
SDR 16 TDI (FFFF) TDO (BFFF);
SDR 16 TDI (FFFF) TDO (FFFF);
SDR 16 TDI (FFFF) TDO (7FFF);
SDR 16 TDI (FFFF) TDO (FFFF);
SDR 16 TDI (FFFF) TDO (BFFF);
SDR 16 TDI (FFFF) TDO (FFFF);
SDR 16 TDI (FFFF) TDO (7FFF);
SDR 16 TDI (FFFF) TDO (FFFF);
SDR 16 TDI (FFFF) TDO (BFFF);
SDR 16 TDI (FFFF) TDO (FFFF);
SDR 16 TDI (FFFF) TDO (5FFF);
SDR 16 TDI (FFFF) TDO (FFFF);
SDR 16 TDI (FFFF) TDO (BFFF);
SDR 16 TDI (FFFF) TDO (FFFF);
SDR 16 TDI (FFFF) TDO (7FF7);
SDR 16 TDI (FFFF) TDO (FFFF);
SDR 16 TDI (FFFF) TDO (BFFF);
SDR 16 TDI (FFFF) TDO (FFFF);
SDR 16 TDI (FFFF) TDO (7FFF);
SDR 16 TDI (FFFF) TDO (FFFF);
SDR 16 TDI (FFFF) TDO (BFFF);
SDR 16 TDI (FFFF) TDO (FFFF);
SDR 16 TDI (FFFF) TDO (5FFF);
SDR 16 TDI (FFFF) TDO (FFFF);
SDR 16 TDI (FFFF) TDO (BFFF);
SDR 16 TDI (FFFF) TDO (FFFF);
SDR 16 TDI (FFFF) TDO (7FFF);
SDR 16 TDI (FFFF) TDO (FFFF);
SDR 16 TDI (FFFF) TDO (BFFF);
SDR 16 TDI (FFFF) TDO (FFFF);
SDR 16 TDI (FFFF) TDO (7FFF);
SDR 16 TDI (FFFF) TDO (FFFF);
SDR 16 TDI (FFFF) TDO (BFFF);
SDR 16 TDI (FFFF) TDO (FFFF);
SDR 16 TDI (FFFF) TDO (5FFF);
SDR 16 TDI (FFFF) TDO (FFFF);
SDR 16 TDI (FFFF) TDO (BFFF);
SDR 16 TDI (FFFF) TDO (FEDD);
SDR 16 TDI (FFFF) TDO (7FFF);
SDR 16 TDI (FFFF) TDO (FFFF);
SDR 16 TDI (FFFF) TDO (BFFF);
SDR 16 TDI (FFFF) TDO (FFFF);
SDR 16 TDI (FFFF) TDO (7FFF);
SDR 16 TDI (FFFF) TDO (FFFF);
SDR 16 TDI (FFFF) TDO (BFFF);
SDR 16 TDI (FFFF) TDO (FFFF);
SDR 16 TDI (FFFF) TDO (5FFF);
SDR 16 TDI (FFFF) TDO (FFFF);
SDR 16 TDI (FFFF) TDO (BFFF);
SDR 16 TDI (FFFF) TDO (FFFF);
SDR 16 TDI (FFFF) TDO (7FFF);
SDR 16 TDI (FFFF) TDO (FFFF);
SDR 16 TDI (FFFF) TDO (BFFF);
SDR 16 TDI (FFFF) TDO (FFFF);
SDR 16 TDI (FFFF) TDO (7FFF);
SDR 16 TDI (FFFF) TDO (FFFF);
SDR 16 TDI (FFFF) TDO (BFFF);
SDR 16 TDI (FFFF) TDO (FFFF);
SDR 16 TDI (FFFF) TDO (5FFF);
SDR 16 TDI (FFFF) TDO (FFFF);
SDR 16 TDI (FFFF) TDO (BFFF);
SDR 16 TDI (FFFF) TDO (FFFF);
SDR 16 TDI (FFFF) TDO (7FFF);
SDR 16 TDI (FFFF) TDO (F7FF);
SDR 16 TDI (FFFF) TDO (BFFF);
SDR 16 TDI (FFFF) TDO (FFFF);
SDR 16 TDI (FFFF) TDO (7FFF);
SDR 16 TDI (FFFF) TDO (FFFF);
SDR 16 TDI (FFFF) TDO (BFFF);
SDR 16 TDI (FFFF) TDO (FEEF);
SDR 16 TDI (FFFF) TDO (5FFF);
SDR 16 TDI (FFFF) TDO (FFFF);
SDR 16 TDI (FFFF) TDO (BFFF);
SDR 16 TDI (FFFF) TDO (FFFF);
SDR 16 TDI (FFFF) TDO (7FFF);
SDR 16 TDI (FFFF) TDO (FFFF);
SDR 16 TDI (FFFF) TDO (BFFF);
SDR 16 TDI (FFFF) TDO (FFFF);
SDR 16 TDI (FFFF) TDO (7FFF);
SDR 16 TDI (FFFF) TDO (FFFF);
SDR 16 TDI (FFFF) TDO (BFFF);
SDR 16 TDI (FFFF) TDO (FFFF);
SDR 16 TDI (FFFF) TDO (5FFF);
SDR 16 TDI (FFFF) TDO (FFFF);
SDR 16 TDI (FFFF) TDO (BFFF);
SDR 16 TDI (FFFF) TDO (FFFD);
SDR 16 TDI (FFFF) TDO (7FFF);
SDR 16 TDI (FFFF) TDO (FFFF);
SDR 16 TDI (FFFF) TDO (9FFF);
SDR 16 TDI (FFFF) TDO (FFFD);
SDR 16 TDI (FFFF) TDO (5BFF);
SDR 16 TDI (FFFF) TDO (FFFF);
SDR 16 TDI (FFFF) TDO (B7FF);
SDR 16 TDI (FFFF) TDO (FFFF);
SDR 16 TDI (FFFF) TDO (7FFF);
SDR 16 TDI (FFFF) TDO (939F);
SDR 16 TDI (FFFF) TDO (BCCF);
SDR 16 TDI (FFFF) TDO (FFFF);
SDR 16 TDI (FFFF) TDO (7FFF);
SDR 16 TDI (FFFF) TDO (FFFF);
SDR 16 TDI (FFFF) TDO (9FFF);
SDR 16 TDI (FFFF) TDO (FFFF);
SDR 16 TDI (FFFF) TDO (5FFB);
SDR 16 TDI (FFFF) TDO (BFFF);
SDR 16 TDI (FFFF) TDO (BFEE);
SDR 16 TDI (FFFF) TDO (EFFF);
SDR 16 TDI (FFFF) TDO (7FFF);
SDR 16 TDI (FFFF) TDO (FFFB);
SDR 16 TDI (FFFF) TDO (BF7F);
SDR 16 TDI (FFFF) TDO (EFFF);
SDR 16 TDI (FFFF) TDO (7FFF);
SDR 16 TDI (FFFF) TDO (FFFF);
SDR 16 TDI (FFFF) TDO (BFFF);
SDR 16 TDI (FFFF) TDO (FFFF);
SDR 16 TDI (FFFF) TDO (7FFF);
SDR 16 TDI (FFFF) TDO (FFFF);
SDR 16 TDI (FFFF) TDO (BFFC);
SDR 16 TDI (FFFF) TDO (F9E7);
SDR 16 TDI (FFFF) TDO (59F3);
SDR 16 TDI (FFFF) TDO (FFFE);
SDR 16 TDI (FFFF) TDO (AF9E);
SDR 16 TDI (FFFF) TDO (7CF9);
SDR 16 TDI (FFFF) TDO (7FFF);
SDR 16 TDI (FFFF) TDO (F3E7);
SDR 16 TDI (FFFF) TDO (93E7);
SDR 16 TDI (FFFF) TDO (FFFF);
SDR 16 TDI (FFFF) TDO (5FFE);
SDR 16 TDI (FFFF) TDO (7FFF);
SDR 16 TDI (FFFF) TDO (BFFF);
SDR 16 TDI (FFFF) TDO (FFFF);
SDR 16 TDI (FFFF) TDO (7FFF);
SDR 16 TDI (FFFF) TDO (FFFF);
SDR 16 TDI (FFFF) TDO (BFFF);
SDR 16 TDI (FFFF) TDO (FFFF);
SDR 16 TDI (FFFF) TDO (7FFF);
SDR 16 TDI (FFFF) TDO (FFFF);
SDR 16 TDI (FFFF) TDO (9FFF);
SDR 16 TDI (FFFF) TDO (FFFF);
SDR 16 TDI (FFFF) TDO (5FFF);
SDR 16 TDI (FFFF) TDO (FFFF);
SDR 16 TDI (FFFF) TDO (BFFF);
SDR 16 TDI (FFFF) TDO (FFFF);
SDR 16 TDI (FFFF) TDO (7FFF);
SDR 16 TDI (FFFF) TDO (FFFF);
SDR 16 TDI (FFFF) TDO (BFFF);
SDR 16 TDI (FFFF) TDO (FFFF);
SDR 16 TDI (FFFF) TDO (7FFF);
SDR 16 TDI (FFFF) TDO (FFFF);
SDR 16 TDI (FFFF) TDO (BFFF);
SDR 16 TDI (FFFF) TDO (FFFF);
SDR 16 TDI (FFFF) TDO (7FFF);
SDR 16 TDI (FFFF) TDO (FFFF);
SDR 16 TDI (FFFF) TDO (BFFF);
SDR 16 TDI (FFFF) TDO (FFFF);
SDR 16 TDI (FFFF) TDO (7FFF);
SDR 16 TDI (FFFF) TDO (FFFF);
SDR 16 TDI (FFFF) TDO (BFFF);
SDR 16 TDI (FFFF) TDO (FFFF);
SDR 16 TDI (FFFF) TDO (7FFF);
SDR 16 TDI (FFFF) TDO (FFFF);
SDR 16 TDI (FFFF) TDO (BFFF);
SDR 16 TDI (FFFF) TDO (FFFF);
SDR 16 TDI (FFFF) TDO (7FFF);
SDR 16 TDI (FFFF) TDO (FFFF);
SDR 16 TDI (FFFF) TDO (BFFF);
SDR 16 TDI (FFFF) TDO (FFFF);
SDR 16 TDI (FFFF) TDO (7FFF);
SDR 16 TDI (FFFF) TDO (FFFF);
SDR 16 TDI (FFFF) TDO (BFFF);
SDR 16 TDI (FFFF) TDO (FFFF);
SDR 16 TDI (FFFF) TDO (7FFF);
SDR 16 TDI (FFFF) TDO (FFFF);
SDR 16 TDI (FFFF) TDO (BFFF);
SDR 16 TDI (FFFF) TDO (FFFF);
SDR 16 TDI (FFFF) TDO (7FFF);
SDR 16 TDI (FFFF) TDO (FFFF);
SDR 16 TDI (FFFF) TDO (BFFF);
SDR 16 TDI (FFFF) TDO (FFFF);
SDR 16 TDI (FFFF) TDO (7FFF);
SDR 16 TDI (FFFF) TDO (FFFF);
SDR 16 TDI (FFFF) TDO (BFFF);
SDR 16 TDI (FFFF) TDO (FFFF);
SDR 16 TDI (FFFF) TDO (7FFF);
SDR 16 TDI (FFFF) TDO (FFFF);
SDR 16 TDI (FFFF) TDO (BFFF);
SDR 16 TDI (FFFF) TDO (FFFF);
SDR 16 TDI (FFFF) TDO (7FFF);
SDR 16 TDI (FFFF) TDO (FFFF);
SDR 16 TDI (FFFF) TDO (BFFF);
SDR 16 TDI (FFFF) TDO (FFFF);
SDR 16 TDI (FFFF) TDO (7FFF);
SDR 16 TDI (FFFF) TDO (FFFF);
SDR 16 TDI (FFFF) TDO (BFFF);
SDR 16 TDI (FFFF) TDO (FFFF);
SDR 16 TDI (FFFF) TDO (7FFF);
SDR 16 TDI (FFFF) TDO (FFFF);
SDR 16 TDI (FFFF) TDO (BFFF);
SDR 16 TDI (FFFF) TDO (FFFF);
SDR 16 TDI (FFFF) TDO (7FFF);
SDR 16 TDI (FFFF) TDO (FFFF);
SDR 16 TDI (FFFF) TDO (BFFF);
SDR 16 TDI (FFFF) TDO (FFFF);
SDR 16 TDI (FFFF) TDO (7FFF);
SDR 16 TDI (FFFF) TDO (FFFF);
SDR 16 TDI (FFFF) TDO (BFFF);
SDR 16 TDI (FFFF) TDO (FFFF);
SDR 16 TDI (FFFF) TDO (7FFF);
SDR 16 TDI (FFFF) TDO (FFFF);
SDR 16 TDI (FFFF) TDO (BFFF);
SDR 16 TDI (FFFF) TDO (FFFF);
SDR 16 TDI (FFFF) TDO (7FFF);
SDR 16 TDI (FFFF) TDO (FFFF);
SDR 16 TDI (FFFF) TDO (BFFF);
SDR 16 TDI (FFFF) TDO (FFFF);
SDR 16 TDI (FFFF) TDO (7FFF);
SDR 16 TDI (FFFF) TDO (FFFF);
SDR 16 TDI (FFFF) TDO (BFFF);
SDR 16 TDI (FFFF) TDO (FFFF);
SDR 16 TDI (FFFF) TDO (7FFF);
SDR 16 TDI (FFFF) TDO (FFFF);
SDR 16 TDI (FFFF) TDO (BFFF);
SDR 16 TDI (FFFF) TDO (FFFF);
SDR 16 TDI (FFFF) TDO (7FFF);
SDR 16 TDI (FFFF) TDO (FFFF);
SDR 16 TDI (FFFF) TDO (BFFF);
SDR 16 TDI (FFFF) TDO (FFFF);
SDR 16 TDI (FFFF) TDO (7FFF);
SDR 16 TDI (FFFF) TDO (FFFF);
SDR 16 TDI (FFFF) TDO (BFFF);
SDR 16 TDI (FFFF) TDO (FFFF);
SDR 16 TDI (FFFF) TDO (7FFF);
SDR 16 TDI (FFFF) TDO (FFFF);
SDR 16 TDI (FFFF) TDO (BFFF);
SDR 16 TDI (FFFF) TDO (FFFF);
SDR 16 TDI (FFFF) TDO (7FFF);
SDR 16 TDI (FFFF) TDO (FFFF);
SDR 16 TDI (FFFF) TDO (BFFF);
SDR 16 TDI (FFFF) TDO (FFFF);
SDR 16 TDI (FFFF) TDO (7FFF);
SDR 16 TDI (FFFF) TDO (FFFF);
SDR 16 TDI (FFFF) TDO (BFFF);
SDR 16 TDI (FFFF) TDO (FFFF);
SDR 16 TDI (FFFF) TDO (7FFF);
SDR 16 TDI (FFFF) TDO (FFFF);
SDR 16 TDI (FFFF) TDO (BFFF);
SDR 16 TDI (FFFF) TDO (FFFF);
SDR 16 TDI (FFFF) TDO (7FFF);
SDR 16 TDI (FFFF) TDO (FFFF);
SDR 16 TDI (FFFF) TDO (BFFF);
SDR 16 TDI (FFFF) TDO (FFFF);
SDR 16 TDI (FFFF) TDO (7FFF);
SDR 16 TDI (FFFF) TDO (FFFF);
SDR 16 TDI (FFFF) TDO (BFFF);
SDR 16 TDI (FFFF) TDO (FFFF);
SDR 16 TDI (FFFF) TDO (7FFF);
SDR 16 TDI (FFFF) TDO (FFFF);
SDR 16 TDI (FFFF) TDO (BFFF);
SDR 16 TDI (FFFF) TDO (FFFF);
SDR 16 TDI (FFFF) TDO (7FFF);
SDR 16 TDI (FFFF) TDO (FFFF);
SDR 16 TDI (FFFF) TDO (BFFF);
SDR 16 TDI (FFFF) TDO (FFFF);
SDR 16 TDI (FFFF) TDO (7FFF);
SDR 16 TDI (FFFF) TDO (FFFF);
SDR 16 TDI (FFFF) TDO (BFFF);
SDR 16 TDI (FFFF) TDO (FFFF);
SDR 16 TDI (FFFF) TDO (7FFF);
SDR 16 TDI (FFFF) TDO (FFFF);
SDR 16 TDI (FFFF) TDO (BFFF);
SDR 16 TDI (FFFF) TDO (FFFF);
SDR 16 TDI (FFFF) TDO (7FFF);
SDR 16 TDI (FFFF) TDO (FFFF);
SDR 16 TDI (FFFF) TDO (BFFF);
SDR 16 TDI (FFFF) TDO (FFFF);
SDR 16 TDI (FFFF) TDO (7FFF);
SDR 16 TDI (FFFF) TDO (FFFF);
SDR 16 TDI (FFFF) TDO (BFFF);
SDR 16 TDI (FFFF) TDO (FFFF);
SDR 16 TDI (FFFF) TDO (7FFF);
SDR 16 TDI (FFFF) TDO (FFFF);
SDR 16 TDI (FFFF) TDO (BFFF);
SDR 16 TDI (FFFF) TDO (FFFF);
SDR 16 TDI (FFFF) TDO (7FFF);
SDR 16 TDI (FFFF) TDO (FFFF);
SDR 16 TDI (FFFF) TDO (BFFF);
SDR 16 TDI (FFFF) TDO (FFFF);
SDR 16 TDI (FFFF) TDO (7FFF);
SDR 16 TDI (FFFF) TDO (FFFF);
SDR 16 TDI (FFFF) TDO (BFFF);
SDR 16 TDI (FFFF) TDO (FFFF);
SDR 16 TDI (FFFF) TDO (7FFF);
SDR 16 TDI (FFFF) TDO (FFFF);
SDR 16 TDI (FFFF) TDO (BFFF);
SDR 16 TDI (FFFF) TDO (FFFF);
SDR 16 TDI (FFFF) TDO (7FFF);
SDR 16 TDI (FFFF) TDO (FFFF);
SDR 16 TDI (FFFF) TDO (BFFF);
SDR 16 TDI (FFFF) TDO (FFFF);
SDR 16 TDI (FFFF) TDO (7FFF);
SDR 16 TDI (FFFF) TDO (FFFF);
SDR 16 TDI (FFFF) TDO (BFFF);
SDR 16 TDI (FFFF) TDO (FFFF);
SDR 16 TDI (FFFF) TDO (7FFF);
SDR 16 TDI (FFFF) TDO (FFFF);
SDR 16 TDI (FFFF) TDO (BFFF);
SDR 16 TDI (FFFF) TDO (FFFF);
SDR 16 TDI (FFFF) TDO (7FFF);
SDR 16 TDI (FFFF) TDO (FFFF);
SDR 16 TDI (FFFF) TDO (BFFF);
SDR 16 TDI (FFFF) TDO (FFFF);
SDR 16 TDI (FFFF) TDO (7FFF);
SDR 16 TDI (FFFF) TDO (FFFF);
SDR 16 TDI (FFFF) TDO (BFFF);
SDR 16 TDI (FFFF) TDO (FFFF);
SDR 16 TDI (FFFF) TDO (7FFF);
SDR 16 TDI (FFFF) TDO (FFFF);
SDR 16 TDI (FFFF) TDO (BFFF);
SDR 16 TDI (FFFF) TDO (FFFF);
SDR 16 TDI (FFFF) TDO (7FFF);
SDR 16 TDI (FFFF) TDO (FFFF);
SDR 16 TDI (FFFF) TDO (BFFF);
SDR 16 TDI (FFFF) TDO (FFFF);
SDR 16 TDI (FFFF) TDO (7FFF);
SDR 16 TDI (FFFF) TDO (FFFF);
SDR 16 TDI (FFFF) TDO (BFFF);
SDR 16 TDI (FFFF) TDO (FFFF);
SDR 16 TDI (FFFF) TDO (7FFF);
SDR 16 TDI (FFFF) TDO (FFFF);
SDR 16 TDI (FFFF) TDO (BFFF);
SDR 16 TDI (FFFF) TDO (FFFF);
SDR 16 TDI (FFFF) TDO (7FFF);
SDR 16 TDI (FFFF) TDO (FFFF);
SDR 16 TDI (FFFF) TDO (BFFF);
SDR 16 TDI (FFFF) TDO (FFFF);
SDR 16 TDI (FFFF) TDO (7FFF);
SDR 16 TDI (FFFF) TDO (FFFF);
SDR 16 TDI (FFFF) TDO (BFFF);
SDR 16 TDI (FFFF) TDO (FFFF);
SDR 16 TDI (FFFF) TDO (7FFF);
SDR 16 TDI (FFFF) TDO (FFFF);
SDR 16 TDI (FFFF) TDO (BFFF);
SDR 16 TDI (FFFF) TDO (FFFF);
SDR 16 TDI (FFFF) TDO (7FFF);
SDR 16 TDI (FFFF) TDO (FFFF);
SDR 16 TDI (FFFF) TDO (BFFF);
SDR 16 TDI (FFFF) TDO (FFFF);
SDR 16 TDI (FFFF) TDO (7FFF);
SDR 16 TDI (FFFF) TDO (FFFF);
SDR 16 TDI (FFFF) TDO (BFFF);
SDR 16 TDI (FFFF) TDO (FFFF);
SDR 16 TDI (FFFF) TDO (7FFF);
SDR 16 TDI (FFFF) TDO (FFFF);
SDR 16 TDI (FFFF) TDO (BFFF);
SDR 16 TDI (FFFF) TDO (FFFF);
SIR 10 TDI (203);
RUNTEST 93 TCK;
SDR 13 TDI (0001);
SIR 10 TDI (205);
RUNTEST 93 TCK;
SDR 16 TDI (FFFF) TDO (FFFF) MASK (FFFF);
SDR 16 TDI (FFFF) TDO (FFFF);
SDR 16 TDI (FFFF) TDO (FFFF);
SDR 16 TDI (FFFF) TDO (FFFF);
SDR 16 TDI (FFFF) TDO (FFFF);
SDR 16 TDI (FFFF) TDO (FFFF);
SDR 16 TDI (FFFF) TDO (FFFF);
SDR 16 TDI (FFFF) TDO (FFFF);
SDR 16 TDI (FFFF) TDO (FFFF);
SDR 16 TDI (FFFF) TDO (FFFF);
SDR 16 TDI (FFFF) TDO (FFFF);
SDR 16 TDI (FFFF) TDO (FFFF);
SDR 16 TDI (FFFF) TDO (FFFF);
SDR 16 TDI (FFFF) TDO (FFFF);
SDR 16 TDI (FFFF) TDO (FFFF);
SDR 16 TDI (FFFF) TDO (FFFF);
SDR 16 TDI (FFFF) TDO (FFFF);
SDR 16 TDI (FFFF) TDO (FFFF);
SDR 16 TDI (FFFF) TDO (FFFF);
SDR 16 TDI (FFFF) TDO (FFFF);
SDR 16 TDI (FFFF) TDO (FFFF);
SDR 16 TDI (FFFF) TDO (FFFF);
SDR 16 TDI (FFFF) TDO (FFFF);
SDR 16 TDI (FFFF) TDO (FFFF);
SDR 16 TDI (FFFF) TDO (FFFF);
SDR 16 TDI (FFFF) TDO (FFFF);
SDR 16 TDI (FFFF) TDO (FFFF);
SDR 16 TDI (FFFF) TDO (FFFF);
SDR 16 TDI (FFFF) TDO (FFFF);
SDR 16 TDI (FFFF) TDO (FFFF);
SDR 16 TDI (FFFF) TDO (FFFF);
SDR 16 TDI (FFFF) TDO (FFFF);
SDR 16 TDI (FFFF) TDO (FFFF);
SDR 16 TDI (FFFF) TDO (FFFF);
SDR 16 TDI (FFFF) TDO (FFFF);
SDR 16 TDI (FFFF) TDO (FFFF);
SDR 16 TDI (FFFF) TDO (FFFF);
SDR 16 TDI (FFFF) TDO (FFFF);
SDR 16 TDI (FFFF) TDO (FFFF);
SDR 16 TDI (FFFF) TDO (FFFF);
SDR 16 TDI (FFFF) TDO (FFFF);
SDR 16 TDI (FFFF) TDO (FFFF);
SDR 16 TDI (FFFF) TDO (FFFF);
SDR 16 TDI (FFFF) TDO (FFFF);
SDR 16 TDI (FFFF) TDO (FFFF);
SDR 16 TDI (FFFF) TDO (FFFF);
SDR 16 TDI (FFFF) TDO (FFFF);
SDR 16 TDI (FFFF) TDO (FFFF);
SDR 16 TDI (FFFF) TDO (FFFF);
SDR 16 TDI (FFFF) TDO (FFFF);
SDR 16 TDI (FFFF) TDO (FFFF);
SDR 16 TDI (FFFF) TDO (FFFF);
SDR 16 TDI (FFFF) TDO (FFFF);
SDR 16 TDI (FFFF) TDO (FFFF);
SDR 16 TDI (FFFF) TDO (FFFF);
SDR 16 TDI (FFFF) TDO (FFFF);
SDR 16 TDI (FFFF) TDO (FFFF);
SDR 16 TDI (FFFF) TDO (FFFF);
SDR 16 TDI (FFFF) TDO (FFFF);
SDR 16 TDI (FFFF) TDO (FFFF);
SDR 16 TDI (FFFF) TDO (FFFF);
SDR 16 TDI (FFFF) TDO (FFFF);
SDR 16 TDI (FFFF) TDO (FFFF);
SDR 16 TDI (FFFF) TDO (FFFF);
SDR 16 TDI (FFFF) TDO (FFFF);
SDR 16 TDI (FFFF) TDO (FFFF);
SDR 16 TDI (FFFF) TDO (FFFF);
SDR 16 TDI (FFFF) TDO (FFFF);
SDR 16 TDI (FFFF) TDO (FFFF);
SDR 16 TDI (FFFF) TDO (FFFF);
SDR 16 TDI (FFFF) TDO (FFFF);
SDR 16 TDI (FFFF) TDO (FFFF);
SDR 16 TDI (FFFF) TDO (FFFF);
SDR 16 TDI (FFFF) TDO (FFFF);
SDR 16 TDI (FFFF) TDO (FFFF);
SDR 16 TDI (FFFF) TDO (FFFF);
SDR 16 TDI (FFFF) TDO (FFFF);
SDR 16 TDI (FFFF) TDO (FFFF);
SDR 16 TDI (FFFF) TDO (FFFF);
SDR 16 TDI (FFFF) TDO (FFFF);
SDR 16 TDI (FFFF) TDO (FFFF);
SDR 16 TDI (FFFF) TDO (FFFF);
SDR 16 TDI (FFFF) TDO (FFFF);
SDR 16 TDI (FFFF) TDO (FFFF);
SDR 16 TDI (FFFF) TDO (FFFF);
SDR 16 TDI (FFFF) TDO (FFFF);
SDR 16 TDI (FFFF) TDO (FFFF);
SDR 16 TDI (FFFF) TDO (FFFF);
SDR 16 TDI (FFFF) TDO (FFFF);
SDR 16 TDI (FFFF) TDO (FFFF);
SDR 16 TDI (FFFF) TDO (FFFF);
SDR 16 TDI (FFFF) TDO (FFFF);
SDR 16 TDI (FFFF) TDO (FFFF);
SDR 16 TDI (FFFF) TDO (FFFF);
SDR 16 TDI (FFFF) TDO (FFFF);
SDR 16 TDI (FFFF) TDO (FFFF);
SDR 16 TDI (FFFF) TDO (FFFF);
SDR 16 TDI (FFFF) TDO (FFFF);
SDR 16 TDI (FFFF) TDO (FFFF);
SDR 16 TDI (FFFF) TDO (FFFF);
SDR 16 TDI (FFFF) TDO (FFFF);
SDR 16 TDI (FFFF) TDO (FFFF);
SDR 16 TDI (FFFF) TDO (FFFF);
SDR 16 TDI (FFFF) TDO (FFFF);
SDR 16 TDI (FFFF) TDO (FFFF);
SDR 16 TDI (FFFF) TDO (FFFF);
SDR 16 TDI (FFFF) TDO (FFFF);
SDR 16 TDI (FFFF) TDO (FFFF);
SDR 16 TDI (FFFF) TDO (FFFF);
SDR 16 TDI (FFFF) TDO (FFFF);
SDR 16 TDI (FFFF) TDO (FFFF);
SDR 16 TDI (FFFF) TDO (FFFF);
SDR 16 TDI (FFFF) TDO (FFFF);
SDR 16 TDI (FFFF) TDO (FFFF);
SDR 16 TDI (FFFF) TDO (FFFF);
SDR 16 TDI (FFFF) TDO (FFFF);
SDR 16 TDI (FFFF) TDO (FFFF);
SDR 16 TDI (FFFF) TDO (FFFF);
SDR 16 TDI (FFFF) TDO (FFFF);
SDR 16 TDI (FFFF) TDO (FFFF);
SDR 16 TDI (FFFF) TDO (FFFF);
SDR 16 TDI (FFFF) TDO (FFFF);
SDR 16 TDI (FFFF) TDO (FFFF);
SDR 16 TDI (FFFF) TDO (FFFF);
SDR 16 TDI (FFFF) TDO (FFFF);
SDR 16 TDI (FFFF) TDO (FFFF);
SDR 16 TDI (FFFF) TDO (FFFF);
SDR 16 TDI (FFFF) TDO (FFFF);
SDR 16 TDI (FFFF) TDO (FFFF);
SDR 16 TDI (FFFF) TDO (FFFF);
SDR 16 TDI (FFFF) TDO (FFFF);
SDR 16 TDI (FFFF) TDO (FFFF);
SDR 16 TDI (FFFF) TDO (FFFF);
SDR 16 TDI (FFFF) TDO (FFFF);
SDR 16 TDI (FFFF) TDO (FFFF);
SDR 16 TDI (FFFF) TDO (FFFF);
SDR 16 TDI (FFFF) TDO (FFFF);
SDR 16 TDI (FFFF) TDO (FFFF);
SDR 16 TDI (FFFF) TDO (FFFF);
SDR 16 TDI (FFFF) TDO (FFFF);
SDR 16 TDI (FFFF) TDO (FFFF);
SDR 16 TDI (FFFF) TDO (FFFF);
SDR 16 TDI (FFFF) TDO (FFFF);
SDR 16 TDI (FFFF) TDO (FFFF);
SDR 16 TDI (FFFF) TDO (FFFF);
SDR 16 TDI (FFFF) TDO (FFFF);
SDR 16 TDI (FFFF) TDO (FFFF);
SDR 16 TDI (FFFF) TDO (FFFF);
SDR 16 TDI (FFFF) TDO (FFFF);
SDR 16 TDI (FFFF) TDO (FFFF);
SDR 16 TDI (FFFF) TDO (FFFF);
SDR 16 TDI (FFFF) TDO (FFFF);
SDR 16 TDI (FFFF) TDO (FFFF);
SDR 16 TDI (FFFF) TDO (FFFF);
SDR 16 TDI (FFFF) TDO (FFFF);
SDR 16 TDI (FFFF) TDO (FFFF);
SDR 16 TDI (FFFF) TDO (FFFF);
SDR 16 TDI (FFFF) TDO (FFFF);
SDR 16 TDI (FFFF) TDO (FFFF);
SDR 16 TDI (FFFF) TDO (FFFF);
SDR 16 TDI (FFFF) TDO (FFFF);
SDR 16 TDI (FFFF) TDO (FFFF);
SDR 16 TDI (FFFF) TDO (FFFF);
SDR 16 TDI (FFFF) TDO (FFFF);
SDR 16 TDI (FFFF) TDO (FFFF);
SDR 16 TDI (FFFF) TDO (FFFF);
SDR 16 TDI (FFFF) TDO (FFFF);
SDR 16 TDI (FFFF) TDO (FFFF);
SDR 16 TDI (FFFF) TDO (FFFF);
SDR 16 TDI (FFFF) TDO (FFFF);
SDR 16 TDI (FFFF) TDO (FFFF);
SDR 16 TDI (FFFF) TDO (FFFF);
SDR 16 TDI (FFFF) TDO (FFFF);
SDR 16 TDI (FFFF) TDO (FFFF);
SDR 16 TDI (FFFF) TDO (FFFF);
SDR 16 TDI (FFFF) TDO (FFFF);
SDR 16 TDI (FFFF) TDO (FFFF);
SDR 16 TDI (FFFF) TDO (FFFF);
SDR 16 TDI (FFFF) TDO (FFFF);
SDR 16 TDI (FFFF) TDO (FFFF);
SDR 16 TDI (FFFF) TDO (FFFF);
SDR 16 TDI (FFFF) TDO (FFFF);
SDR 16 TDI (FFFF) TDO (FFFF);
SDR 16 TDI (FFFF) TDO (FFFF);
SDR 16 TDI (FFFF) TDO (FFFF);
SDR 16 TDI (FFFF) TDO (FFFF);
SDR 16 TDI (FFFF) TDO (FFFF);
SDR 16 TDI (FFFF) TDO (FFFF);
SDR 16 TDI (FFFF) TDO (FFFF);
SDR 16 TDI (FFFF) TDO (FFFF);
SDR 16 TDI (FFFF) TDO (FFFF);
SDR 16 TDI (FFFF) TDO (FFFF);
SDR 16 TDI (FFFF) TDO (FFFF);
SDR 16 TDI (FFFF) TDO (FFFF);
SDR 16 TDI (FFFF) TDO (FFFF);
SDR 16 TDI (FFFF) TDO (FFFF);
SDR 16 TDI (FFFF) TDO (FFFF);
SDR 16 TDI (FFFF) TDO (FFFF);
SDR 16 TDI (FFFF) TDO (FFFF);
SDR 16 TDI (FFFF) TDO (FFFF);
SDR 16 TDI (FFFF) TDO (FFFF);
SDR 16 TDI (FFFF) TDO (FFFF);
SDR 16 TDI (FFFF) TDO (FFFF);
SDR 16 TDI (FFFF) TDO (FFFF);
SDR 16 TDI (FFFF) TDO (FFFF);
SDR 16 TDI (FFFF) TDO (FFFF);
SDR 16 TDI (FFFF) TDO (FFFF);
SDR 16 TDI (FFFF) TDO (FFFF);
SDR 16 TDI (FFFF) TDO (FFFF);
SDR 16 TDI (FFFF) TDO (FFFF);
SDR 16 TDI (FFFF) TDO (FFFF);
SDR 16 TDI (FFFF) TDO (FFFF);
SDR 16 TDI (FFFF) TDO (FFFF);
SDR 16 TDI (FFFF) TDO (FFFF);
SDR 16 TDI (FFFF) TDO (FFFF);
SDR 16 TDI (FFFF) TDO (FFFF);
SDR 16 TDI (FFFF) TDO (FFFF);
SDR 16 TDI (FFFF) TDO (FFFF);
SDR 16 TDI (FFFF) TDO (FFFF);
SDR 16 TDI (FFFF) TDO (FFFF);
SDR 16 TDI (FFFF) TDO (FFFF);
SDR 16 TDI (FFFF) TDO (FFFF);
SDR 16 TDI (FFFF) TDO (FFFF);
SDR 16 TDI (FFFF) TDO (FFFF);
SDR 16 TDI (FFFF) TDO (FFFF);
SDR 16 TDI (FFFF) TDO (FFFF);
SDR 16 TDI (FFFF) TDO (FFFF);
SDR 16 TDI (FFFF) TDO (FFFF);
SDR 16 TDI (FFFF) TDO (FFFF);
SDR 16 TDI (FFFF) TDO (FFFF);
SDR 16 TDI (FFFF) TDO (FFFF);
SDR 16 TDI (FFFF) TDO (FFFF);
SDR 16 TDI (FFFF) TDO (FFFF);
SDR 16 TDI (FFFF) TDO (FFFF);
SDR 16 TDI (FFFF) TDO (FFFF);
SDR 16 TDI (FFFF) TDO (FFFF);
SDR 16 TDI (FFFF) TDO (FFFF);
SDR 16 TDI (FFFF) TDO (FFFF);
SDR 16 TDI (FFFF) TDO (FFFF);
SDR 16 TDI (FFFF) TDO (FFFF);
SDR 16 TDI (FFFF) TDO (FFFF);
SDR 16 TDI (FFFF) TDO (FFFF);
SDR 16 TDI (FFFF) TDO (FFFF);
SDR 16 TDI (FFFF) TDO (FFFF);
SDR 16 TDI (FFFF) TDO (FFFF);
SDR 16 TDI (FFFF) TDO (FFFF);
SDR 16 TDI (FFFF) TDO (FFFF);
SDR 16 TDI (FFFF) TDO (FFFF);
SDR 16 TDI (FFFF) TDO (FFFF);
SDR 16 TDI (FFFF) TDO (FFFF);
SDR 16 TDI (FFFF) TDO (FFFF);
SDR 16 TDI (FFFF) TDO (FFFF);
SDR 16 TDI (FFFF) TDO (FFFF);
SDR 16 TDI (FFFF) TDO (FFFF);
SDR 16 TDI (FFFF) TDO (FFFF);
SDR 16 TDI (FFFF) TDO (FFFF);
SDR 16 TDI (FFFF) TDO (FFFF);
SDR 16 TDI (FFFF) TDO (FFFF);
SDR 16 TDI (FFFF) TDO (FFFF);
SDR 16 TDI (FFFF) TDO (FFFF);
SDR 16 TDI (FFFF) TDO (FFFF);
SDR 16 TDI (FFFF) TDO (FFFF);
SDR 16 TDI (FFFF) TDO (FFFF);
SDR 16 TDI (FFFF) TDO (FFFF);
SDR 16 TDI (FFFF) TDO (FFFF);
SDR 16 TDI (FFFF) TDO (FFFF);
SDR 16 TDI (FFFF) TDO (FFFF);
SDR 16 TDI (FFFF) TDO (FFFF);
SDR 16 TDI (FFFF) TDO (FFFF);
SDR 16 TDI (FFFF) TDO (FFFF);
SDR 16 TDI (FFFF) TDO (FFFF);
SDR 16 TDI (FFFF) TDO (FFFF);
SDR 16 TDI (FFFF) TDO (FFFF);
SDR 16 TDI (FFFF) TDO (FFFF);
SDR 16 TDI (FFFF) TDO (FFFF);
SDR 16 TDI (FFFF) TDO (FFFF);
SDR 16 TDI (FFFF) TDO (FFFF);
SDR 16 TDI (FFFF) TDO (FFFF);
SDR 16 TDI (FFFF) TDO (FFFF);
SDR 16 TDI (FFFF) TDO (FFFF);
SDR 16 TDI (FFFF) TDO (FFFF);
SDR 16 TDI (FFFF) TDO (FFFF);
SDR 16 TDI (FFFF) TDO (FFFF);
SDR 16 TDI (FFFF) TDO (FFFF);
SDR 16 TDI (FFFF) TDO (FFFF);
SDR 16 TDI (FFFF) TDO (FFFF);
SDR 16 TDI (FFFF) TDO (FFFF);
SDR 16 TDI (FFFF) TDO (FFFF);
SDR 16 TDI (FFFF) TDO (FFFF);
SDR 16 TDI (FFFF) TDO (FFFF);
SDR 16 TDI (FFFF) TDO (FFFF);
SDR 16 TDI (FFFF) TDO (FFFF);
SDR 16 TDI (FFFF) TDO (FFFF);
SDR 16 TDI (FFFF) TDO (FFFF);
SDR 16 TDI (FFFF) TDO (FFFF);
SDR 16 TDI (FFFF) TDO (FFFF);
SDR 16 TDI (FFFF) TDO (FFFF);
SDR 16 TDI (FFFF) TDO (FFFF);
SDR 16 TDI (FFFF) TDO (FFFF);
SDR 16 TDI (FFFF) TDO (FFFF);
SDR 16 TDI (FFFF) TDO (FFFF);
SDR 16 TDI (FFFF) TDO (FFFF);
SDR 16 TDI (FFFF) TDO (FFFF);
SDR 16 TDI (FFFF) TDO (FFFF);
SDR 16 TDI (FFFF) TDO (FFFF);
SDR 16 TDI (FFFF) TDO (FFFF);
SDR 16 TDI (FFFF) TDO (FFFF);
SDR 16 TDI (FFFF) TDO (FFFF);
SDR 16 TDI (FFFF) TDO (FFFF);
SDR 16 TDI (FFFF) TDO (FFFF);
SDR 16 TDI (FFFF) TDO (FFFF);
SDR 16 TDI (FFFF) TDO (FFFF);
SDR 16 TDI (FFFF) TDO (FFFF);
SDR 16 TDI (FFFF) TDO (FFFF);
SDR 16 TDI (FFFF) TDO (FFFF);
SDR 16 TDI (FFFF) TDO (FFFF);
SDR 16 TDI (FFFF) TDO (FFFF);
SDR 16 TDI (FFFF) TDO (FFFF);
SDR 16 TDI (FFFF) TDO (FFFF);
SDR 16 TDI (FFFF) TDO (FFFF);
SDR 16 TDI (FFFF) TDO (FFFF);
SDR 16 TDI (FFFF) TDO (FFFF);
SDR 16 TDI (FFFF) TDO (FFFF);
SDR 16 TDI (FFFF) TDO (FFFF);
SDR 16 TDI (FFFF) TDO (FFFF);
SDR 16 TDI (FFFF) TDO (FFFF);
SDR 16 TDI (FFFF) TDO (FFFF);
SDR 16 TDI (FFFF) TDO (FFFF);
SDR 16 TDI (FFFF) TDO (FFFF);
SDR 16 TDI (FFFF) TDO (FFFF);
SDR 16 TDI (FFFF) TDO (FFFF);
SDR 16 TDI (FFFF) TDO (FFFF);
SDR 16 TDI (FFFF) TDO (FFFF);
SDR 16 TDI (FFFF) TDO (FFFF);
SDR 16 TDI (FFFF) TDO (FFFF);
SDR 16 TDI (FFFF) TDO (FFFF);
SDR 16 TDI (FFFF) TDO (FFFF);
SDR 16 TDI (FFFF) TDO (FFFF);
SDR 16 TDI (FFFF) TDO (FFFF);
SDR 16 TDI (FFFF) TDO (FFFF);
SDR 16 TDI (FFFF) TDO (FFFF);
SDR 16 TDI (FFFF) TDO (FFFF);
SDR 16 TDI (FFFF) TDO (FFFF);
SDR 16 TDI (FFFF) TDO (FFFF);
SDR 16 TDI (FFFF) TDO (FFFF);
SDR 16 TDI (FFFF) TDO (FFFF);
SDR 16 TDI (FFFF) TDO (FFFF);
SDR 16 TDI (FFFF) TDO (FFFF);
SDR 16 TDI (FFFF) TDO (FFFF);
SDR 16 TDI (FFFF) TDO (FFFF);
SDR 16 TDI (FFFF) TDO (FFFF);
SDR 16 TDI (FFFF) TDO (FFFF);
SDR 16 TDI (FFFF) TDO (FFFF);
SDR 16 TDI (FFFF) TDO (FFFF);
SDR 16 TDI (FFFF) TDO (FFFF);
SDR 16 TDI (FFFF) TDO (FFFF);
SDR 16 TDI (FFFF) TDO (FFFF);
SDR 16 TDI (FFFF) TDO (FFFF);
SDR 16 TDI (FFFF) TDO (FFFF);
SDR 16 TDI (FFFF) TDO (FFFF);
SDR 16 TDI (FFFF) TDO (FFFF);
SDR 16 TDI (FFFF) TDO (FFFF);
SDR 16 TDI (FFFF) TDO (FFFF);
SDR 16 TDI (FFFF) TDO (FFFF);
SDR 16 TDI (FFFF) TDO (FFFF);
SDR 16 TDI (FFFF) TDO (FFFF);
SDR 16 TDI (FFFF) TDO (FFFF);
SDR 16 TDI (FFFF) TDO (FFFF);
SDR 16 TDI (FFFF) TDO (FFFF);
SDR 16 TDI (FFFF) TDO (FFFF);
SDR 16 TDI (FFFF) TDO (FFFF);
SDR 16 TDI (FFFF) TDO (FFFF);
SDR 16 TDI (FFFF) TDO (FFFF);
SDR 16 TDI (FFFF) TDO (FFFF);
SDR 16 TDI (FFFF) TDO (FFFF);
SDR 16 TDI (FFFF) TDO (FFFF);
SDR 16 TDI (FFFF) TDO (FFFF);
SDR 16 TDI (FFFF) TDO (FFFF);
SDR 16 TDI (FFFF) TDO (FFFF);
SDR 16 TDI (FFFF) TDO (FFFF);
SDR 16 TDI (FFFF) TDO (FFFF);
SDR 16 TDI (FFFF) TDO (FFFF);
SDR 16 TDI (FFFF) TDO (FFFF);
SDR 16 TDI (FFFF) TDO (FFFF);
SDR 16 TDI (FFFF) TDO (FFFF);
SDR 16 TDI (FFFF) TDO (FFFF);
SDR 16 TDI (FFFF) TDO (FFFF);
SDR 16 TDI (FFFF) TDO (FFFF);
SDR 16 TDI (FFFF) TDO (FFFF);
SDR 16 TDI (FFFF) TDO (FFFF);
SDR 16 TDI (FFFF) TDO (FFFF);
SDR 16 TDI (FFFF) TDO (FFFF);
SDR 16 TDI (FFFF) TDO (FFFF);
SDR 16 TDI (FFFF) TDO (FFFF);
SDR 16 TDI (FFFF) TDO (FFFF);
SDR 16 TDI (FFFF) TDO (FFFF);
SDR 16 TDI (FFFF) TDO (FFFF);
SDR 16 TDI (FFFF) TDO (FFFF);
SDR 16 TDI (FFFF) TDO (FFFF);
SDR 16 TDI (FFFF) TDO (FFFF);
SDR 16 TDI (FFFF) TDO (FFFF);
SDR 16 TDI (FFFF) TDO (FFFF);
SDR 16 TDI (FFFF) TDO (FFFF);
SDR 16 TDI (FFFF) TDO (FFFF);
SDR 16 TDI (FFFF) TDO (FFFF);
SDR 16 TDI (FFFF) TDO (FFFF);
SDR 16 TDI (FFFF) TDO (FFFF);
SDR 16 TDI (FFFF) TDO (FFFF);
SDR 16 TDI (FFFF) TDO (FFFF);
SDR 16 TDI (FFFF) TDO (FFFF);
SDR 16 TDI (FFFF) TDO (FFFF);
SDR 16 TDI (FFFF) TDO (FFFF);
SDR 16 TDI (FFFF) TDO (FFFF);
SDR 16 TDI (FFFF) TDO (FFFF);
SDR 16 TDI (FFFF) TDO (FFFF);
SDR 16 TDI (FFFF) TDO (FFFF);
SDR 16 TDI (FFFF) TDO (FFFF);
SDR 16 TDI (FFFF) TDO (FFFF);
SDR 16 TDI (FFFF) TDO (FFFF);
SDR 16 TDI (FFFF) TDO (FFFF);
SDR 16 TDI (FFFF) TDO (FFFF);
SDR 16 TDI (FFFF) TDO (FFFF);
SDR 16 TDI (FFFF) TDO (FFFF);
SDR 16 TDI (FFFF) TDO (FFFF);
SDR 16 TDI (FFFF) TDO (FFFF);
SDR 16 TDI (FFFF) TDO (FFFF);
SDR 16 TDI (FFFF) TDO (FFFF);
SDR 16 TDI (FFFF) TDO (FFFF);
SDR 16 TDI (FFFF) TDO (FFFF);
SDR 16 TDI (FFFF) TDO (FFFF);
SDR 16 TDI (FFFF) TDO (FFFF);
SDR 16 TDI (FFFF) TDO (FFFF);
SDR 16 TDI (FFFF) TDO (FFFF);
SDR 16 TDI (FFFF) TDO (FFFF);
SDR 16 TDI (FFFF) TDO (FFFF);
SDR 16 TDI (FFFF) TDO (FFFF);
SDR 16 TDI (FFFF) TDO (FFFF);
SDR 16 TDI (FFFF) TDO (FFFF);
SDR 16 TDI (FFFF) TDO (FFFF);
SDR 16 TDI (FFFF) TDO (FFFF);
SDR 16 TDI (FFFF) TDO (FFFF);
SDR 16 TDI (FFFF) TDO (FFFF);
SDR 16 TDI (FFFF) TDO (FFFF);
SDR 16 TDI (FFFF) TDO (FFFF);
SDR 16 TDI (FFFF) TDO (FFFF);
SDR 16 TDI (FFFF) TDO (FFFF);
SDR 16 TDI (FFFF) TDO (FFFF);
SDR 16 TDI (FFFF) TDO (FFFF);
SDR 16 TDI (FFFF) TDO (FFFF);
SDR 16 TDI (FFFF) TDO (FFFF);
SDR 16 TDI (FFFF) TDO (FFFF);
SDR 16 TDI (FFFF) TDO (FFFF);
SDR 16 TDI (FFFF) TDO (FFFF);
SDR 16 TDI (FFFF) TDO (FFFF);
SDR 16 TDI (FFFF) TDO (FFFF);
SDR 16 TDI (FFFF) TDO (FFFF);
SDR 16 TDI (FFFF) TDO (FFFF);
SDR 16 TDI (FFFF) TDO (FFFF);
SDR 16 TDI (FFFF) TDO (FFFF);
SDR 16 TDI (FFFF) TDO (FFFF);
SDR 16 TDI (FFFF) TDO (FFFF);
SDR 16 TDI (FFFF) TDO (FFFF);
SDR 16 TDI (FFFF) TDO (FFFF);
SDR 16 TDI (FFFF) TDO (FFFF);
SDR 16 TDI (FFFF) TDO (FFFF);
SDR 16 TDI (FFFF) TDO (FFFF);
SDR 16 TDI (FFFF) TDO (FFFF);
SDR 16 TDI (FFFF) TDO (FFFF);
SDR 16 TDI (FFFF) TDO (FFFF);
SDR 16 TDI (FFFF) TDO (FFFF);
SDR 16 TDI (FFFF) TDO (FFFF);
SDR 16 TDI (FFFF) TDO (FFFF);
SDR 16 TDI (FFFF) TDO (FFFF);
SDR 16 TDI (FFFF) TDO (FFFF);
SDR 16 TDI (FFFF) TDO (FFFF);
SDR 16 TDI (FFFF) TDO (FFFF);
SDR 16 TDI (FFFF) TDO (FFFF);
SDR 16 TDI (FFFF) TDO (FFFF);
SDR 16 TDI (FFFF) TDO (FFFF);
SDR 16 TDI (FFFF) TDO (FFFF);
SDR 16 TDI (FFFF) TDO (FFFF);
SDR 16 TDI (FFFF) TDO (FFFF);
SDR 16 TDI (FFFF) TDO (FFFF);
SDR 16 TDI (FFFF) TDO (FFFF);
SDR 16 TDI (FFFF) TDO (FFFF);
SDR 16 TDI (FFFF) TDO (FFFF);
SDR 16 TDI (FFFF) TDO (FFFF);
SDR 16 TDI (FFFF) TDO (FFFF);
SDR 16 TDI (FFFF) TDO (FFFF);
SDR 16 TDI (FFFF) TDO (FFFF);
SDR 16 TDI (FFFF) TDO (FFFF);
SDR 16 TDI (FFFF) TDO (FFFF);
SDR 16 TDI (FFFF) TDO (FFFF);
SDR 16 TDI (FFFF) TDO (FFFF);
SDR 16 TDI (FFFF) TDO (FFFF);
SDR 16 TDI (FFFF) TDO (FFFF);
SDR 16 TDI (FFFF) TDO (FFFF);
SDR 16 TDI (FFFF) TDO (FFFF);
SDR 16 TDI (FFFF) TDO (FFFF);
SDR 16 TDI (FFFF) TDO (FFFF);
SDR 16 TDI (FFFF) TDO (FFFF);
SDR 16 TDI (FFFF) TDO (FFFF);
SDR 16 TDI (FFFF) TDO (FFFF);
SDR 16 TDI (FFFF) TDO (FFFF);
SDR 16 TDI (FFFF) TDO (FFFF);
SDR 16 TDI (FFFF) TDO (FFFF);
SDR 16 TDI (FFFF) TDO (FFFF);
SDR 16 TDI (FFFF) TDO (FFFF);
SDR 16 TDI (FFFF) TDO (FFFF);
SDR 16 TDI (FFFF) TDO (FFFF);
SDR 16 TDI (FFFF) TDO (FFFF);
SDR 16 TDI (FFFF) TDO (FFFF);
SIR 10 TDI (203);
RUNTEST 93 TCK;
SDR 13 TDI (0000);
SIR 10 TDI (2F4);
RUNTEST 93 TCK;
SDR 16 TDI (7BFF);
RUNTEST 1800 TCK;
SDR 16 TDI (FFFF);
RUNTEST 1800 TCK;
SDR 16 TDI (BFFC);
RUNTEST 1800 TCK;
SDR 16 TDI (F9E7);
RUNTEST 1800 TCK;
SIR 10 TDI (201);
RUNTEST 18003 TCK;
SIR 10 TDI (3FF);
RUNTEST 18000 TCK;
STATE IDLE;
