*
NOTE Diamond (64-bit) 3.11.3.469 JEDEC Compatible Fuse File.*
NOTE Copyright (C), 1992-2010, Lattice Semiconductor Corporation.*
NOTE All Rights Reserved.*
NOTE DATE CREATED:	Fri Jun 07 20:50:26 2024*
NOTE DESIGN NAME:	RAM2E_LCMXO2_640HC_impl1.ncd*
NOTE DEVICE NAME:	LCMXO2-640HC-4TQFP100*
NOTE JEDEC FILE STATUS:	Final   Version 1.95*
NOTE PIN ASSIGNMENTS*
NOTE PINS RD[0] : 36 : inout*
NOTE PINS LED : 35 : out*
NOTE PINS C14M : 62 : in*
NOTE PINS RD[7] : 43 : inout*
NOTE PINS RD[6] : 42 : inout*
NOTE PINS RD[5] : 41 : inout*
NOTE PINS RD[4] : 40 : inout*
NOTE PINS RD[3] : 39 : inout*
NOTE PINS RD[2] : 38 : inout*
NOTE PINS RD[1] : 37 : inout*
NOTE PINS DQMH : 49 : out*
NOTE PINS DQML : 48 : out*
NOTE PINS RAout[11] : 59 : out*
NOTE PINS RAout[10] : 64 : out*
NOTE PINS RAout[9] : 63 : out*
NOTE PINS RAout[8] : 65 : out*
NOTE PINS RAout[7] : 67 : out*
NOTE PINS RAout[6] : 69 : out*
NOTE PINS RAout[5] : 71 : out*
NOTE PINS RAout[4] : 75 : out*
NOTE PINS RAout[3] : 74 : out*
NOTE PINS RAout[2] : 70 : out*
NOTE PINS RAout[1] : 68 : out*
NOTE PINS RAout[0] : 66 : out*
NOTE PINS BA[1] : 60 : out*
NOTE PINS BA[0] : 58 : out*
NOTE PINS nRWEout : 51 : out*
NOTE PINS nCASout : 52 : out*
NOTE PINS nRASout : 54 : out*
NOTE PINS nCSout : 57 : out*
NOTE PINS CKEout : 53 : out*
NOTE PINS nVOE : 10 : out*
NOTE PINS Vout[7] : 12 : out*
NOTE PINS Vout[6] : 14 : out*
NOTE PINS Vout[5] : 16 : out*
NOTE PINS Vout[4] : 19 : out*
NOTE PINS Vout[3] : 13 : out*
NOTE PINS Vout[2] : 17 : out*
NOTE PINS Vout[1] : 15 : out*
NOTE PINS Vout[0] : 18 : out*
NOTE PINS nDOE : 20 : out*
NOTE PINS Dout[7] : 32 : out*
NOTE PINS Dout[6] : 31 : out*
NOTE PINS Dout[5] : 21 : out*
NOTE PINS Dout[4] : 24 : out*
NOTE PINS Dout[3] : 28 : out*
NOTE PINS Dout[2] : 25 : out*
NOTE PINS Dout[1] : 27 : out*
NOTE PINS Dout[0] : 30 : out*
NOTE PINS Din[7] : 87 : in*
NOTE PINS Din[6] : 88 : in*
NOTE PINS Din[5] : 99 : in*
NOTE PINS Din[4] : 1 : in*
NOTE PINS Din[3] : 9 : in*
NOTE PINS Din[2] : 98 : in*
NOTE PINS Din[1] : 97 : in*
NOTE PINS Din[0] : 96 : in*
NOTE PINS Ain[7] : 8 : in*
NOTE PINS Ain[6] : 86 : in*
NOTE PINS Ain[5] : 84 : in*
NOTE PINS Ain[4] : 78 : in*
NOTE PINS Ain[3] : 4 : in*
NOTE PINS Ain[2] : 7 : in*
NOTE PINS Ain[1] : 2 : in*
NOTE PINS Ain[0] : 3 : in*
NOTE PINS nC07X : 34 : in*
NOTE PINS nEN80 : 82 : in*
NOTE PINS nWE : 29 : in*
NOTE PINS nDHGROE : 47 : out*
NOTE PINS PHI1 : 85 : in*
QP100*
QF171904*
G0*
F0*
L000000
11111111111111111011110110110011111111111111111100111011000000000000000000000000000000100000000000000000000000001001000000110000
00010001010100000000010100000110010010001111111101000110000000000000000000000000101110001110000000000000110101110000000000000000
00000000000000000000000000000000000000000000000000000000000000000000000000000000000000000000000000000000000000000000000000000000
00000000000000000000000000010001000000000000000000000000100010000000000000000000000000000000000000000000000000000000000000000000
00000000000000000000000000010010000000000000000000000000100100000000000000000000000000000000000000000000000000000000000000000000
00000000000000000000000000000000000000000000000000000000000010001100000000000000000000000000000000000000000000000000000000000000
00000000000000000000000000000000000000000000000000000000000000000000000000000000000000000000000000000000000000000000000000000000
00000000000000000000000100010000000000000000100111000001000100000000000000000000000000000000000000000000000000000000000000000000
10000000000001000010010000100000100001000000000000100100000001001000011000101011001111001100000000000000000000000000000000000000
00000000000000000000000000000000000100011000001001011001010000001001110000000010011110010100001001110100100000001000000000010000
10000001001000000000000000000000000000000000000000000000000000000000000000001001110000010010000000000010011100000100000000000010
01100001001100100001000100110000010010000000000000000000000000000000000000000000000000000000000000000000000000001000000000000000
00000010001000100110000000000000000000100001110100000100001000001000001011000000000000000000000000000000000000000000000000000000
00000000000000000100100100100000000000000000000000000000000000000001110000010000000000000000000000000000000000000000000000000000
00000000000000000000000010000110010110011000000000100111000000100111010001100000100001000100100011000000110001001010001000101001
01000000000000000000000000000000000000000000000000000000000000000000000000000000000100011000000000000000100111001001010000010001
10000100000000010100100000000000000000000000000000000000000000000000000000000000000000000000000000001001110000000100110000000000
10011100000000000011010011000001001100000000000000000000000000000000000000000000000000000000000000000000000000000001010100000000
01000101001110100001101001000000000001001001001011001010101010000010000010101100000000000000000000000000000000000000000000000000
00000000000000000000000000000000010000100100011000101111000000000000101101000001000010000000000000000000000000000000000000000000
00000000000000000000000000000000000000001010010001001110000100000000000100110000010000100000010011010001010010000000001001101001
00000000000000000000000000000000000000000000000000000000000000000000100010000000000000000100111010011000000000000000000000000000
10011000010001001000000000000000000000000000000000000000000000000000000000000000000000000000000000010001000000000000100010111100
10000000000000000011000110010100011000001000100000000000000000000000000000000000000000000000000000001001110100101000000100111001
00000000000000000010001100000000110000001100000000000010010000000010000001001000010000000000000000000000000000000000000000000000
00000000000100010001001000010101100000000101100001010110000000000000010110000000000000000010010100010011000100010000000000000000
00000000000000000000000000000000000000000000000000000000000000000000000000000000000000000000100101000000000000000000000000000000
00000000000000000000000000000000000000000000000000000000000000000000000000001000000000000000001001101001100000000000000000000000
00000000000000000000000000000000000000000000000000100001100110000000010111000000000000000000000000010001100000000000000000000000
00000000000000000000000000000000000000000000000000000000000000000000000000000000000010000100000000000101001110011100010010000000
00000000000000000000000000000000000000000000000000000000000000100001100001000001000000000000000000000001001010000000000000100100
01001010100011000000000000000000000000000000000000000000000000000000000000000000000000010011110011100001110000100000001000010000
00000000000000000001001010000100100101001101001000000000000000000000000000000000000000000000000000000000000000000000000000000000
00000000000000000000001001100000100011010000110000110011001000010000000000000000000000000000000000000000000000000000000000000000
00000000000010101010011100000100000000000000000100100000001000110000000111000010000100000100101000000000000000000000000000000000
00000000000000000000000000000000101110000001001010000010000100001100001101110011100000000100010000100010100010100101000000000100
01001001010000000000000000001010011001010000000000000000000000000000000000000000000000000000001000110100100001000011110000010110
10010010000000000110011001010011000001100110110100110110010000100011001000101101000001001000110000000010000010010000000000000000
00000100100000000010011000000000000000000000000000000000000000000000100110100111000001000110110010100000001001110010010010011010
01110000100110100111010011001011101001100100110000000001001011101000100000000000000000000010011010001100000000000000000000000000
00000000000000000000001100100001101010000000000000000010110110000000001011010001001000100000100010101111100100100101000000010000
00000000000000000000010010010011000000000000000000000000000000000000000000001000100000001000100000101110010010100000000011001000
01000001100100001100010000100010000010010000000100010000001001000000000000000000000000000110011110000000000000000000000000000000
00000100000000000100000001000111000100001000011110000010100110100110100001100111001010110000100100010010101110001000011001000101
10100010100001100010010100110001011000110100001010011000001000011001100000000000000000000000000001100111100000000000000000000000
00000000000000000000100000110010100000100110100111000000000010000110010101100101000001001100010011001100010100100110010011011001
01000001010010010001101001101001100100111000000000000000000000000011000011110000000001000101001110000000000000000000000000000000
00000100001001100100001010111101000110001001000000100000100010000101101100010111011010000010110110000101001000011000101011000000
01001100101011010000100010001000000000000000000000000000000000000000000000000000000000000000000000000001000001100110010001100010
01010010001101001010110101110011110010001011110100000000100001100001010001110001010011111000100101000101010111000011100001100010
01001010111100100100100111100111100110100101000000001101010010000000000000000000000000000110011110010010010000100000000000000000
00000000000000000000000000000001001010001100001011001111000000011100100110100001100000111110101010011011100001000100000101110100
10010011010011010011100100001110010000110010011000100110000010001100100001100010100010000001000100000000000000000110011110001000
11000000000000000011001010000000000000000000000000000001000000011010010010101101001001100100010100011100001100101001000011000111
00111101111011010000011010111110101000011100010000001000111000110110010100010011000000010001001000001001100000000000000000000110
00011110000000000000000000000000000000000000000000000000100011001000000100010101101100110011100100101001111000011101101000100110
01100000011010000110000010010011110100001000010010010000100111100010111100001000000000100101010000010000010010110110100000010011
10000000000000000110011110000000000000000000000000000000000000100010001001100001000111000011001111101101010001001111010111011001
10010100110011011010001011001010110100110011100000011010011001011010011001001101001101110000101011000100101110001000100110100100
11000000111010011000110100111001001011100011010111001010010011110011001100001001010110100011000110000000100000000000000000000011
00001111000000000000000000000000000000000000001001110100011000100110000000100110001010111000111001000010100111010000101110001000
00010010111110000001000111001111001011000001000001001110010010001100100100100111001011000100110010000100000000000000000000000000
00000000000000000000000000000000000000000000000100010110110000000100011001000011011000001001010100110011110000000100110100001110
10000100100110001001101000101001111001101000101110000100011010001010000111100000000000001000110000000000000000000000000000000000
00000000000000000000000000000000000000010000101110010100011001000010110100011011001001000000110000101010101100100100100010111000
01101000110110101100010010110000111001010101000001101010100011011000000100001100000100011010001101100010110010011100000010011001
00010000000000000000000000100111000000000000000000000000000000000000000000010100110111001001010010000111000010011110000010110100
00010100101010010111100000100010010110010011010000011000001000100001101000010110000101010010100100000100000100101100110010010010
01111000111001101101100000000100101000000001001000000000000001100001111000000000000000000000000000000000000000000000000100010010
01110010000010011000100011001110000010110001100011100110001000110010001001110000001100011001000111001111001110010001000000100111
10110100010010001000100000000000000000000000000000000000110010100000000000000000000000000000000000000000100010100101100101001000
10110010100010010011011000100100110100001100011100001010011010011010010110011011001110000100101001101000101110100001000010000001
00100100100101001001001010110110010010011110001000000000000000000000000000000000000000000000000000000000000000000000000100001010
01100010000010000111010100011000111001100010000110011010011100011000010101110000001111011000000001000100001000101100101001110100
00010010001101100001001100101010000101001111010010000000010011000000000000011000011110000000010001100000000000000000000000000000
00000000000110100101010000011001000101001011001010110000101010101001101110101001000110111000010100010001110001110001001001100010
10011000111001100001100001010110100100110010001000100010001101001101000000010010010011100000000000000000000000000000000100110000
00000000000000000000000000000000000100000011000011001001111001110010011000100000001110000010100010111000100010001101001011100010
01011011000010100111000100111100000000100101000001001111000010000010000010010000000000000000000000000000000000011000110000000000
00000000000000000000000000000000010010110010110010001100100001110000100111110100000000010000010011110011000100000011000010100010
00101110000010100001100100000100000100001001000101000010100000010010010001010100101001000000001000100000000000000000000000100100
00110110010001001100000000000000000000000000000000000000001000011000001101000100000100100100000100111010011011010000101100100110
10011010010100011010001001100001001100111100011000011100101000000101110100111000010010000000100000000000100000000000000000000000
00000000000000000000000000000000000000000000011011111110001110010110100110101000111011111110000111100111111010000101101101000011
01100000101000001010000101000111111110101111110011111111101010000110110111110011001001101110110001111000100010000111001100111110
11001010011011111011101111111010000010110100010100010011000000000000000000000000000000000000000000000000000000000000000000000101
00011000011110010100010001111111100111010000110110000011110111011000111011011111111110100100110110000011111111011000111100100010
11111101111001001111101111111111110111000011000101100101110111101110111110000001100001100111011000111110011001011101011101110110
01011000011001101000100010010100100010100000000111111000010001100000000000000000000000000000000000000000000000000000000000000000
00000110111011110100010010101010001100001100100111111100100010010010011011111101110111101111110100001111011111101000010000011110
11111101110101000101000110000110001110001101101110110100011111110011001100001100111011101111100011001011101100100011111111011011
00001100110100010001001010010001010101100011111111001000110000000000000000000000000000000000000000000000000000000000000000000110
00001111111001001001101100110100110110111111111110011001000011110111111101000010100011110111110101000110111111101011011010001000
01111011111111111111011001101111011101111000110110000111010001111110001000100110101101111000110010000111001000111011111001101111
10111010011100001100001111000111111110010011000000000000000000000000000000000000000000000000000000000000000010000001000111111000
00000110001001000100111001000000010011100100000010001111110001000011000100111001001000111111000100001100010011100100100011111100
01000011000100111001001000111111000000001100000011100100000010010000000000000000000000000000000000000000000000000000000000000010
00010000000001001010010011101000001001011001000000000001000000110010100000100011100000000000000000000000110010001000000000000000
00000100101000000000000000000000000000000000000000000010000000000000000100001000000000000010010010000100001100100010100110010001
10001100001001000000001001100000000000000000000000010010000000000010011000000000000000000000000000000000000100000000001010010001
11000100001010110011000011001000111001100001000110000011010001000000010001001001010000010001000000000001110001001000000000000000
00010011010001100000000000000000000000000000000000000010001000000000100010111000100000001000010000010000000101110010110101001110
00000000000100000000000100011000100011000000000000000000100100100110000000000000000000000000000000000000000000000010101101001000
00100101000001001100000100001100101000000010010000100000010010110010100010111100000001000110000101001000000000000001001100000000
01100111100000000000000100011000000000000000000000000010000111010001000000110010011010011000001000011101000100100011000110010001
01001100100010001100110010100110000000001001000000100111000011011000000100110011010001101001100000000000000000100001100110000100
01100000011001111000000000000000000000000000000000000011001010000000001001100100010110100100110111110001100001110001000000100100
10001010010101001110100100100110001001100011010000100100100000110000101000000010011000000010011100000000000001000100000011000011
11000000000000000000001001010000000000000000000000000010000000001011010100100100110000100000000000000010110100000110010100100000
01000011101000100000001001000000010000100000000000000000000000000000000000000000000000000000000000000001011000100110100101001000
00010010111010000011001100100100010000010101011011000001001100111100100010000011000011010000100011100001011001110000001000010100
10001100010100110010000111010100010100111010011001001001001100010001110001111000010011001100000000010000000000000000000001100111
10010010000000000000000000000000000000110000100100000000101010011011100110001010101001000001011101100011000010010111000010111000
11011110000000111010000010001110010110010011010000101001000010000100100011000100110100010101100111000001010000010101010010011000
10110110100001011000111000010010111010000011001111001010000000000001000000000001000110000110011110000000000000000100001100111000
00000000000000000000100110100101000001100001001100100000010111010011000110100001001001101001001001010100011100011100011000100001
11100110001001000001100100001100001100001101110000001001101111000000100111100110110010101010011010010000000000100001000000000011
00001111000000000000000000000000000000001001010000000011000010010100110010000110101111010010011001011011111011001001110110100011
01110000001010100101000111010101101000001100110010010111011000001101000001110110001010110010011010001000100001010011001100001101
11000110000100111010101101100010101100110010010010010110001101010101001110000000000000000000000001100111100000000000000000000000
00000000000010011100000000100101110000001101000101010111110100000100100100001001000001001010110010001011110010001000100100110011
00010100100100100011010001011101000000010001110000010000000010001101001001010010010011010111001111001000010001110101110001110011
10000001010010000000000001100001111000000000000000000000000000000000000000100010000010010001000001111000000100110101111100000010
00001101100000001100010011011001001000111000110000100111110100000110000110001110111010011101001101100001001110000110001101000100
11110000101101000001100011100001000110110000110000010011000111011001011010001101010101110100000011000100100001100011000000000000
00000000000000000001001110001010110000000000000000000000000000000100110000100101010001101001101010101101100000011101000000100001
10001110011001001100001011001001101000011001010101101010010010001110110110011111010000101000110001000001100110010100111100011100
01000111000001011010000100110010100001101100010100110100110000000000001000100000000000000001001000000000000000000000000000000000
00001101100000010000101101001100000110001010100100110110010010001100100100100110100000101110100001011000101101111010000010010000
11000110011001101001111001111011011000101010011000111110000010100111001000111100100100100011100101001110001001010010100100110100
01011010000100001011100000000010000001011000000000000000001001110100000000000000000000000000000000100011000000000110010111001001
11010000111101010001000011101011100111010100010000010100111010001001000100010011101001001001010000100111001100101000010001110111
01100100010100100010010110001110010011010001011100100001110010000110010110000101100100010100110111010000000100011100010110100110
00000000000000000001001001100000111000000000000000000000000010001100000000000100110000000001000010100001100011001100100001000010
01101011011100100110101111001011101010101010111101100000001110000010111000101011100010101011110100101010101000001001011010101000
10111000001011000010010111000000111000010011110000100010010000011000100101100100101000000000000000000000000010000100101011000000
00000010010100000000000000000000011001000100100110001000101100101000000000010001100100110110010100001000111000101000011001101000
10001001000100010110010010110011001001100100111100001100101100100100010100010110011001010000011000010101001101001110100110110010
00101001101000110000000000010011100000100101000000000000000000000000000000000000000000000100000000001000011100101001100110010010
01000111010101100100001101111100110100110011000010101000011101100000100110001100010110110010001010110011000000110100110100000100
01000010001011001010011001011001101001101001101000001000101001001010011001001001100110100100100111100000001011100000000010000100
00000110000011100000010001001001100000000000000000000000000000000100011010001101001100001001011101000101111010000001000100011000
10010110101110011100000101000001000101000001000010101100001100010100100001101011100110010010000010011110010101000111100011010111
01100000110010110010011111011000001001000100101110000100101010101000001001000000000000000001000110000000000000000000000000000000
00000000100110000000001011100000110111000010101000001001101101000010100110001001001000000110110110000100100010000111110000001000
11100100100101001010100100001001001011001010010011101010111011011001111001001000000100100100111100110000000000000001000100000000
00000100110010111100000000000000000000000000000010000110000000010010100100100010101011011000001010010000010100100100001001001000
01001101100011000001101000001100101001000010001000001000011001110000011011000001001100100010110000100110110010110000101100000000
00100010110010100000100101001000000000000111100000010010000101001010010000000000000000000000000010001100000011010100010100010011
10001000000110100100110010100100100100011101011110100101010011110000110110000100000011001000101001001001111100001010100000100111
10110010010000101101000000001001000101010111100001010001110110110110010000010011011000100100000000000001000000001001110010101000
00000000000000000000000000000000000000010100011111001000111101110111110011110111111111011001011110111111011111101100110111101111
11101110111011001010111111111001010100010100001101100000111111111001010001010000110010111011111110010111111110111111110100111001
11110010100011110000000110011111111110011110101000111110111101010001111111100011000011011010000010100000000000000000000001011000
00000000000000000000000000000000000000101010101000111110010010010010110111110000001100001100111111110010100010111011111101101010
00110000111010100011111011101001001100101011111101100110001111111111101111111101100100110110000011111111101000111101111111111010
10101001000111111100110001110100011111110101011101110011111001111111101111101000110010011001011111010001000111111101111101000100
10011101111111101101100110000110011000011111111111100100100110100010011110110111000110000000000000000010001000000000000000000000
00000000000000000000001010101010001111100100011100010001100001100100010101000101000100101111111011010100010101010000011111111100
10110111110100001000101010001010000111011101111011111111000101110111111101000100101111100111111011111111000111100010011111110111
01011101100011101001000001111101001011111101111111011101001111110001010100011110100001000101100010101001110011001111111101100000
00000000000000000000000000000000000000000000000000000001010001111100100011101110111111111100011110011101100101111011111101111110
11001101010111111011111011110111011111110000011111101111111011111011101110111101111111010100011111111010111110111010100010011011
01011111110100010010000111000111010011000000111111111100011111101111111011111010110111110111100111111110111110111010110011111111
11001000011100010011111101111000000000000000000000000000000000000000000000000000000000000000001100000011101110010011100110000001
11001001000111111000000001100000011101110010011100110000001110010001001110011000000111001001000111111000000001011010100011111100
01000010000000100111001000000010011100110000001110010001001110000000000000000000011000000111111000000000000000000000000000000000
00000001000000000010011000001001011000010100010001001010000000000010010111000100100000000000000001010111001000001001000110010101
00000000000010000100000000000000000000000000000000000000000000000000011000010010100001000000010011000000011100000101001101001010
00000000110010011010011000000000000100001000000000010000111010010011000110001000110100110000000000000000000000000000100001100110
00000000000000000000001000010000000010010001001100100110100011010011100100011100011000010011010101100000100011011101010000000101
00100000000010001100001000111000111110000001000100110101001000000100000000000000000000000000000000000000000000000000010010100000
00001100011000100000000000100001100101000110010100110001010011100000110010100010010100000000010000100000100001100110000010000100
00100000100000100100000000000000000000000000000000000000000010001000000000000000010011110010110010101001000000000010000110010001
00100000100101001001010100000100000000001000001000010000101100100100110011100000101011001001010000010010001000110000000100011100
00100001000010000000000000000000000000000000100000000000000000001000101000000000000000000000011001010101101000001100100100001100
11100110000110000000100000000000000000001001000000000110100001011010010011000110000100001111000100000000000000000000000000000000
00000000000000000001000101000010001001100000000010000101100101000100101010001111010001001100010101100110000100110000000100010100
11110011100010001110011010011000100110000000001001100001001101001110000100111000001000000000000000000000000000000000000000000000
00001001111001011001000000000000010011000010110101001011001000110101100010000010000010001000001100001100111000010000000100110000
11000110010110010100000000000000100001000010000001000000000000000000000000000000000000000000000000000000001000110001000010000000
00011100000011001101101001001010001010010110000010000011010101001001111001111000010100000100000011000000110110001100110000110100
10001000111000101001100111000001011100001000110010001011010000100100111100001100000111000001001001000110010010010001010101110000
10010001110101110111110011000000000000000000000000000000000000000000000000100110000100111010000000000001100010010010011010010101
01111011001010000000110100000111010010101000101000011000001000000000100011001100100010111000001001011100010101001011101000110110
10000010001000000001000100101100101111100101100101110010000110111000000000000000000000000000000000000000000000000000001000110000
00000010000101000010010010010001011011011000100101010001110001111010010101110001000100111001100010010111100011000001000011010111
01111001000001000011001110100110001001001001011001010001011111100100001100011000100110100100000000000000000000000000000000000000
00000000000000000000010000100000000001001100010011101000000110010000110000011100010001001001001000110100001010011010000101000100
10001010001001001100011001001001001011001000100101011001110001100011001100110100111100101100011101010110000111010011010010101100
01010011100101100110100000100101110101010100000100111000000000000000000000000000000000000000000000000001001110001000010000000000
00100010000100110100001100001001001110010001010011101001000100000100101110010010111001000100100110010001011100001001101000010000
11000000110100100110100001000010001110001010100100010001111000011011011001010010010101011010011000100111000000000000000000000000
00000000000000000000001000100000101101001001111001100000000011100000010010001001011011000001101000010101010110010000100010000011
10000110100110010010001001111100011000111010000001011101001111000001000101110001000100101011100000011101001010100000110000100101
00010010011011100000100100110001001010110001010010001110010110011111011000001101000010101001000000000000000000000000000000000000
00000000000100110000100100000000010001000001001001001101000101000101000011101010010000100001110100101010011101001010100011111000
00100111101100011001001000100101101001100110100100100011100001100101110100010111010000100110000001101100100001011011000001001001
00111011010001001000011001101001011000110100000010110000000000000000000000000000000000000000000000000000000110110000001000010000
00001011000000010011101000001000011101100100001011000001000110100001110000110011010000100111010001001000110110010100110000010001
11011000011000010011001101001011001111000010100011000100101010000110011001001111000110100011100000101010100111000001011100000000
00000000000000000000000000000000000001000100000000001000000000100111010000111000110001000011101001100100111010010010100110000010
11111010011001111000101001111000010110010001011001010001001000100000100110100111010000011011010001010101101100000100111110000110
01000101100100010110000100101001010000111010010010000100100011011101000000000000000000000000000000000000000000100111000000000000
00110100000110011110001100000010011000000011001010001100001001100001001000000000010001111000010011001101000011100100100101100100
01110000001101001001000001000001111000000100001011001000010011100010001000110010011011100101101000011010111000011001010100000101
11010001000000000000000000000000000000000000000000000000000001000110100110000000100100100010000001011001000101101000001110110000
01001111010011000101101101000100000111000001010011010011010010000001011001001101001010101001101110000100000001000110001000000100
10001001000110010110010001101001000110110000010011011011000000000000000000000000000000000000000000000100010000000000000000110001
00101001010000000000001000101000001000101101000001100010100100100100011010000100011000110001000110010001110000111001100100010011
00110001010111010010011101000100001000101000100011010000101001000111000010110010110011100100010110100010111001000011110000001000
11000010101000000100111000000000000000000000000000001001100000000000000000000000001000000100110000000000010011100001010011100001
01010011110010101001011100100100010110110010110001101100001010010011110110000101011100011010100100000100111100101011010010101001
10011100000010110000110010100101110000010100111010001110000110000010010110011100000000000000000000000000000010001100000000000000
00000000000100110100101000000000100001010011000100100001001011011110010000010110001001000100111100101010010010011100011011000011
10110000000010101011001110101110000100100001100110111000010001101001101100001100101110010001001000001000000010010110010100110100
00100000000000000000000000000001010110000000000000000000000010010000000001000100010011110111010000101000101001101000111101010100
10011010001001000101001111000010100100011010000011100010010010010000101101010011100011101101010111010000000100000100001010010110
01001000101000001101000100111101000001000000001100001101111000100000000000000000000000000000000000000000000000000000010000110011
01001110000000010011110000001001100100101110100000110101011010000011000101110010001100110101111110100001010000010011010000011000
10100010001111011000001000101001010010100111000100101100001010100111010001001100100001110000110010011110110000100000100110001001
10100001101101110101110011100000011001101100101000110010011011110000000000000000000000000000000000000000000000000000000000011000
01111111011101100101000000000000001111000100100110110101111111001011110101000111111110001010001100001111011111111011101101111011
00111111111111011110000110010010100001010001001110111111000010101001100000111111111011101101110111110000001101111011111101101010
10001011110110100010011001100111000011100010011110110011001010001111011111010111010011110011000000000000000000000000000000000000
00000000001000101111110000111011101100111001100111001010000000000000100110110010110001010001100100100110111111111111100001000111
10000111111001111111101110000101000110110111110001111001111111111110011100100101000111110111110001111111111010100100111111001011
00100010100011110000001111011101111001001101111111110010001010001111110111111011011001001111111001101111100011111101010011011001
10100100010100010001111011111111111001111100100101110010001100000000000000000000000000000000000000000000001000101010001010111001
01010100010001100000000001101101111110000110001111010101101110111100111110100001101011111101000110110000011101110111010001000111
11111011110011110010010100011100111110101000101000011111100101111110011010000011110010001001011010001111110011011000100111111100
00001110111011101000100010110011000111101111111001001000001111110110001111101110010100011110011001000110000000000000000000000000
00000000000000000000000000001111111010001101101111100110000000000011110111111011001100010101110101010110000110100011111001100110
10111111111010011011101100001110111111100110111111011110011110000110010011100111110110011101011101111110111111000011100100010110
01100111111001000011111100111110010001011010111111111101110011101110111110111111011001100111010001000011011011111111100011000100
11111010111001111011111111100010010011000000000000000000000000000100111000000000000000000000000100001100101100010100110001001000
00000000001100011011100100100011111100000000100000011000011001111000000001011010011100001000010000000100111001000000100011111100
00000010000000100111001100000011100100011100001000010000000100111001001000000000000000000000000000000000000000000000000000000000
00000000001100010101100100100100000100101000001001011000111001010000100001100101001010110100101110001100000000100101001001000000
00101011000000000000000000000010000000000010011001000011001100000000000000000000000000000000000000101100000000100111000010011000
10000110011010001101000110001001100100110010000110011011101000000000001001010000100011100000000000000000000000001101001010101001
00000000001101100000001001100000000000000000000000000000000000000100110100110000110001100000100011010011000000010011110000000010
00110101001100101000111000100010011100100001001001000000100111000000000000000000000101001100110001000001001110000010011101000000
00000000000000000000000000000000000010011000000100110100010011010001001110000001010010001000110000010100100100001100100100011000
01000010100011000000000010001000000000000000000000100000000010011000000000000001000100000000000000000000000000000000001000000000
10001001100110101000001000101011010000000010010111000010011001000000010100100100001001001110000000000011001010000000000000000000
00000000011001110000000010000000000000000000000000000000000000001001010000101011000000100101100111001000011001100001000011110000
01010011000000000000000000000000000000000000000001101001010100110000110000111100011001111001001110010011000000000000000000000000
00000000000011010001001001110100110001101000100100101010001100100110010010100000000100011100001000000100111010100100110100101100
10011100100011000000000000000000000010100110011000011010011110000110000001110011101000000000000000000000000000000000000000010000
00001001000101101011101000000100110010000001001101000100000000001000011001100000010001100011100000010010000100010000100000000000
00000000000100000000011011100000010000100000100010000000000000000000000000000000000110010000101001100010010110000001101001010010
01000110000101010001110100110011110001010011111011000001101001010100110001000101110001001100100000100001100011100001111000100000
01001000010011010010001000100111000001001001000000000000000000010110010001100000011001110001100011000000001110000001000000000000
00000000000100000000000000100110100101000110001010011010010100100011001001011110001001011000010011001000111000100100010001010011
01011111101000010100110010001001101100000000101111110010110010001010001001000000100010110100001001001010100011011011001000010011
00000000100010000100000000001010101100001111000001100111100100111000000000000000000000000000000000000001000100100100001001001000
01010000001001011001101000001101000001100001100110100110000100100010000001001011100100110100101001000001000111011111000110010000
01000110010010010011010101110001011011000001001100010011110001101000100000000000000000000110100111100000000000000000000000000000
00000000000000000100001100110100111000110001010010011010110010011001000111100100100000110110000011001101001010101110010001001010
11110000110010101001101100000010000011000000111000011011011001110011001010001001011000000001000001101000001010010110011110011100
01000001000110000000010011100001001100000000000001100111100001001100000000000000000000000000000000000101100101001100000100110110
10000111001101000011011111000111010101110001001010000110111101000011110001000011000000110110100100110101110110001010111000011100
01100110010010011010011000110001100010101010011101111010000010010011000010100010010001000001100001010000010000010001110010000000
00000000100111010011100011000011110000000011001110000100011000000000000000000000000000101100000000100001001000001100011010100100
10000110010111010000011001011000101000111110010010011100000101000100010010000101111000100000011010000101100010100100011001101000
01010011000001010110101001100110100110000000000100010000000000000001000100001100000111000010010101010010000000000000000000000000
00000000010001001000011101000100110100000100100011100101100000100001001001010110100101010100101010010100110110100000100100111010
01101011011000111011100100110001000100000101001100111111101000010011000100110110100010010011000001001101001110000100000000000010
01000000100000000010011100000000000000000000000000000000000000010110100100001100101110000100111100010001011111110100000100001100
01011001001000001101100001101011101010011100010000110010001101000110100111100111010010011000010011001101101011000100111100101011
00101000100000110010001010010010010001000001101010001101101100100101100010000011110000010000001000010000000000000000000001000101
11100100000001000000000000000000000000000000000000010100110000110010111100010000010010010001110000110011110000110000101100011000
10000010000111100000010100001101011100110100110001000101101000010110000101010100110100110001001010110101100000110010100010010110
00110000100000100111100110000111000100110000100000000000000000011100001001111000000000000000000100001000000000000000000000000000
00000100111010011111001000010010010111001000101101101000001000110100111100010001001011000001001001011011100100100110000100100110
00110000000010111011010000011000100001000011000011001110100001010000011100001001000100100001100110100000010001100000000000010011
00000000000000000010000100011001010000100001100111000000000000000000000000010000100100011001001010100100100011110001001011100010
10110000001110000110101110001001000011001001001110010000111011000001000110100100010001000100110110000100101100100100101011100011
00010000111000010101001001001100100011010001100000000000001001000000000001000100000000010000000000000000000000000000000001001000
10000011000010101001100010010110000011000010101110100000001100100100100011000100101100000110001011011001001001001111001011001100
11100001001011011001111000001001000100001110100010011100010001110010001100110110010100001001001001100100100101110010011110111111
10011000100100010000111010000011001111001110000000000000000100010000000000111110000000001110001000000000000000000000000000000000
00100011110100100110010111100010000010010010000010000011010001001001110010010101000110101111100111100000110010001011101100001100
10101011000010101001011101000001100100001000100110001100000100110100101010001100000110000100110010100001000110000000000000000010
00100110101100010000011110000000001001110010011000000000000000000000000000001100000011000000001100000011011101000001001101100100
10000100000001000111000101001111000111100100010110000001111001001001000101000100100100010001110000010011000011010000011000011001
01001001101001011000010000100100100101111011000000010010000000000000000000100100000100110000000000000001001010000000000000000000
00000000000000100110100101101001001001011001001101001100110010010010010100100010010001111110000001100010100001000110101001001101
00011011001001000000100011110010010010011110110111100000011000110100001000010010100000110010010000000000000000000100101000000000
00000100010010011000000000000000000000000000000000100110101010001000001001101000111000111000001101100000101111100110010011010000
01101000010010011101100101000100000100111111000001010011010001101100100001110101100001001000100001111001000100101100011001010001
10001100000100100100111101010010011100000000000000000000010001001001111010100000000000000000000000000000000000000000000011110111
11011000011111101111111011111011111111111010011000010111110011000011000011111111111100010100000111111110111101100111000011111001
11111000111110100000100010011011111111010100100000101000010100011110111010101000101000010100000010100001110011111111111000000111
11101010110111011100000000000000000000100110000000000000000000000000000000000000000000001110111111100100101000101000100011111010
11111111001000101110111011101101000110111111110010010011111110111011101000101111110000110011001110010011110111111001001000110101
00010010010100011000000111000110111111111010010011101111111111011101100011111101110111111111101001001110111111000111010111110010
01110111111100111100011011111101011001001010000000000000000000000000000000000000000000000000000000000000000000001100000011011110
01101101000011101110111001111001011111110111111100000001010001100100010100101110110000010100011000011001111110100110001001010010
01100001001110000111110001010100000110000001111101110110011001100111001000111111110101111110111101000100101110100011100000111111
01111100111111001111111110011101101110000000000000000000000000000111100000000000000000000000000000000000000000000110000101001111
00111111110111110111011101111100010000101000111111000001111111110110010001001101010001110000111110110011111101101101000110100001
10000000100111111000100001100010011111011000001000001100110111100001110011001110100001010001100110011011010001100001111111101010
10001110111111001111101111010100000000000000000000000000000000000000000000000000000000000000000010001111110000000010000001000111
11100000000100000010001111110000000011000000111001000111000010000100001001001110010000000111000010000100000001001100000010011100
00010011100000000000000000000110000001111110000000000000010011000100010010010100000000000000000000000000000000000000000010010000
00001000110000010010100010001010010110100100000000001000010000000000000000000000000010010001001110000000010011101000101000011001
10000000000000000000000000000000000010000111010010011101110000000011000010010000000010011000000100100010000110011001011110010000
11001100000000000000000000000000000000000110000101010011000000000011011100000100110100110100101000000000000000000000000000000000
01001101001111001101001100010011010010010010110011000000000100110000001001100000010011000100011000000000000000000000000000000011
00101000100110001000001001110000001001110110100000100000000000000000000000000000000000100000001001001001000100000010011001001000
00000010000000000100000000001000000001001100000100000000000000000000000000000001000001000110001001100000001001010100010000000000
10011000000000000000000000000000001001001000110000000000010001100000000000110101100000000000000000000000000000010000100000000010
01000000000000000110011110001000100000000000000000000000000000000000000100010001001100001000110000000100110000000010000110011000
00100001100110000000010010110011000000000001001100000000000000011000010101001100001100001111000001100111100100111010011010011000
00000010010000000000000000000000000000000000010011100000000000000001001101000100100101001001100000000010010000000000001001001100
10100000000000000001100101000100110000110100111101000011001110110100000100000000000000000000000000000000000001001111001010000000
00000000000001000000010011100100000000000001000110000000000000000100000000000000100000000011011100000000010000100100110000000000
00000000000000000000000010001110000110011110000011000100101000110001000001000110100110010001110010000000000000001010110000000000
00000000000000000000001000000000000000000110011110011000110001000011000110001000000000000000000000000000010000000000100110001001
10011100010000001000101000001011001001001011110110001010010010001000000010011100000000000000000000100000000000000001001100000000
00001000001000010000101010110000111100000110011110010011100000001000011001110000000000000000000000000000001001001001110001000101
11100100100011001010001000101000010000000101001000000000000000010001000100110000001001100000000000010000100000000001101001111000
00010000100000000000000000000000000000000000001000101110000001000011001100010101111101100010010100000110011001000000000000000000
00010000000100100000001000110001000110000000000001000100000000000110011110000000100010000001000100000000000000000000000000001101
00100100011111000000010101000011000010011001001000110000000000000000000110010100000001000010000000000000000000000000000000110000
11110000001100111000000001001110000010011100000000000000000000000000010010111101000000100010011011001011011100000110100010011000
01001000000100010000100111000000000000000000000000000000000000000000001100000111000000000010010100000000000000000000000000000000
00000010011010001010010001100010010000100101001001010000000000010100100100010100111000000000000000010001000000000000000000000000
01000000000000000000000000000000000000000000000001010101110000001100110000110000100111001000011001110011001100101000111000000000
00010011101000100000000000000001001110000100000000000000000000000000000000000000001111101000000000000000000000000000000010001000
00000010010011000010011100011000101101010000000100000100110100110001101000100000000001001100101100100010011100000100001000100100
11100100101000000000000000000000000001000000000010000011000011001111000000000000000000000000000000000000000000010000000000001001
01010011011001000011001100001001101000101001011100011001001001000000000010001110011001111000000010001100100111100110010001100000
00000000000010000110011100000000001000011001100000100001101001000000100001100111000000000000000000000000000000000010010100111000
00100010011000100100100101010011010001001010110011010001000001001001100010100010001101001100100100100010111000100001101000100111
10010000000000000100010000000000000000000100100000000000010000000000000000010110000000000000000000000000100001001100010110111000
00011000111000001011001000111010111101000101100111010011010001101100001010000110000100100010010110000110001010010001001011110000
00110001101001000100101001001000000010111000100000000000000000000000000000100101000000000011110000000011001001000100100000000000
00000000000000100010100111000000001101001001110010001010011000011000010011100100100110100001000001011010000000000100010010011101
00111010001001001110000000000000000000000000000000001001010010000011110000000000001001110000101111000000000000000000000000000000
00001001001001001000110001100110001001001100100011010000000000100011000100110010001101100001010010011000000000000000000000000000
00000000010001101001100100110000000000010011100000000000000000000000000000000010010010011110001111010000100011010000100110000100
10001111001000010000111001010000000100110000100011011010001001001111100010100101001100011010001010011100000000000000000000000000
00000100110001100011000000000000001001000011010001000000000000000000000000000000000000010101010101110011101101010010011000101001
00000111010000001001101000101001100000000001000111001111001000100101010000001001000100101000000000000000000000000000000001001001
10100010001001111010100000000000000000000000000000000000000000011111011101010110101000101000011111111101111110000011110011011110
00100101111001100001100000011000000111111111011000010011110111111111111110111100100101101111111111111111011010010011110111111111
11111011110010010110111111111111111101010010000000000000000000000000000000000001001100000000000000000000000000000000000000000001
11111111011110011011001001110011001111101111110001111111111101010001001001111001100101000100011110101010101001001100001100000000
11001111101100001101111011110011001111011110110000110111110011001111101100001101111011110011001111011110110000110111110011001111
10100011000000000000000000000000000000000000000000000000000000000000000000000000000000011111011111111111010100100101000110111011
11000111100111011111100111101010001101111111100011101000001010000000001101111111110000110111101111001100111101111011000011011111
00110011111011000011011110111100110011110111101100001101111100110011111110001100000000000000000000000000000000000000000000000000
00000000000000000000000000000001111101110110011001001001011100110011011011111111110001111011111110001101110111011000000110011111
11110000000111111110011010000011110111111111111110111100000101101111111111111111011010000011110111111111111110111100000101101111
11110100000000000000000000000000000000000000000000000000000000000000000000000000000000100000001110000100001011010010011100101101
00000000001000001111010011100100100011111100010011011010001000001111010011100100100011111100010011011010001000001111010000000000
00000000000000000000000000000110000001111110000000000000000000000000000000000000000000000000000000100000101001101001000000000010
10011001010000000000000000000010000000000000000000000000000000000000000000100110010000110011010010100000000000000000000001000010
00000000000100001000000000000010010000000000000000000000001001101001010000000000100101100110000000000000000000000011011000000010
01101001110000000000000000000000000000000000010001000000000000000000000000000000000000010110010010000000000001001001001000000000
00000000000100111000000000101111010000000000000000000000000000010000100000000000010000000000000000000000000000000000000001000110
10010000000000000000000000000000000000000000000000000000000000000000110010010000000000000000000000000000000000000000000000000000
00000000000000000000000000000000000000000110011110000100001100110000000000000000000000010000110011000000000000000000000000000000
00000000000000010011100000000000000100010000000000000000000000110000111101100111100100111001001100000000000000000000000010011000
00000000000000000000000000000000000000000000000000000000000000000000000000000001100001111000000001100000011100111010000000000000
00000000000000011001001010000000000000000000000000000000000000000000010001000000000000000010000000000000000000000000000001000010
10010000000000000000000000000000000000000001101000100011100010000000000010000010001101110100000000000000000000000010010000000000
00000000000000000000000000000000011001111001100011000000001000000000000000000000000000011001100010000000000000000000010011001000
11000000001001100000000000100111110010100000000000000000000000000000000000010000111000011110000001100111100101111000000000000000
00000000000000000000000101001010100100000000000000000000000000000000000000000000000000000000000000100110000011000011110000010011
10000000000000000000000000000000000000001000011001110000000100010110001010001001110000000010010000000000000000000000000000000000
00000000010010000000000001100111100000000000000100100000000000000000000000000000000000000000000000000000000000000000000000000100
11100000000000000000100111010011101000100110000111100000001100111000000000000000000000000000000000000000000000000000000000000000
00000000000000000000000000000000000000000001000100010000000000000010010100000000000000000000000000000000000000000000000000000000
00000000000000000000000000001001000000001000011001110011001010000000001001001011000010101100000000100111101100000000000010011000
00000000000000000000000000000000000000000000000000000000000000000000000000000000000000000000000000111100100000000000000000000000
00000000000000000100000001000011001000000000000000100101000000000000000000000000000000000000000000000100110000001001101001100000
00100100000000000000000000000000000000000000000000000000000010000000000000101011001000100000000000000000000000000000000000000000
00000000000000001000110000000000000000000000000000000000000000001010110000100011000000000010000010010100000000000000000000000000
00000000000000000000000000000000100101000000000000000000000000000000010001000100000100110000000011000000110010001010010101100010
01100000000010010000000000000000000000000000000000000100011000001000110000111110000000100011010010000000000000000000000011010001
00000000000000011100010000000000100000010010000000000000000000000000100010011010110000000000001000110100110000000000000000100101
01001100000000000010011100001001100000000000000000000000010111100000000011001110000100101000000001000111000100101100000000000000
00000000010010100000000000100101000000000000000001000110100101000010010100110110000001001000000000000000000000001000100000000001
00010000000000001000101001010010001100000000000000000000000000000001010110001001000000000000000001100100100010010000000000110001
10000010001001001110000000000000000000001001010000000000100111100011010011000000000011001010000100110000000000000000000000001001
11000000000001011000000000000000000010011010000100000000001011110000000000000000000000000000000000000000000000000000000000000000
00000000000000000000000000000000000000000000000000000000000000000000000000000000000000000000000000000000000000000000000000000000
00000000000000000000000000000000000000000000000000000000000000000000000000000000000000000010000100000000000000000000000100001000
00000000000000000000000000000000000000000001000010000000000000000000000010000100000000000000000000000110011001000000000000000000
00000011001100100000000000000000000000010000100000000000001111110000000000000000000000000000000000000000000000000000000000000000
00000000000000000000000000000000000000000000000000000000000000000000000000000000001000000100111110000100110010100000000000100101
10000100000000001001011000010000000000000000000000100101100001000000000010010110000100000000000000000000000000000000000000000000
00010001111011000000000000001000000100110000000000100000010011000000000000000000000000100110000000000001001100000000000000000000
00000000000000000000000000000000000101101111000001010000000000000001001111000010000000000100111100001000000000000000000000000000
00000000000000000000000000000000000000000000000000000000001000000100111000000000010000100010010100000001000010001001010000000000
00000000000000000000000000000000000000000000000000000000000000000000000000000101101110100000110011000000001010101100011000100000
11111110011111100000000000010101011000110001000001111111001111110000000000000000000000001000101001001100011001111010000111101000
00000000010001010010011000110011110100001111010000000000000000000000000000000000000000000000000000000110001100111111000011111100
00000000001010101100011000100000111111100111111000000000000101010110001100010000011111110011111100000000000000000000000000110001
10011111100001111110000000000000011000110011111100001111110000000000000000000000000000000000000000000100111000000000000000001001
11000000000000000000000000010101011000110001100011001111000000110011100000000000001010101100011000110001100111100000011001110000
00000000000000000000000000000000000000000000000000000000000000000000000000000100001100011100011100111100111010101011000110001100
01100111100000011001110101010110001100011000110011110000001100111000000000000010101011000110001100011001111000000110011100000000
00000000000000000000000000000000000000000000000000000000000000000000000000000000010001100000000000000000000000000000000000000000
00000000000000000000000000000000000000000000000000000000000000000000000000000000000000000000000000000000000000000000000000000000
00000000000000000000000000000000000000000000000000000000100000100011000000000000000000000000000000000000000000000000000000000000
00000000000000000000000000000000000000000000000000000000100001100011000000000000000000000000000000001001010000000000000001110001
01000000111010011010011011111111111111111111111111111111111111111111111111111111111111111100001010000000000000000000000000000000
00000000000000000000000000101010101001110010001000000000000000000000000001000000000000000000000000000000111111111111111111111111
11111111111111111111111111111111111111111111111111111111111111111111111111111111111111111111111101011110000000000000000000000000
11111111111111111111111111111111111111111111111111111111111111111111111111111111111111111111111111111111111111111111111111111111
*
NOTE END CONFIG DATA*
L53120
00000000000000000000000000000000000000000000000000000000000000000000000000000000000000000000000000000000000000000000000000000000
00000000000000000000000000000000000000000000000000000000000000000000000000000000000000000000000000000000000000000000000000000000
00000000000000000000000000000000000000000000000000000000000000000000000000000000000000000000000000000000000000000000000000000000
00000000000000000000000000000000000000000000000000000000000000000000000000000000000000000000000000000000000000000000000000000000
00000000000000000000000000000000000000000000000000000000000000000000000000000000000000000000000000000000000000000000000000000000
00000000000000000000000000000000000000000000000000000000000000000000000000000000000000000000000000000000000000000000000000000000
00000000000000000000000000000000000000000000000000000000000000000000000000000000000000000000000000000000000000000000000000000000
00000000000000000000000000000000000000000000000000000000000000000000000000000000000000000000000000000000000000000000000000000000
00000000000000000000000000000000000000000000000000000000000000000000000000000000000000000000000000000000000000000000000000000000
00000000000000000000000000000000000000000000000000000000000000000000000000000000000000000000000000000000000000000000000000000000
00000000000000000000000000000000000000000000000000000000000000000000000000000000000000000000000000000000000000000000000000000000
00000000000000000000000000000000000000000000000000000000000000000000000000000000000000000000000000000000000000000000000000000000
00000000000000000000000000000000000000000000000000000000000000000000000000000000000000000000000000000000000000000000000000000000
00000000000000000000000000000000000000000000000000000000000000000000000000000000000000000000000000000000000000000000000000000000
00000000000000000000000000000000000000000000000000000000000000000000000000000000000000000000000000000000000000000000000000000000
00000000000000000000000000000000000000000000000000000000000000000000000000000000000000000000000000000000000000000000000000000000
00000000000000000000000000000000000000000000000000000000000000000000000000000000000000000000000000000000000000000000000000000000
00000000000000000000000000000000000000000000000000000000000000000000000000000000000000000000000000000000000000000000000000000000
00000000000000000000000000000000000000000000000000000000000000000000000000000000000000000000000000000000000000000000000000000000
00000000000000000000000000000000000000000000000000000000000000000000000000000000000000000000000000000000000000000000000000000000
00000000000000000000000000000000000000000000000000000000000000000000000000000000000000000000000000000000000000000000000000000000
00000000000000000000000000000000000000000000000000000000000000000000000000000000000000000000000000000000000000000000000000000000
00000000000000000000000000000000000000000000000000000000000000000000000000000000000000000000000000000000000000000000000000000000
00000000000000000000000000000000000000000000000000000000000000000000000000000000000000000000000000000000000000000000000000000000
00000000000000000000000000000000000000000000000000000000000000000000000000000000000000000000000000000000000000000000000000000000
00000000000000000000000000000000000000000000000000000000000000000000000000000000000000000000000000000000000000000000000000000000
00000000000000000000000000000000000000000000000000000000000000000000000000000000000000000000000000000000000000000000000000000000
00000000000000000000000000000000000000000000000000000000000000000000000000000000000000000000000000000000000000000000000000000000
00000000000000000000000000000000000000000000000000000000000000000000000000000000000000000000000000000000000000000000000000000000
00000000000000000000000000000000000000000000000000000000000000000000000000000000000000000000000000000000000000000000000000000000
00000000000000000000000000000000000000000000000000000000000000000000000000000000000000000000000000000000000000000000000000000000
00000000000000000000000000000000000000000000000000000000000000000000000000000000000000000000000000000000000000000000000000000000
00000000000000000000000000000000000000000000000000000000000000000000000000000000000000000000000000000000000000000000000000000000
00000000000000000000000000000000000000000000000000000000000000000000000000000000000000000000000000000000000000000000000000000000
00000000000000000000000000000000000000000000000000000000000000000000000000000000000000000000000000000000000000000000000000000000
00000000000000000000000000000000000000000000000000000000000000000000000000000000000000000000000000000000000000000000000000000000
00000000000000000000000000000000000000000000000000000000000000000000000000000000000000000000000000000000000000000000000000000000
00000000000000000000000000000000000000000000000000000000000000000000000000000000000000000000000000000000000000000000000000000000
00000000000000000000000000000000000000000000000000000000000000000000000000000000000000000000000000000000000000000000000000000000
00000000000000000000000000000000000000000000000000000000000000000000000000000000000000000000000000000000000000000000000000000000
00000000000000000000000000000000000000000000000000000000000000000000000000000000000000000000000000000000000000000000000000000000
00000000000000000000000000000000000000000000000000000000000000000000000000000000000000000000000000000000000000000000000000000000
00000000000000000000000000000000000000000000000000000000000000000000000000000000000000000000000000000000000000000000000000000000
00000000000000000000000000000000000000000000000000000000000000000000000000000000000000000000000000000000000000000000000000000000
00000000000000000000000000000000000000000000000000000000000000000000000000000000000000000000000000000000000000000000000000000000
00000000000000000000000000000000000000000000000000000000000000000000000000000000000000000000000000000000000000000000000000000000
00000000000000000000000000000000000000000000000000000000000000000000000000000000000000000000000000000000000000000000000000000000
00000000000000000000000000000000000000000000000000000000000000000000000000000000000000000000000000000000000000000000000000000000
00000000000000000000000000000000000000000000000000000000000000000000000000000000000000000000000000000000000000000000000000000000
00000000000000000000000000000000000000000000000000000000000000000000000000000000000000000000000000000000000000000000000000000000
00000000000000000000000000000000000000000000000000000000000000000000000000000000000000000000000000000000000000000000000000000000
00000000000000000000000000000000000000000000000000000000000000000000000000000000000000000000000000000000000000000000000000000000
00000000000000000000000000000000000000000000000000000000000000000000000000000000000000000000000000000000000000000000000000000000
00000000000000000000000000000000000000000000000000000000000000000000000000000000000000000000000000000000000000000000000000000000
00000000000000000000000000000000000000000000000000000000000000000000000000000000000000000000000000000000000000000000000000000000
00000000000000000000000000000000000000000000000000000000000000000000000000000000000000000000000000000000000000000000000000000000
00000000000000000000000000000000000000000000000000000000000000000000000000000000000000000000000000000000000000000000000000000000
00000000000000000000000000000000000000000000000000000000000000000000000000000000000000000000000000000000000000000000000000000000
00000000000000000000000000000000000000000000000000000000000000000000000000000000000000000000000000000000000000000000000000000000
00000000000000000000000000000000000000000000000000000000000000000000000000000000000000000000000000000000000000000000000000000000
00000000000000000000000000000000000000000000000000000000000000000000000000000000000000000000000000000000000000000000000000000000
00000000000000000000000000000000000000000000000000000000000000000000000000000000000000000000000000000000000000000000000000000000
00000000000000000000000000000000000000000000000000000000000000000000000000000000000000000000000000000000000000000000000000000000
00000000000000000000000000000000000000000000000000000000000000000000000000000000000000000000000000000000000000000000000000000000
00000000000000000000000000000000000000000000000000000000000000000000000000000000000000000000000000000000000000000000000000000000
00000000000000000000000000000000000000000000000000000000000000000000000000000000000000000000000000000000000000000000000000000000
00000000000000000000000000000000000000000000000000000000000000000000000000000000000000000000000000000000000000000000000000000000
00000000000000000000000000000000000000000000000000000000000000000000000000000000000000000000000000000000000000000000000000000000
00000000000000000000000000000000000000000000000000000000000000000000000000000000000000000000000000000000000000000000000000000000
00000000000000000000000000000000000000000000000000000000000000000000000000000000000000000000000000000000000000000000000000000000
00000000000000000000000000000000000000000000000000000000000000000000000000000000000000000000000000000000000000000000000000000000
00000000000000000000000000000000000000000000000000000000000000000000000000000000000000000000000000000000000000000000000000000000
00000000000000000000000000000000000000000000000000000000000000000000000000000000000000000000000000000000000000000000000000000000
00000000000000000000000000000000000000000000000000000000000000000000000000000000000000000000000000000000000000000000000000000000
00000000000000000000000000000000000000000000000000000000000000000000000000000000000000000000000000000000000000000000000000000000
00000000000000000000000000000000000000000000000000000000000000000000000000000000000000000000000000000000000000000000000000000000
00000000000000000000000000000000000000000000000000000000000000000000000000000000000000000000000000000000000000000000000000000000
00000000000000000000000000000000000000000000000000000000000000000000000000000000000000000000000000000000000000000000000000000000
00000000000000000000000000000000000000000000000000000000000000000000000000000000000000000000000000000000000000000000000000000000
00000000000000000000000000000000000000000000000000000000000000000000000000000000000000000000000000000000000000000000000000000000
00000000000000000000000000000000000000000000000000000000000000000000000000000000000000000000000000000000000000000000000000000000
00000000000000000000000000000000000000000000000000000000000000000000000000000000000000000000000000000000000000000000000000000000
00000000000000000000000000000000000000000000000000000000000000000000000000000000000000000000000000000000000000000000000000000000
00000000000000000000000000000000000000000000000000000000000000000000000000000000000000000000000000000000000000000000000000000000
00000000000000000000000000000000000000000000000000000000000000000000000000000000000000000000000000000000000000000000000000000000
00000000000000000000000000000000000000000000000000000000000000000000000000000000000000000000000000000000000000000000000000000000
00000000000000000000000000000000000000000000000000000000000000000000000000000000000000000000000000000000000000000000000000000000
00000000000000000000000000000000000000000000000000000000000000000000000000000000000000000000000000000000000000000000000000000000
00000000000000000000000000000000000000000000000000000000000000000000000000000000000000000000000000000000000000000000000000000000
00000000000000000000000000000000000000000000000000000000000000000000000000000000000000000000000000000000000000000000000000000000
00000000000000000000000000000000000000000000000000000000000000000000000000000000000000000000000000000000000000000000000000000000
00000000000000000000000000000000000000000000000000000000000000000000000000000000000000000000000000000000000000000000000000000000
00000000000000000000000000000000000000000000000000000000000000000000000000000000000000000000000000000000000000000000000000000000
00000000000000000000000000000000000000000000000000000000000000000000000000000000000000000000000000000000000000000000000000000000
00000000000000000000000000000000000000000000000000000000000000000000000000000000000000000000000000000000000000000000000000000000
00000000000000000000000000000000000000000000000000000000000000000000000000000000000000000000000000000000000000000000000000000000
00000000000000000000000000000000000000000000000000000000000000000000000000000000000000000000000000000000000000000000000000000000
00000000000000000000000000000000000000000000000000000000000000000000000000000000000000000000000000000000000000000000000000000000
00000000000000000000000000000000000000000000000000000000000000000000000000000000000000000000000000000000000000000000000000000000
00000000000000000000000000000000000000000000000000000000000000000000000000000000000000000000000000000000000000000000000000000000
00000000000000000000000000000000000000000000000000000000000000000000000000000000000000000000000000000000000000000000000000000000
00000000000000000000000000000000000000000000000000000000000000000000000000000000000000000000000000000000000000000000000000000000
00000000000000000000000000000000000000000000000000000000000000000000000000000000000000000000000000000000000000000000000000000000
00000000000000000000000000000000000000000000000000000000000000000000000000000000000000000000000000000000000000000000000000000000
00000000000000000000000000000000000000000000000000000000000000000000000000000000000000000000000000000000000000000000000000000000
00000000000000000000000000000000000000000000000000000000000000000000000000000000000000000000000000000000000000000000000000000000
00000000000000000000000000000000000000000000000000000000000000000000000000000000000000000000000000000000000000000000000000000000
00000000000000000000000000000000000000000000000000000000000000000000000000000000000000000000000000000000000000000000000000000000
00000000000000000000000000000000000000000000000000000000000000000000000000000000000000000000000000000000000000000000000000000000
00000000000000000000000000000000000000000000000000000000000000000000000000000000000000000000000000000000000000000000000000000000
00000000000000000000000000000000000000000000000000000000000000000000000000000000000000000000000000000000000000000000000000000000
00000000000000000000000000000000000000000000000000000000000000000000000000000000000000000000000000000000000000000000000000000000
00000000000000000000000000000000000000000000000000000000000000000000000000000000000000000000000000000000000000000000000000000000
00000000000000000000000000000000000000000000000000000000000000000000000000000000000000000000000000000000000000000000000000000000
00000000000000000000000000000000000000000000000000000000000000000000000000000000000000000000000000000000000000000000000000000000
00000000000000000000000000000000000000000000000000000000000000000000000000000000000000000000000000000000000000000000000000000000
00000000000000000000000000000000000000000000000000000000000000000000000000000000000000000000000000000000000000000000000000000000
00000000000000000000000000000000000000000000000000000000000000000000000000000000000000000000000000000000000000000000000000000000
00000000000000000000000000000000000000000000000000000000000000000000000000000000000000000000000000000000000000000000000000000000
00000000000000000000000000000000000000000000000000000000000000000000000000000000000000000000000000000000000000000000000000000000
00000000000000000000000000000000000000000000000000000000000000000000000000000000000000000000000000000000000000000000000000000000
00000000000000000000000000000000000000000000000000000000000000000000000000000000000000000000000000000000000000000000000000000000
00000000000000000000000000000000000000000000000000000000000000000000000000000000000000000000000000000000000000000000000000000000
00000000000000000000000000000000000000000000000000000000000000000000000000000000000000000000000000000000000000000000000000000000
00000000000000000000000000000000000000000000000000000000000000000000000000000000000000000000000000000000000000000000000000000000
00000000000000000000000000000000000000000000000000000000000000000000000000000000000000000000000000000000000000000000000000000000
00000000000000000000000000000000000000000000000000000000000000000000000000000000000000000000000000000000000000000000000000000000
00000000000000000000000000000000000000000000000000000000000000000000000000000000000000000000000000000000000000000000000000000000
00000000000000000000000000000000000000000000000000000000000000000000000000000000000000000000000000000000000000000000000000000000
00000000000000000000000000000000000000000000000000000000000000000000000000000000000000000000000000000000000000000000000000000000
00000000000000000000000000000000000000000000000000000000000000000000000000000000000000000000000000000000000000000000000000000000
00000000000000000000000000000000000000000000000000000000000000000000000000000000000000000000000000000000000000000000000000000000
00000000000000000000000000000000000000000000000000000000000000000000000000000000000000000000000000000000000000000000000000000000
00000000000000000000000000000000000000000000000000000000000000000000000000000000000000000000000000000000000000000000000000000000
00000000000000000000000000000000000000000000000000000000000000000000000000000000000000000000000000000000000000000000000000000000
00000000000000000000000000000000000000000000000000000000000000000000000000000000000000000000000000000000000000000000000000000000
00000000000000000000000000000000000000000000000000000000000000000000000000000000000000000000000000000000000000000000000000000000
00000000000000000000000000000000000000000000000000000000000000000000000000000000000000000000000000000000000000000000000000000000
00000000000000000000000000000000000000000000000000000000000000000000000000000000000000000000000000000000000000000000000000000000
00000000000000000000000000000000000000000000000000000000000000000000000000000000000000000000000000000000000000000000000000000000
00000000000000000000000000000000000000000000000000000000000000000000000000000000000000000000000000000000000000000000000000000000
00000000000000000000000000000000000000000000000000000000000000000000000000000000000000000000000000000000000000000000000000000000
00000000000000000000000000000000000000000000000000000000000000000000000000000000000000000000000000000000000000000000000000000000
00000000000000000000000000000000000000000000000000000000000000000000000000000000000000000000000000000000000000000000000000000000
00000000000000000000000000000000000000000000000000000000000000000000000000000000000000000000000000000000000000000000000000000000
00000000000000000000000000000000000000000000000000000000000000000000000000000000000000000000000000000000000000000000000000000000
00000000000000000000000000000000000000000000000000000000000000000000000000000000000000000000000000000000000000000000000000000000
00000000000000000000000000000000000000000000000000000000000000000000000000000000000000000000000000000000000000000000000000000000
00000000000000000000000000000000000000000000000000000000000000000000000000000000000000000000000000000000000000000000000000000000
00000000000000000000000000000000000000000000000000000000000000000000000000000000000000000000000000000000000000000000000000000000
00000000000000000000000000000000000000000000000000000000000000000000000000000000000000000000000000000000000000000000000000000000
00000000000000000000000000000000000000000000000000000000000000000000000000000000000000000000000000000000000000000000000000000000
00000000000000000000000000000000000000000000000000000000000000000000000000000000000000000000000000000000000000000000000000000000
00000000000000000000000000000000000000000000000000000000000000000000000000000000000000000000000000000000000000000000000000000000
00000000000000000000000000000000000000000000000000000000000000000000000000000000000000000000000000000000000000000000000000000000
00000000000000000000000000000000000000000000000000000000000000000000000000000000000000000000000000000000000000000000000000000000
00000000000000000000000000000000000000000000000000000000000000000000000000000000000000000000000000000000000000000000000000000000
00000000000000000000000000000000000000000000000000000000000000000000000000000000000000000000000000000000000000000000000000000000
00000000000000000000000000000000000000000000000000000000000000000000000000000000000000000000000000000000000000000000000000000000
00000000000000000000000000000000000000000000000000000000000000000000000000000000000000000000000000000000000000000000000000000000
00000000000000000000000000000000000000000000000000000000000000000000000000000000000000000000000000000000000000000000000000000000
00000000000000000000000000000000000000000000000000000000000000000000000000000000000000000000000000000000000000000000000000000000
00000000000000000000000000000000000000000000000000000000000000000000000000000000000000000000000000000000000000000000000000000000
00000000000000000000000000000000000000000000000000000000000000000000000000000000000000000000000000000000000000000000000000000000
00000000000000000000000000000000000000000000000000000000000000000000000000000000000000000000000000000000000000000000000000000000
00000000000000000000000000000000000000000000000000000000000000000000000000000000000000000000000000000000000000000000000000000000
00000000000000000000000000000000000000000000000000000000000000000000000000000000000000000000000000000000000000000000000000000000
00000000000000000000000000000000000000000000000000000000000000000000000000000000000000000000000000000000000000000000000000000000
00000000000000000000000000000000000000000000000000000000000000000000000000000000000000000000000000000000000000000000000000000000
00000000000000000000000000000000000000000000000000000000000000000000000000000000000000000000000000000000000000000000000000000000
00000000000000000000000000000000000000000000000000000000000000000000000000000000000000000000000000000000000000000000000000000000
00000000000000000000000000000000000000000000000000000000000000000000000000000000000000000000000000000000000000000000000000000000
00000000000000000000000000000000000000000000000000000000000000000000000000000000000000000000000000000000000000000000000000000000
00000000000000000000000000000000000000000000000000000000000000000000000000000000000000000000000000000000000000000000000000000000
00000000000000000000000000000000000000000000000000000000000000000000000000000000000000000000000000000000000000000000000000000000
00000000000000000000000000000000000000000000000000000000000000000000000000000000000000000000000000000000000000000000000000000000
00000000000000000000000000000000000000000000000000000000000000000000000000000000000000000000000000000000000000000000000000000000
00000000000000000000000000000000000000000000000000000000000000000000000000000000000000000000000000000000000000000000000000000000
00000000000000000000000000000000000000000000000000000000000000000000000000000000000000000000000000000000000000000000000000000000
00000000000000000000000000000000000000000000000000000000000000000000000000000000000000000000000000000000000000000000000000000000
00000000000000000000000000000000000000000000000000000000000000000000000000000000000000000000000000000000000000000000000000000000
00000000000000000000000000000000000000000000000000000000000000000000000000000000000000000000000000000000000000000000000000000000
00000000000000000000000000000000000000000000000000000000000000000000000000000000000000000000000000000000000000000000000000000000
00000000000000000000000000000000000000000000000000000000000000000000000000000000000000000000000000000000000000000000000000000000
00000000000000000000000000000000000000000000000000000000000000000000000000000000000000000000000000000000000000000000000000000000
00000000000000000000000000000000000000000000000000000000000000000000000000000000000000000000000000000000000000000000000000000000
00000000000000000000000000000000000000000000000000000000000000000000000000000000000000000000000000000000000000000000000000000000
00000000000000000000000000000000000000000000000000000000000000000000000000000000000000000000000000000000000000000000000000000000
00000000000000000000000000000000000000000000000000000000000000000000000000000000000000000000000000000000000000000000000000000000
00000000000000000000000000000000000000000000000000000000000000000000000000000000000000000000000000000000000000000000000000000000
00000000000000000000000000000000000000000000000000000000000000000000000000000000000000000000000000000000000000000000000000000000
00000000000000000000000000000000000000000000000000000000000000000000000000000000000000000000000000000000000000000000000000000000
00000000000000000000000000000000000000000000000000000000000000000000000000000000000000000000000000000000000000000000000000000000
00000000000000000000000000000000000000000000000000000000000000000000000000000000000000000000000000000000000000000000000000000000
00000000000000000000000000000000000000000000000000000000000000000000000000000000000000000000000000000000000000000000000000000000
00000000000000000000000000000000000000000000000000000000000000000000000000000000000000000000000000000000000000000000000000000000
00000000000000000000000000000000000000000000000000000000000000000000000000000000000000000000000000000000000000000000000000000000
00000000000000000000000000000000000000000000000000000000000000000000000000000000000000000000000000000000000000000000000000000000
00000000000000000000000000000000000000000000000000000000000000000000000000000000000000000000000000000000000000000000000000000000
00000000000000000000000000000000000000000000000000000000000000000000000000000000000000000000000000000000000000000000000000000000
00000000000000000000000000000000000000000000000000000000000000000000000000000000000000000000000000000000000000000000000000000000
00000000000000000000000000000000000000000000000000000000000000000000000000000000000000000000000000000000000000000000000000000000
00000000000000000000000000000000000000000000000000000000000000000000000000000000000000000000000000000000000000000000000000000000
00000000000000000000000000000000000000000000000000000000000000000000000000000000000000000000000000000000000000000000000000000000
00000000000000000000000000000000000000000000000000000000000000000000000000000000000000000000000000000000000000000000000000000000
00000000000000000000000000000000000000000000000000000000000000000000000000000000000000000000000000000000000000000000000000000000
00000000000000000000000000000000000000000000000000000000000000000000000000000000000000000000000000000000000000000000000000000000
00000000000000000000000000000000000000000000000000000000000000000000000000000000000000000000000000000000000000000000000000000000
00000000000000000000000000000000000000000000000000000000000000000000000000000000000000000000000000000000000000000000000000000000
00000000000000000000000000000000000000000000000000000000000000000000000000000000000000000000000000000000000000000000000000000000
00000000000000000000000000000000000000000000000000000000000000000000000000000000000000000000000000000000000000000000000000000000
00000000000000000000000000000000000000000000000000000000000000000000000000000000000000000000000000000000000000000000000000000000
00000000000000000000000000000000000000000000000000000000000000000000000000000000000000000000000000000000000000000000000000000000
00000000000000000000000000000000000000000000000000000000000000000000000000000000000000000000000000000000000000000000000000000000
00000000000000000000000000000000000000000000000000000000000000000000000000000000000000000000000000000000000000000000000000000000
00000000000000000000000000000000000000000000000000000000000000000000000000000000000000000000000000000000000000000000000000000000
00000000000000000000000000000000000000000000000000000000000000000000000000000000000000000000000000000000000000000000000000000000
00000000000000000000000000000000000000000000000000000000000000000000000000000000000000000000000000000000000000000000000000000000
00000000000000000000000000000000000000000000000000000000000000000000000000000000000000000000000000000000000000000000000000000000
00000000000000000000000000000000000000000000000000000000000000000000000000000000000000000000000000000000000000000000000000000000
00000000000000000000000000000000000000000000000000000000000000000000000000000000000000000000000000000000000000000000000000000000
00000000000000000000000000000000000000000000000000000000000000000000000000000000000000000000000000000000000000000000000000000000
00000000000000000000000000000000000000000000000000000000000000000000000000000000000000000000000000000000000000000000000000000000
00000000000000000000000000000000000000000000000000000000000000000000000000000000000000000000000000000000000000000000000000000000
00000000000000000000000000000000000000000000000000000000000000000000000000000000000000000000000000000000000000000000000000000000
00000000000000000000000000000000000000000000000000000000000000000000000000000000000000000000000000000000000000000000000000000000
00000000000000000000000000000000000000000000000000000000000000000000000000000000000000000000000000000000000000000000000000000000
00000000000000000000000000000000000000000000000000000000000000000000000000000000000000000000000000000000000000000000000000000000
00000000000000000000000000000000000000000000000000000000000000000000000000000000000000000000000000000000000000000000000000000000
00000000000000000000000000000000000000000000000000000000000000000000000000000000000000000000000000000000000000000000000000000000
00000000000000000000000000000000000000000000000000000000000000000000000000000000000000000000000000000000000000000000000000000000
00000000000000000000000000000000000000000000000000000000000000000000000000000000000000000000000000000000000000000000000000000000
00000000000000000000000000000000000000000000000000000000000000000000000000000000000000000000000000000000000000000000000000000000
00000000000000000000000000000000000000000000000000000000000000000000000000000000000000000000000000000000000000000000000000000000
00000000000000000000000000000000000000000000000000000000000000000000000000000000000000000000000000000000000000000000000000000000
00000000000000000000000000000000000000000000000000000000000000000000000000000000000000000000000000000000000000000000000000000000
00000000000000000000000000000000000000000000000000000000000000000000000000000000000000000000000000000000000000000000000000000000
00000000000000000000000000000000000000000000000000000000000000000000000000000000000000000000000000000000000000000000000000000000
00000000000000000000000000000000000000000000000000000000000000000000000000000000000000000000000000000000000000000000000000000000
00000000000000000000000000000000000000000000000000000000000000000000000000000000000000000000000000000000000000000000000000000000
00000000000000000000000000000000000000000000000000000000000000000000000000000000000000000000000000000000000000000000000000000000
00000000000000000000000000000000000000000000000000000000000000000000000000000000000000000000000000000000000000000000000000000000
00000000000000000000000000000000000000000000000000000000000000000000000000000000000000000000000000000000000000000000000000000000
00000000000000000000000000000000000000000000000000000000000000000000000000000000000000000000000000000000000000000000000000000000
00000000000000000000000000000000000000000000000000000000000000000000000000000000000000000000000000000000000000000000000000000000
00000000000000000000000000000000000000000000000000000000000000000000000000000000000000000000000000000000000000000000000000000000
00000000000000000000000000000000000000000000000000000000000000000000000000000000000000000000000000000000000000000000000000000000
00000000000000000000000000000000000000000000000000000000000000000000000000000000000000000000000000000000000000000000000000000000
00000000000000000000000000000000000000000000000000000000000000000000000000000000000000000000000000000000000000000000000000000000
00000000000000000000000000000000000000000000000000000000000000000000000000000000000000000000000000000000000000000000000000000000
00000000000000000000000000000000000000000000000000000000000000000000000000000000000000000000000000000000000000000000000000000000
00000000000000000000000000000000000000000000000000000000000000000000000000000000000000000000000000000000000000000000000000000000
00000000000000000000000000000000000000000000000000000000000000000000000000000000000000000000000000000000000000000000000000000000
00000000000000000000000000000000000000000000000000000000000000000000000000000000000000000000000000000000000000000000000000000000
00000000000000000000000000000000000000000000000000000000000000000000000000000000000000000000000000000000000000000000000000000000
00000000000000000000000000000000000000000000000000000000000000000000000000000000000000000000000000000000000000000000000000000000
00000000000000000000000000000000000000000000000000000000000000000000000000000000000000000000000000000000000000000000000000000000
00000000000000000000000000000000000000000000000000000000000000000000000000000000000000000000000000000000000000000000000000000000
00000000000000000000000000000000000000000000000000000000000000000000000000000000000000000000000000000000000000000000000000000000
00000000000000000000000000000000000000000000000000000000000000000000000000000000000000000000000000000000000000000000000000000000
00000000000000000000000000000000000000000000000000000000000000000000000000000000000000000000000000000000000000000000000000000000
00000000000000000000000000000000000000000000000000000000000000000000000000000000000000000000000000000000000000000000000000000000
00000000000000000000000000000000000000000000000000000000000000000000000000000000000000000000000000000000000000000000000000000000
00000000000000000000000000000000000000000000000000000000000000000000000000000000000000000000000000000000000000000000000000000000
00000000000000000000000000000000000000000000000000000000000000000000000000000000000000000000000000000000000000000000000000000000
00000000000000000000000000000000000000000000000000000000000000000000000000000000000000000000000000000000000000000000000000000000
00000000000000000000000000000000000000000000000000000000000000000000000000000000000000000000000000000000000000000000000000000000
00000000000000000000000000000000000000000000000000000000000000000000000000000000000000000000000000000000000000000000000000000000
00000000000000000000000000000000000000000000000000000000000000000000000000000000000000000000000000000000000000000000000000000000
00000000000000000000000000000000000000000000000000000000000000000000000000000000000000000000000000000000000000000000000000000000
00000000000000000000000000000000000000000000000000000000000000000000000000000000000000000000000000000000000000000000000000000000
00000000000000000000000000000000000000000000000000000000000000000000000000000000000000000000000000000000000000000000000000000000
00000000000000000000000000000000000000000000000000000000000000000000000000000000000000000000000000000000000000000000000000000000
00000000000000000000000000000000000000000000000000000000000000000000000000000000000000000000000000000000000000000000000000000000
00000000000000000000000000000000000000000000000000000000000000000000000000000000000000000000000000000000000000000000000000000000
00000000000000000000000000000000000000000000000000000000000000000000000000000000000000000000000000000000000000000000000000000000
00000000000000000000000000000000000000000000000000000000000000000000000000000000000000000000000000000000000000000000000000000000
00000000000000000000000000000000000000000000000000000000000000000000000000000000000000000000000000000000000000000000000000000000
00000000000000000000000000000000000000000000000000000000000000000000000000000000000000000000000000000000000000000000000000000000
00000000000000000000000000000000000000000000000000000000000000000000000000000000000000000000000000000000000000000000000000000000
00000000000000000000000000000000000000000000000000000000000000000000000000000000000000000000000000000000000000000000000000000000
00000000000000000000000000000000000000000000000000000000000000000000000000000000000000000000000000000000000000000000000000000000
00000000000000000000000000000000000000000000000000000000000000000000000000000000000000000000000000000000000000000000000000000000
00000000000000000000000000000000000000000000000000000000000000000000000000000000000000000000000000000000000000000000000000000000
00000000000000000000000000000000000000000000000000000000000000000000000000000000000000000000000000000000000000000000000000000000
00000000000000000000000000000000000000000000000000000000000000000000000000000000000000000000000000000000000000000000000000000000
00000000000000000000000000000000000000000000000000000000000000000000000000000000000000000000000000000000000000000000000000000000
00000000000000000000000000000000000000000000000000000000000000000000000000000000000000000000000000000000000000000000000000000000
00000000000000000000000000000000000000000000000000000000000000000000000000000000000000000000000000000000000000000000000000000000
00000000000000000000000000000000000000000000000000000000000000000000000000000000000000000000000000000000000000000000000000000000
00000000000000000000000000000000000000000000000000000000000000000000000000000000000000000000000000000000000000000000000000000000
00000000000000000000000000000000000000000000000000000000000000000000000000000000000000000000000000000000000000000000000000000000
00000000000000000000000000000000000000000000000000000000000000000000000000000000000000000000000000000000000000000000000000000000
00000000000000000000000000000000000000000000000000000000000000000000000000000000000000000000000000000000000000000000000000000000
00000000000000000000000000000000000000000000000000000000000000000000000000000000000000000000000000000000000000000000000000000000
00000000000000000000000000000000000000000000000000000000000000000000000000000000000000000000000000000000000000000000000000000000
00000000000000000000000000000000000000000000000000000000000000000000000000000000000000000000000000000000000000000000000000000000
00000000000000000000000000000000000000000000000000000000000000000000000000000000000000000000000000000000000000000000000000000000
00000000000000000000000000000000000000000000000000000000000000000000000000000000000000000000000000000000000000000000000000000000
00000000000000000000000000000000000000000000000000000000000000000000000000000000000000000000000000000000000000000000000000000000
00000000000000000000000000000000000000000000000000000000000000000000000000000000000000000000000000000000000000000000000000000000
00000000000000000000000000000000000000000000000000000000000000000000000000000000000000000000000000000000000000000000000000000000
00000000000000000000000000000000000000000000000000000000000000000000000000000000000000000000000000000000000000000000000000000000
00000000000000000000000000000000000000000000000000000000000000000000000000000000000000000000000000000000000000000000000000000000
00000000000000000000000000000000000000000000000000000000000000000000000000000000000000000000000000000000000000000000000000000000
00000000000000000000000000000000000000000000000000000000000000000000000000000000000000000000000000000000000000000000000000000000
00000000000000000000000000000000000000000000000000000000000000000000000000000000000000000000000000000000000000000000000000000000
00000000000000000000000000000000000000000000000000000000000000000000000000000000000000000000000000000000000000000000000000000000
00000000000000000000000000000000000000000000000000000000000000000000000000000000000000000000000000000000000000000000000000000000
00000000000000000000000000000000000000000000000000000000000000000000000000000000000000000000000000000000000000000000000000000000
00000000000000000000000000000000000000000000000000000000000000000000000000000000000000000000000000000000000000000000000000000000
00000000000000000000000000000000000000000000000000000000000000000000000000000000000000000000000000000000000000000000000000000000
00000000000000000000000000000000000000000000000000000000000000000000000000000000000000000000000000000000000000000000000000000000
00000000000000000000000000000000000000000000000000000000000000000000000000000000000000000000000000000000000000000000000000000000
00000000000000000000000000000000000000000000000000000000000000000000000000000000000000000000000000000000000000000000000000000000
00000000000000000000000000000000000000000000000000000000000000000000000000000000000000000000000000000000000000000000000000000000
00000000000000000000000000000000000000000000000000000000000000000000000000000000000000000000000000000000000000000000000000000000
00000000000000000000000000000000000000000000000000000000000000000000000000000000000000000000000000000000000000000000000000000000
00000000000000000000000000000000000000000000000000000000000000000000000000000000000000000000000000000000000000000000000000000000
00000000000000000000000000000000000000000000000000000000000000000000000000000000000000000000000000000000000000000000000000000000
00000000000000000000000000000000000000000000000000000000000000000000000000000000000000000000000000000000000000000000000000000000
00000000000000000000000000000000000000000000000000000000000000000000000000000000000000000000000000000000000000000000000000000000
00000000000000000000000000000000000000000000000000000000000000000000000000000000000000000000000000000000000000000000000000000000
00000000000000000000000000000000000000000000000000000000000000000000000000000000000000000000000000000000000000000000000000000000
00000000000000000000000000000000000000000000000000000000000000000000000000000000000000000000000000000000000000000000000000000000
00000000000000000000000000000000000000000000000000000000000000000000000000000000000000000000000000000000000000000000000000000000
00000000000000000000000000000000000000000000000000000000000000000000000000000000000000000000000000000000000000000000000000000000
00000000000000000000000000000000000000000000000000000000000000000000000000000000000000000000000000000000000000000000000000000000
00000000000000000000000000000000000000000000000000000000000000000000000000000000000000000000000000000000000000000000000000000000
00000000000000000000000000000000000000000000000000000000000000000000000000000000000000000000000000000000000000000000000000000000
00000000000000000000000000000000000000000000000000000000000000000000000000000000000000000000000000000000000000000000000000000000
00000000000000000000000000000000000000000000000000000000000000000000000000000000000000000000000000000000000000000000000000000000
00000000000000000000000000000000000000000000000000000000000000000000000000000000000000000000000000000000000000000000000000000000
00000000000000000000000000000000000000000000000000000000000000000000000000000000000000000000000000000000000000000000000000000000
00000000000000000000000000000000000000000000000000000000000000000000000000000000000000000000000000000000000000000000000000000000
00000000000000000000000000000000000000000000000000000000000000000000000000000000000000000000000000000000000000000000000000000000
00000000000000000000000000000000000000000000000000000000000000000000000000000000000000000000000000000000000000000000000000000000
00000000000000000000000000000000000000000000000000000000000000000000000000000000000000000000000000000000000000000000000000000000
00000000000000000000000000000000000000000000000000000000000000000000000000000000000000000000000000000000000000000000000000000000
00000000000000000000000000000000000000000000000000000000000000000000000000000000000000000000000000000000000000000000000000000000
00000000000000000000000000000000000000000000000000000000000000000000000000000000000000000000000000000000000000000000000000000000
00000000000000000000000000000000000000000000000000000000000000000000000000000000000000000000000000000000000000000000000000000000
00000000000000000000000000000000000000000000000000000000000000000000000000000000000000000000000000000000000000000000000000000000
00000000000000000000000000000000000000000000000000000000000000000000000000000000000000000000000000000000000000000000000000000000
00000000000000000000000000000000000000000000000000000000000000000000000000000000000000000000000000000000000000000000000000000000
00000000000000000000000000000000000000000000000000000000000000000000000000000000000000000000000000000000000000000000000000000000
00000000000000000000000000000000000000000000000000000000000000000000000000000000000000000000000000000000000000000000000000000000
00000000000000000000000000000000000000000000000000000000000000000000000000000000000000000000000000000000000000000000000000000000
00000000000000000000000000000000000000000000000000000000000000000000000000000000000000000000000000000000000000000000000000000000
00000000000000000000000000000000000000000000000000000000000000000000000000000000000000000000000000000000000000000000000000000000
00000000000000000000000000000000000000000000000000000000000000000000000000000000000000000000000000000000000000000000000000000000
00000000000000000000000000000000000000000000000000000000000000000000000000000000000000000000000000000000000000000000000000000000
00000000000000000000000000000000000000000000000000000000000000000000000000000000000000000000000000000000000000000000000000000000
00000000000000000000000000000000000000000000000000000000000000000000000000000000000000000000000000000000000000000000000000000000
00000000000000000000000000000000000000000000000000000000000000000000000000000000000000000000000000000000000000000000000000000000
00000000000000000000000000000000000000000000000000000000000000000000000000000000000000000000000000000000000000000000000000000000
00000000000000000000000000000000000000000000000000000000000000000000000000000000000000000000000000000000000000000000000000000000
00000000000000000000000000000000000000000000000000000000000000000000000000000000000000000000000000000000000000000000000000000000
00000000000000000000000000000000000000000000000000000000000000000000000000000000000000000000000000000000000000000000000000000000
00000000000000000000000000000000000000000000000000000000000000000000000000000000000000000000000000000000000000000000000000000000
00000000000000000000000000000000000000000000000000000000000000000000000000000000000000000000000000000000000000000000000000000000
00000000000000000000000000000000000000000000000000000000000000000000000000000000000000000000000000000000000000000000000000000000
00000000000000000000000000000000000000000000000000000000000000000000000000000000000000000000000000000000000000000000000000000000
00000000000000000000000000000000000000000000000000000000000000000000000000000000000000000000000000000000000000000000000000000000
00000000000000000000000000000000000000000000000000000000000000000000000000000000000000000000000000000000000000000000000000000000
00000000000000000000000000000000000000000000000000000000000000000000000000000000000000000000000000000000000000000000000000000000
00000000000000000000000000000000000000000000000000000000000000000000000000000000000000000000000000000000000000000000000000000000
00000000000000000000000000000000000000000000000000000000000000000000000000000000000000000000000000000000000000000000000000000000
00000000000000000000000000000000000000000000000000000000000000000000000000000000000000000000000000000000000000000000000000000000
00000000000000000000000000000000000000000000000000000000000000000000000000000000000000000000000000000000000000000000000000000000
00000000000000000000000000000000000000000000000000000000000000000000000000000000000000000000000000000000000000000000000000000000
00000000000000000000000000000000000000000000000000000000000000000000000000000000000000000000000000000000000000000000000000000000
00000000000000000000000000000000000000000000000000000000000000000000000000000000000000000000000000000000000000000000000000000000
00000000000000000000000000000000000000000000000000000000000000000000000000000000000000000000000000000000000000000000000000000000
00000000000000000000000000000000000000000000000000000000000000000000000000000000000000000000000000000000000000000000000000000000
00000000000000000000000000000000000000000000000000000000000000000000000000000000000000000000000000000000000000000000000000000000
00000000000000000000000000000000000000000000000000000000000000000000000000000000000000000000000000000000000000000000000000000000
00000000000000000000000000000000000000000000000000000000000000000000000000000000000000000000000000000000000000000000000000000000
00000000000000000000000000000000000000000000000000000000000000000000000000000000000000000000000000000000000000000000000000000000
00000000000000000000000000000000000000000000000000000000000000000000000000000000000000000000000000000000000000000000000000000000
00000000000000000000000000000000000000000000000000000000000000000000000000000000000000000000000000000000000000000000000000000000
00000000000000000000000000000000000000000000000000000000000000000000000000000000000000000000000000000000000000000000000000000000
00000000000000000000000000000000000000000000000000000000000000000000000000000000000000000000000000000000000000000000000000000000
00000000000000000000000000000000000000000000000000000000000000000000000000000000000000000000000000000000000000000000000000000000
00000000000000000000000000000000000000000000000000000000000000000000000000000000000000000000000000000000000000000000000000000000
00000000000000000000000000000000000000000000000000000000000000000000000000000000000000000000000000000000000000000000000000000000
00000000000000000000000000000000000000000000000000000000000000000000000000000000000000000000000000000000000000000000000000000000
00000000000000000000000000000000000000000000000000000000000000000000000000000000000000000000000000000000000000000000000000000000
00000000000000000000000000000000000000000000000000000000000000000000000000000000000000000000000000000000000000000000000000000000
00000000000000000000000000000000000000000000000000000000000000000000000000000000000000000000000000000000000000000000000000000000
00000000000000000000000000000000000000000000000000000000000000000000000000000000000000000000000000000000000000000000000000000000
00000000000000000000000000000000000000000000000000000000000000000000000000000000000000000000000000000000000000000000000000000000
00000000000000000000000000000000000000000000000000000000000000000000000000000000000000000000000000000000000000000000000000000000
00000000000000000000000000000000000000000000000000000000000000000000000000000000000000000000000000000000000000000000000000000000
00000000000000000000000000000000000000000000000000000000000000000000000000000000000000000000000000000000000000000000000000000000
00000000000000000000000000000000000000000000000000000000000000000000000000000000000000000000000000000000000000000000000000000000
00000000000000000000000000000000000000000000000000000000000000000000000000000000000000000000000000000000000000000000000000000000
00000000000000000000000000000000000000000000000000000000000000000000000000000000000000000000000000000000000000000000000000000000
00000000000000000000000000000000000000000000000000000000000000000000000000000000000000000000000000000000000000000000000000000000
00000000000000000000000000000000000000000000000000000000000000000000000000000000000000000000000000000000000000000000000000000000
00000000000000000000000000000000000000000000000000000000000000000000000000000000000000000000000000000000000000000000000000000000
00000000000000000000000000000000000000000000000000000000000000000000000000000000000000000000000000000000000000000000000000000000
00000000000000000000000000000000000000000000000000000000000000000000000000000000000000000000000000000000000000000000000000000000
00000000000000000000000000000000000000000000000000000000000000000000000000000000000000000000000000000000000000000000000000000000
00000000000000000000000000000000000000000000000000000000000000000000000000000000000000000000000000000000000000000000000000000000
00000000000000000000000000000000000000000000000000000000000000000000000000000000000000000000000000000000000000000000000000000000
00000000000000000000000000000000000000000000000000000000000000000000000000000000000000000000000000000000000000000000000000000000
00000000000000000000000000000000000000000000000000000000000000000000000000000000000000000000000000000000000000000000000000000000
00000000000000000000000000000000000000000000000000000000000000000000000000000000000000000000000000000000000000000000000000000000
00000000000000000000000000000000000000000000000000000000000000000000000000000000000000000000000000000000000000000000000000000000
00000000000000000000000000000000000000000000000000000000000000000000000000000000000000000000000000000000000000000000000000000000
00000000000000000000000000000000000000000000000000000000000000000000000000000000000000000000000000000000000000000000000000000000
00000000000000000000000000000000000000000000000000000000000000000000000000000000000000000000000000000000000000000000000000000000
00000000000000000000000000000000000000000000000000000000000000000000000000000000000000000000000000000000000000000000000000000000
00000000000000000000000000000000000000000000000000000000000000000000000000000000000000000000000000000000000000000000000000000000
00000000000000000000000000000000000000000000000000000000000000000000000000000000000000000000000000000000000000000000000000000000
00000000000000000000000000000000000000000000000000000000000000000000000000000000000000000000000000000000000000000000000000000000
00000000000000000000000000000000000000000000000000000000000000000000000000000000000000000000000000000000000000000000000000000000
00000000000000000000000000000000000000000000000000000000000000000000000000000000000000000000000000000000000000000000000000000000
00000000000000000000000000000000000000000000000000000000000000000000000000000000000000000000000000000000000000000000000000000000
00000000000000000000000000000000000000000000000000000000000000000000000000000000000000000000000000000000000000000000000000000000
00000000000000000000000000000000000000000000000000000000000000000000000000000000000000000000000000000000000000000000000000000000
00000000000000000000000000000000000000000000000000000000000000000000000000000000000000000000000000000000000000000000000000000000
00000000000000000000000000000000000000000000000000000000000000000000000000000000000000000000000000000000000000000000000000000000
00000000000000000000000000000000000000000000000000000000000000000000000000000000000000000000000000000000000000000000000000000000
00000000000000000000000000000000000000000000000000000000000000000000000000000000000000000000000000000000000000000000000000000000
00000000000000000000000000000000000000000000000000000000000000000000000000000000000000000000000000000000000000000000000000000000
00000000000000000000000000000000000000000000000000000000000000000000000000000000000000000000000000000000000000000000000000000000
00000000000000000000000000000000000000000000000000000000000000000000000000000000000000000000000000000000000000000000000000000000
00000000000000000000000000000000000000000000000000000000000000000000000000000000000000000000000000000000000000000000000000000000
00000000000000000000000000000000000000000000000000000000000000000000000000000000000000000000000000000000000000000000000000000000
00000000000000000000000000000000000000000000000000000000000000000000000000000000000000000000000000000000000000000000000000000000
00000000000000000000000000000000000000000000000000000000000000000000000000000000000000000000000000000000000000000000000000000000
00000000000000000000000000000000000000000000000000000000000000000000000000000000000000000000000000000000000000000000000000000000
00000000000000000000000000000000000000000000000000000000000000000000000000000000000000000000000000000000000000000000000000000000
00000000000000000000000000000000000000000000000000000000000000000000000000000000000000000000000000000000000000000000000000000000
00000000000000000000000000000000000000000000000000000000000000000000000000000000000000000000000000000000000000000000000000000000
00000000000000000000000000000000000000000000000000000000000000000000000000000000000000000000000000000000000000000000000000000000
00000000000000000000000000000000000000000000000000000000000000000000000000000000000000000000000000000000000000000000000000000000
00000000000000000000000000000000000000000000000000000000000000000000000000000000000000000000000000000000000000000000000000000000
00000000000000000000000000000000000000000000000000000000000000000000000000000000000000000000000000000000000000000000000000000000
00000000000000000000000000000000000000000000000000000000000000000000000000000000000000000000000000000000000000000000000000000000
00000000000000000000000000000000000000000000000000000000000000000000000000000000000000000000000000000000000000000000000000000000
00000000000000000000000000000000000000000000000000000000000000000000000000000000000000000000000000000000000000000000000000000000
00000000000000000000000000000000000000000000000000000000000000000000000000000000000000000000000000000000000000000000000000000000
00000000000000000000000000000000000000000000000000000000000000000000000000000000000000000000000000000000000000000000000000000000
00000000000000000000000000000000000000000000000000000000000000000000000000000000000000000000000000000000000000000000000000000000
00000000000000000000000000000000000000000000000000000000000000000000000000000000000000000000000000000000000000000000000000000000
00000000000000000000000000000000000000000000000000000000000000000000000000000000000000000000000000000000000000000000000000000000
00000000000000000000000000000000000000000000000000000000000000000000000000000000000000000000000000000000000000000000000000000000
00000000000000000000000000000000000000000000000000000000000000000000000000000000000000000000000000000000000000000000000000000000
00000000000000000000000000000000000000000000000000000000000000000000000000000000000000000000000000000000000000000000000000000000
00000000000000000000000000000000000000000000000000000000000000000000000000000000000000000000000000000000000000000000000000000000
00000000000000000000000000000000000000000000000000000000000000000000000000000000000000000000000000000000000000000000000000000000
00000000000000000000000000000000000000000000000000000000000000000000000000000000000000000000000000000000000000000000000000000000
00000000000000000000000000000000000000000000000000000000000000000000000000000000000000000000000000000000000000000000000000000000
00000000000000000000000000000000000000000000000000000000000000000000000000000000000000000000000000000000000000000000000000000000
00000000000000000000000000000000000000000000000000000000000000000000000000000000000000000000000000000000000000000000000000000000
00000000000000000000000000000000000000000000000000000000000000000000000000000000000000000000000000000000000000000000000000000000
00000000000000000000000000000000000000000000000000000000000000000000000000000000000000000000000000000000000000000000000000000000
00000000000000000000000000000000000000000000000000000000000000000000000000000000000000000000000000000000000000000000000000000000
00000000000000000000000000000000000000000000000000000000000000000000000000000000000000000000000000000000000000000000000000000000
00000000000000000000000000000000000000000000000000000000000000000000000000000000000000000000000000000000000000000000000000000000
00000000000000000000000000000000000000000000000000000000000000000000000000000000000000000000000000000000000000000000000000000000
00000000000000000000000000000000000000000000000000000000000000000000000000000000000000000000000000000000000000000000000000000000
00000000000000000000000000000000000000000000000000000000000000000000000000000000000000000000000000000000000000000000000000000000
00000000000000000000000000000000000000000000000000000000000000000000000000000000000000000000000000000000000000000000000000000000
00000000000000000000000000000000000000000000000000000000000000000000000000000000000000000000000000000000000000000000000000000000
00000000000000000000000000000000000000000000000000000000000000000000000000000000000000000000000000000000000000000000000000000000
00000000000000000000000000000000000000000000000000000000000000000000000000000000000000000000000000000000000000000000000000000000
00000000000000000000000000000000000000000000000000000000000000000000000000000000000000000000000000000000000000000000000000000000
00000000000000000000000000000000000000000000000000000000000000000000000000000000000000000000000000000000000000000000000000000000
00000000000000000000000000000000000000000000000000000000000000000000000000000000000000000000000000000000000000000000000000000000
00000000000000000000000000000000000000000000000000000000000000000000000000000000000000000000000000000000000000000000000000000000
00000000000000000000000000000000000000000000000000000000000000000000000000000000000000000000000000000000000000000000000000000000
00000000000000000000000000000000000000000000000000000000000000000000000000000000000000000000000000000000000000000000000000000000
00000000000000000000000000000000000000000000000000000000000000000000000000000000000000000000000000000000000000000000000000000000
00000000000000000000000000000000000000000000000000000000000000000000000000000000000000000000000000000000000000000000000000000000
00000000000000000000000000000000000000000000000000000000000000000000000000000000000000000000000000000000000000000000000000000000
00000000000000000000000000000000000000000000000000000000000000000000000000000000000000000000000000000000000000000000000000000000
00000000000000000000000000000000000000000000000000000000000000000000000000000000000000000000000000000000000000000000000000000000
00000000000000000000000000000000000000000000000000000000000000000000000000000000000000000000000000000000000000000000000000000000
00000000000000000000000000000000000000000000000000000000000000000000000000000000000000000000000000000000000000000000000000000000
00000000000000000000000000000000000000000000000000000000000000000000000000000000000000000000000000000000000000000000000000000000
00000000000000000000000000000000000000000000000000000000000000000000000000000000000000000000000000000000000000000000000000000000
00000000000000000000000000000000000000000000000000000000000000000000000000000000000000000000000000000000000000000000000000000000
00000000000000000000000000000000000000000000000000000000000000000000000000000000000000000000000000000000000000000000000000000000
00000000000000000000000000000000000000000000000000000000000000000000000000000000000000000000000000000000000000000000000000000000
00000000000000000000000000000000000000000000000000000000000000000000000000000000000000000000000000000000000000000000000000000000
00000000000000000000000000000000000000000000000000000000000000000000000000000000000000000000000000000000000000000000000000000000
00000000000000000000000000000000000000000000000000000000000000000000000000000000000000000000000000000000000000000000000000000000
00000000000000000000000000000000000000000000000000000000000000000000000000000000000000000000000000000000000000000000000000000000
00000000000000000000000000000000000000000000000000000000000000000000000000000000000000000000000000000000000000000000000000000000
00000000000000000000000000000000000000000000000000000000000000000000000000000000000000000000000000000000000000000000000000000000
00000000000000000000000000000000000000000000000000000000000000000000000000000000000000000000000000000000000000000000000000000000
00000000000000000000000000000000000000000000000000000000000000000000000000000000000000000000000000000000000000000000000000000000
00000000000000000000000000000000000000000000000000000000000000000000000000000000000000000000000000000000000000000000000000000000
00000000000000000000000000000000000000000000000000000000000000000000000000000000000000000000000000000000000000000000000000000000
00000000000000000000000000000000000000000000000000000000000000000000000000000000000000000000000000000000000000000000000000000000
00000000000000000000000000000000000000000000000000000000000000000000000000000000000000000000000000000000000000000000000000000000
00000000000000000000000000000000000000000000000000000000000000000000000000000000000000000000000000000000000000000000000000000000
00000000000000000000000000000000000000000000000000000000000000000000000000000000000000000000000000000000000000000000000000000000
00000000000000000000000000000000000000000000000000000000000000000000000000000000000000000000000000000000000000000000000000000000
00000000000000000000000000000000000000000000000000000000000000000000000000000000000000000000000000000000000000000000000000000000
00000000000000000000000000000000000000000000000000000000000000000000000000000000000000000000000000000000000000000000000000000000
00000000000000000000000000000000000000000000000000000000000000000000000000000000000000000000000000000000000000000000000000000000
00000000000000000000000000000000000000000000000000000000000000000000000000000000000000000000000000000000000000000000000000000000
00000000000000000000000000000000000000000000000000000000000000000000000000000000000000000000000000000000000000000000000000000000
00000000000000000000000000000000000000000000000000000000000000000000000000000000000000000000000000000000000000000000000000000000
00000000000000000000000000000000000000000000000000000000000000000000000000000000000000000000000000000000000000000000000000000000
00000000000000000000000000000000000000000000000000000000000000000000000000000000000000000000000000000000000000000000000000000000
00000000000000000000000000000000000000000000000000000000000000000000000000000000000000000000000000000000000000000000000000000000
00000000000000000000000000000000000000000000000000000000000000000000000000000000000000000000000000000000000000000000000000000000
00000000000000000000000000000000000000000000000000000000000000000000000000000000000000000000000000000000000000000000000000000000
00000000000000000000000000000000000000000000000000000000000000000000000000000000000000000000000000000000000000000000000000000000
00000000000000000000000000000000000000000000000000000000000000000000000000000000000000000000000000000000000000000000000000000000
00000000000000000000000000000000000000000000000000000000000000000000000000000000000000000000000000000000000000000000000000000000
00000000000000000000000000000000000000000000000000000000000000000000000000000000000000000000000000000000000000000000000000000000
00000000000000000000000000000000000000000000000000000000000000000000000000000000000000000000000000000000000000000000000000000000
00000000000000000000000000000000000000000000000000000000000000000000000000000000000000000000000000000000000000000000000000000000
00000000000000000000000000000000000000000000000000000000000000000000000000000000000000000000000000000000000000000000000000000000
00000000000000000000000000000000000000000000000000000000000000000000000000000000000000000000000000000000000000000000000000000000
00000000000000000000000000000000000000000000000000000000000000000000000000000000000000000000000000000000000000000000000000000000
00000000000000000000000000000000000000000000000000000000000000000000000000000000000000000000000000000000000000000000000000000000
00000000000000000000000000000000000000000000000000000000000000000000000000000000000000000000000000000000000000000000000000000000
00000000000000000000000000000000000000000000000000000000000000000000000000000000000000000000000000000000000000000000000000000000
00000000000000000000000000000000000000000000000000000000000000000000000000000000000000000000000000000000000000000000000000000000
00000000000000000000000000000000000000000000000000000000000000000000000000000000000000000000000000000000000000000000000000000000
00000000000000000000000000000000000000000000000000000000000000000000000000000000000000000000000000000000000000000000000000000000
00000000000000000000000000000000000000000000000000000000000000000000000000000000000000000000000000000000000000000000000000000000
00000000000000000000000000000000000000000000000000000000000000000000000000000000000000000000000000000000000000000000000000000000
00000000000000000000000000000000000000000000000000000000000000000000000000000000000000000000000000000000000000000000000000000000
00000000000000000000000000000000000000000000000000000000000000000000000000000000000000000000000000000000000000000000000000000000
00000000000000000000000000000000000000000000000000000000000000000000000000000000000000000000000000000000000000000000000000000000
00000000000000000000000000000000000000000000000000000000000000000000000000000000000000000000000000000000000000000000000000000000
00000000000000000000000000000000000000000000000000000000000000000000000000000000000000000000000000000000000000000000000000000000
00000000000000000000000000000000000000000000000000000000000000000000000000000000000000000000000000000000000000000000000000000000
00000000000000000000000000000000000000000000000000000000000000000000000000000000000000000000000000000000000000000000000000000000
00000000000000000000000000000000000000000000000000000000000000000000000000000000000000000000000000000000000000000000000000000000
00000000000000000000000000000000000000000000000000000000000000000000000000000000000000000000000000000000000000000000000000000000
00000000000000000000000000000000000000000000000000000000000000000000000000000000000000000000000000000000000000000000000000000000
00000000000000000000000000000000000000000000000000000000000000000000000000000000000000000000000000000000000000000000000000000000
00000000000000000000000000000000000000000000000000000000000000000000000000000000000000000000000000000000000000000000000000000000
00000000000000000000000000000000000000000000000000000000000000000000000000000000000000000000000000000000000000000000000000000000
00000000000000000000000000000000000000000000000000000000000000000000000000000000000000000000000000000000000000000000000000000000
00000000000000000000000000000000000000000000000000000000000000000000000000000000000000000000000000000000000000000000000000000000
00000000000000000000000000000000000000000000000000000000000000000000000000000000000000000000000000000000000000000000000000000000
00000000000000000000000000000000000000000000000000000000000000000000000000000000000000000000000000000000000000000000000000000000
00000000000000000000000000000000000000000000000000000000000000000000000000000000000000000000000000000000000000000000000000000000
00000000000000000000000000000000000000000000000000000000000000000000000000000000000000000000000000000000000000000000000000000000
00000000000000000000000000000000000000000000000000000000000000000000000000000000000000000000000000000000000000000000000000000000
00000000000000000000000000000000000000000000000000000000000000000000000000000000000000000000000000000000000000000000000000000000
00000000000000000000000000000000000000000000000000000000000000000000000000000000000000000000000000000000000000000000000000000000
00000000000000000000000000000000000000000000000000000000000000000000000000000000000000000000000000000000000000000000000000000000
00000000000000000000000000000000000000000000000000000000000000000000000000000000000000000000000000000000000000000000000000000000
00000000000000000000000000000000000000000000000000000000000000000000000000000000000000000000000000000000000000000000000000000000
00000000000000000000000000000000000000000000000000000000000000000000000000000000000000000000000000000000000000000000000000000000
00000000000000000000000000000000000000000000000000000000000000000000000000000000000000000000000000000000000000000000000000000000
00000000000000000000000000000000000000000000000000000000000000000000000000000000000000000000000000000000000000000000000000000000
00000000000000000000000000000000000000000000000000000000000000000000000000000000000000000000000000000000000000000000000000000000
00000000000000000000000000000000000000000000000000000000000000000000000000000000000000000000000000000000000000000000000000000000
00000000000000000000000000000000000000000000000000000000000000000000000000000000000000000000000000000000000000000000000000000000
00000000000000000000000000000000000000000000000000000000000000000000000000000000000000000000000000000000000000000000000000000000
00000000000000000000000000000000000000000000000000000000000000000000000000000000000000000000000000000000000000000000000000000000
00000000000000000000000000000000000000000000000000000000000000000000000000000000000000000000000000000000000000000000000000000000
00000000000000000000000000000000000000000000000000000000000000000000000000000000000000000000000000000000000000000000000000000000
00000000000000000000000000000000000000000000000000000000000000000000000000000000000000000000000000000000000000000000000000000000
00000000000000000000000000000000000000000000000000000000000000000000000000000000000000000000000000000000000000000000000000000000
00000000000000000000000000000000000000000000000000000000000000000000000000000000000000000000000000000000000000000000000000000000
00000000000000000000000000000000000000000000000000000000000000000000000000000000000000000000000000000000000000000000000000000000
00000000000000000000000000000000000000000000000000000000000000000000000000000000000000000000000000000000000000000000000000000000
00000000000000000000000000000000000000000000000000000000000000000000000000000000000000000000000000000000000000000000000000000000
00000000000000000000000000000000000000000000000000000000000000000000000000000000000000000000000000000000000000000000000000000000
00000000000000000000000000000000000000000000000000000000000000000000000000000000000000000000000000000000000000000000000000000000
00000000000000000000000000000000000000000000000000000000000000000000000000000000000000000000000000000000000000000000000000000000
00000000000000000000000000000000000000000000000000000000000000000000000000000000000000000000000000000000000000000000000000000000
00000000000000000000000000000000000000000000000000000000000000000000000000000000000000000000000000000000000000000000000000000000
00000000000000000000000000000000000000000000000000000000000000000000000000000000000000000000000000000000000000000000000000000000
00000000000000000000000000000000000000000000000000000000000000000000000000000000000000000000000000000000000000000000000000000000
00000000000000000000000000000000000000000000000000000000000000000000000000000000000000000000000000000000000000000000000000000000
00000000000000000000000000000000000000000000000000000000000000000000000000000000000000000000000000000000000000000000000000000000
00000000000000000000000000000000000000000000000000000000000000000000000000000000000000000000000000000000000000000000000000000000
00000000000000000000000000000000000000000000000000000000000000000000000000000000000000000000000000000000000000000000000000000000
00000000000000000000000000000000000000000000000000000000000000000000000000000000000000000000000000000000000000000000000000000000
00000000000000000000000000000000000000000000000000000000000000000000000000000000000000000000000000000000000000000000000000000000
00000000000000000000000000000000000000000000000000000000000000000000000000000000000000000000000000000000000000000000000000000000
00000000000000000000000000000000000000000000000000000000000000000000000000000000000000000000000000000000000000000000000000000000
00000000000000000000000000000000000000000000000000000000000000000000000000000000000000000000000000000000000000000000000000000000
00000000000000000000000000000000000000000000000000000000000000000000000000000000000000000000000000000000000000000000000000000000
00000000000000000000000000000000000000000000000000000000000000000000000000000000000000000000000000000000000000000000000000000000
00000000000000000000000000000000000000000000000000000000000000000000000000000000000000000000000000000000000000000000000000000000
00000000000000000000000000000000000000000000000000000000000000000000000000000000000000000000000000000000000000000000000000000000
00000000000000000000000000000000000000000000000000000000000000000000000000000000000000000000000000000000000000000000000000000000
00000000000000000000000000000000000000000000000000000000000000000000000000000000000000000000000000000000000000000000000000000000
00000000000000000000000000000000000000000000000000000000000000000000000000000000000000000000000000000000000000000000000000000000
00000000000000000000000000000000000000000000000000000000000000000000000000000000000000000000000000000000000000000000000000000000
00000000000000000000000000000000000000000000000000000000000000000000000000000000000000000000000000000000000000000000000000000000
00000000000000000000000000000000000000000000000000000000000000000000000000000000000000000000000000000000000000000000000000000000
00000000000000000000000000000000000000000000000000000000000000000000000000000000000000000000000000000000000000000000000000000000
00000000000000000000000000000000000000000000000000000000000000000000000000000000000000000000000000000000000000000000000000000000
00000000000000000000000000000000000000000000000000000000000000000000000000000000000000000000000000000000000000000000000000000000
00000000000000000000000000000000000000000000000000000000000000000000000000000000000000000000000000000000000000000000000000000000
00000000000000000000000000000000000000000000000000000000000000000000000000000000000000000000000000000000000000000000000000000000
00000000000000000000000000000000000000000000000000000000000000000000000000000000000000000000000000000000000000000000000000000000
00000000000000000000000000000000000000000000000000000000000000000000000000000000000000000000000000000000000000000000000000000000
00000000000000000000000000000000000000000000000000000000000000000000000000000000000000000000000000000000000000000000000000000000
00000000000000000000000000000000000000000000000000000000000000000000000000000000000000000000000000000000000000000000000000000000
00000000000000000000000000000000000000000000000000000000000000000000000000000000000000000000000000000000000000000000000000000000
00000000000000000000000000000000000000000000000000000000000000000000000000000000000000000000000000000000000000000000000000000000
00000000000000000000000000000000000000000000000000000000000000000000000000000000000000000000000000000000000000000000000000000000
00000000000000000000000000000000000000000000000000000000000000000000000000000000000000000000000000000000000000000000000000000000
00000000000000000000000000000000000000000000000000000000000000000000000000000000000000000000000000000000000000000000000000000000
00000000000000000000000000000000000000000000000000000000000000000000000000000000000000000000000000000000000000000000000000000000
00000000000000000000000000000000000000000000000000000000000000000000000000000000000000000000000000000000000000000000000000000000
00000000000000000000000000000000000000000000000000000000000000000000000000000000000000000000000000000000000000000000000000000000
00000000000000000000000000000000000000000000000000000000000000000000000000000000000000000000000000000000000000000000000000000000
00000000000000000000000000000000000000000000000000000000000000000000000000000000000000000000000000000000000000000000000000000000
00000000000000000000000000000000000000000000000000000000000000000000000000000000000000000000000000000000000000000000000000000000
00000000000000000000000000000000000000000000000000000000000000000000000000000000000000000000000000000000000000000000000000000000
00000000000000000000000000000000000000000000000000000000000000000000000000000000000000000000000000000000000000000000000000000000
00000000000000000000000000000000000000000000000000000000000000000000000000000000000000000000000000000000000000000000000000000000
00000000000000000000000000000000000000000000000000000000000000000000000000000000000000000000000000000000000000000000000000000000
00000000000000000000000000000000000000000000000000000000000000000000000000000000000000000000000000000000000000000000000000000000
00000000000000000000000000000000000000000000000000000000000000000000000000000000000000000000000000000000000000000000000000000000
00000000000000000000000000000000000000000000000000000000000000000000000000000000000000000000000000000000000000000000000000000000
00000000000000000000000000000000000000000000000000000000000000000000000000000000000000000000000000000000000000000000000000000000
00000000000000000000000000000000000000000000000000000000000000000000000000000000000000000000000000000000000000000000000000000000
00000000000000000000000000000000000000000000000000000000000000000000000000000000000000000000000000000000000000000000000000000000
00000000000000000000000000000000000000000000000000000000000000000000000000000000000000000000000000000000000000000000000000000000
00000000000000000000000000000000000000000000000000000000000000000000000000000000000000000000000000000000000000000000000000000000
00000000000000000000000000000000000000000000000000000000000000000000000000000000000000000000000000000000000000000000000000000000
00000000000000000000000000000000000000000000000000000000000000000000000000000000000000000000000000000000000000000000000000000000
00000000000000000000000000000000000000000000000000000000000000000000000000000000000000000000000000000000000000000000000000000000
00000000000000000000000000000000000000000000000000000000000000000000000000000000000000000000000000000000000000000000000000000000
00000000000000000000000000000000000000000000000000000000000000000000000000000000000000000000000000000000000000000000000000000000
00000000000000000000000000000000000000000000000000000000000000000000000000000000000000000000000000000000000000000000000000000000
00000000000000000000000000000000000000000000000000000000000000000000000000000000000000000000000000000000000000000000000000000000
00000000000000000000000000000000000000000000000000000000000000000000000000000000000000000000000000000000000000000000000000000000
00000000000000000000000000000000000000000000000000000000000000000000000000000000000000000000000000000000000000000000000000000000
00000000000000000000000000000000000000000000000000000000000000000000000000000000000000000000000000000000000000000000000000000000
00000000000000000000000000000000000000000000000000000000000000000000000000000000000000000000000000000000000000000000000000000000
00000000000000000000000000000000000000000000000000000000000000000000000000000000000000000000000000000000000000000000000000000000
00000000000000000000000000000000000000000000000000000000000000000000000000000000000000000000000000000000000000000000000000000000
00000000000000000000000000000000000000000000000000000000000000000000000000000000000000000000000000000000000000000000000000000000
00000000000000000000000000000000000000000000000000000000000000000000000000000000000000000000000000000000000000000000000000000000
00000000000000000000000000000000000000000000000000000000000000000000000000000000000000000000000000000000000000000000000000000000
00000000000000000000000000000000000000000000000000000000000000000000000000000000000000000000000000000000000000000000000000000000
00000000000000000000000000000000000000000000000000000000000000000000000000000000000000000000000000000000000000000000000000000000
00000000000000000000000000000000000000000000000000000000000000000000000000000000000000000000000000000000000000000000000000000000
00000000000000000000000000000000000000000000000000000000000000000000000000000000000000000000000000000000000000000000000000000000
00000000000000000000000000000000000000000000000000000000000000000000000000000000000000000000000000000000000000000000000000000000
00000000000000000000000000000000000000000000000000000000000000000000000000000000000000000000000000000000000000000000000000000000
00000000000000000000000000000000000000000000000000000000000000000000000000000000000000000000000000000000000000000000000000000000
00000000000000000000000000000000000000000000000000000000000000000000000000000000000000000000000000000000000000000000000000000000
00000000000000000000000000000000000000000000000000000000000000000000000000000000000000000000000000000000000000000000000000000000
00000000000000000000000000000000000000000000000000000000000000000000000000000000000000000000000000000000000000000000000000000000
00000000000000000000000000000000000000000000000000000000000000000000000000000000000000000000000000000000000000000000000000000000
00000000000000000000000000000000000000000000000000000000000000000000000000000000000000000000000000000000000000000000000000000000
00000000000000000000000000000000000000000000000000000000000000000000000000000000000000000000000000000000000000000000000000000000
00000000000000000000000000000000000000000000000000000000000000000000000000000000000000000000000000000000000000000000000000000000
00000000000000000000000000000000000000000000000000000000000000000000000000000000000000000000000000000000000000000000000000000000
00000000000000000000000000000000000000000000000000000000000000000000000000000000000000000000000000000000000000000000000000000000
00000000000000000000000000000000000000000000000000000000000000000000000000000000000000000000000000000000000000000000000000000000
00000000000000000000000000000000000000000000000000000000000000000000000000000000000000000000000000000000000000000000000000000000
00000000000000000000000000000000000000000000000000000000000000000000000000000000000000000000000000000000000000000000000000000000
00000000000000000000000000000000000000000000000000000000000000000000000000000000000000000000000000000000000000000000000000000000
00000000000000000000000000000000000000000000000000000000000000000000000000000000000000000000000000000000000000000000000000000000
00000000000000000000000000000000000000000000000000000000000000000000000000000000000000000000000000000000000000000000000000000000
00000000000000000000000000000000000000000000000000000000000000000000000000000000000000000000000000000000000000000000000000000000
00000000000000000000000000000000000000000000000000000000000000000000000000000000000000000000000000000000000000000000000000000000
00000000000000000000000000000000000000000000000000000000000000000000000000000000000000000000000000000000000000000000000000000000
00000000000000000000000000000000000000000000000000000000000000000000000000000000000000000000000000000000000000000000000000000000
00000000000000000000000000000000000000000000000000000000000000000000000000000000000000000000000000000000000000000000000000000000
00000000000000000000000000000000000000000000000000000000000000000000000000000000000000000000000000000000000000000000000000000000
00000000000000000000000000000000000000000000000000000000000000000000000000000000000000000000000000000000000000000000000000000000
00000000000000000000000000000000000000000000000000000000000000000000000000000000000000000000000000000000000000000000000000000000
00000000000000000000000000000000000000000000000000000000000000000000000000000000000000000000000000000000000000000000000000000000
00000000000000000000000000000000000000000000000000000000000000000000000000000000000000000000000000000000000000000000000000000000
00000000000000000000000000000000000000000000000000000000000000000000000000000000000000000000000000000000000000000000000000000000
00000000000000000000000000000000000000000000000000000000000000000000000000000000000000000000000000000000000000000000000000000000
00000000000000000000000000000000000000000000000000000000000000000000000000000000000000000000000000000000000000000000000000000000
00000000000000000000000000000000000000000000000000000000000000000000000000000000000000000000000000000000000000000000000000000000
00000000000000000000000000000000000000000000000000000000000000000000000000000000000000000000000000000000000000000000000000000000
00000000000000000000000000000000000000000000000000000000000000000000000000000000000000000000000000000000000000000000000000000000
00000000000000000000000000000000000000000000000000000000000000000000000000000000000000000000000000000000000000000000000000000000
00000000000000000000000000000000000000000000000000000000000000000000000000000000000000000000000000000000000000000000000000000000
00000000000000000000000000000000000000000000000000000000000000000000000000000000000000000000000000000000000000000000000000000000
00000000000000000000000000000000000000000000000000000000000000000000000000000000000000000000000000000000000000000000000000000000
00000000000000000000000000000000000000000000000000000000000000000000000000000000000000000000000000000000000000000000000000000000
00000000000000000000000000000000000000000000000000000000000000000000000000000000000000000000000000000000000000000000000000000000
00000000000000000000000000000000000000000000000000000000000000000000000000000000000000000000000000000000000000000000000000000000
00000000000000000000000000000000000000000000000000000000000000000000000000000000000000000000000000000000000000000000000000000000
00000000000000000000000000000000000000000000000000000000000000000000000000000000000000000000000000000000000000000000000000000000
00000000000000000000000000000000000000000000000000000000000000000000000000000000000000000000000000000000000000000000000000000000
00000000000000000000000000000000000000000000000000000000000000000000000000000000000000000000000000000000000000000000000000000000
00000000000000000000000000000000000000000000000000000000000000000000000000000000000000000000000000000000000000000000000000000000
00000000000000000000000000000000000000000000000000000000000000000000000000000000000000000000000000000000000000000000000000000000
00000000000000000000000000000000000000000000000000000000000000000000000000000000000000000000000000000000000000000000000000000000
00000000000000000000000000000000000000000000000000000000000000000000000000000000000000000000000000000000000000000000000000000000
00000000000000000000000000000000000000000000000000000000000000000000000000000000000000000000000000000000000000000000000000000000
00000000000000000000000000000000000000000000000000000000000000000000000000000000000000000000000000000000000000000000000000000000
00000000000000000000000000000000000000000000000000000000000000000000000000000000000000000000000000000000000000000000000000000000
00000000000000000000000000000000000000000000000000000000000000000000000000000000000000000000000000000000000000000000000000000000
00000000000000000000000000000000000000000000000000000000000000000000000000000000000000000000000000000000000000000000000000000000
00000000000000000000000000000000000000000000000000000000000000000000000000000000000000000000000000000000000000000000000000000000
00000000000000000000000000000000000000000000000000000000000000000000000000000000000000000000000000000000000000000000000000000000
00000000000000000000000000000000000000000000000000000000000000000000000000000000000000000000000000000000000000000000000000000000
00000000000000000000000000000000000000000000000000000000000000000000000000000000000000000000000000000000000000000000000000000000
00000000000000000000000000000000000000000000000000000000000000000000000000000000000000000000000000000000000000000000000000000000
00000000000000000000000000000000000000000000000000000000000000000000000000000000000000000000000000000000000000000000000000000000
00000000000000000000000000000000000000000000000000000000000000000000000000000000000000000000000000000000000000000000000000000000
00000000000000000000000000000000000000000000000000000000000000000000000000000000000000000000000000000000000000000000000000000000
00000000000000000000000000000000000000000000000000000000000000000000000000000000000000000000000000000000000000000000000000000000
00000000000000000000000000000000000000000000000000000000000000000000000000000000000000000000000000000000000000000000000000000000
00000000000000000000000000000000000000000000000000000000000000000000000000000000000000000000000000000000000000000000000000000000
00000000000000000000000000000000000000000000000000000000000000000000000000000000000000000000000000000000000000000000000000000000
00000000000000000000000000000000000000000000000000000000000000000000000000000000000000000000000000000000000000000000000000000000
00000000000000000000000000000000000000000000000000000000000000000000000000000000000000000000000000000000000000000000000000000000
00000000000000000000000000000000000000000000000000000000000000000000000000000000000000000000000000000000000000000000000000000000
00000000000000000000000000000000000000000000000000000000000000000000000000000000000000000000000000000000000000000000000000000000
00000000000000000000000000000000000000000000000000000000000000000000000000000000000000000000000000000000000000000000000000000000
00000000000000000000000000000000000000000000000000000000000000000000000000000000000000000000000000000000000000000000000000000000
00000000000000000000000000000000000000000000000000000000000000000000000000000000000000000000000000000000000000000000000000000000
00000000000000000000000000000000000000000000000000000000000000000000000000000000000000000000000000000000000000000000000000000000
00000000000000000000000000000000000000000000000000000000000000000000000000000000000000000000000000000000000000000000000000000000
00000000000000000000000000000000000000000000000000000000000000000000000000000000000000000000000000000000000000000000000000000000
00000000000000000000000000000000000000000000000000000000000000000000000000000000000000000000000000000000000000000000000000000000
00000000000000000000000000000000000000000000000000000000000000000000000000000000000000000000000000000000000000000000000000000000
00000000000000000000000000000000000000000000000000000000000000000000000000000000000000000000000000000000000000000000000000000000
00000000000000000000000000000000000000000000000000000000000000000000000000000000000000000000000000000000000000000000000000000000
00000000000000000000000000000000000000000000000000000000000000000000000000000000000000000000000000000000000000000000000000000000
00000000000000000000000000000000000000000000000000000000000000000000000000000000000000000000000000000000000000000000000000000000
00000000000000000000000000000000000000000000000000000000000000000000000000000000000000000000000000000000000000000000000000000000
00000000000000000000000000000000000000000000000000000000000000000000000000000000000000000000000000000000000000000000000000000000
00000000000000000000000000000000000000000000000000000000000000000000000000000000000000000000000000000000000000000000000000000000
00000000000000000000000000000000000000000000000000000000000000000000000000000000000000000000000000000000000000000000000000000000
00000000000000000000000000000000000000000000000000000000000000000000000000000000000000000000000000000000000000000000000000000000
00000000000000000000000000000000000000000000000000000000000000000000000000000000000000000000000000000000000000000000000000000000
00000000000000000000000000000000000000000000000000000000000000000000000000000000000000000000000000000000000000000000000000000000
00000000000000000000000000000000000000000000000000000000000000000000000000000000000000000000000000000000000000000000000000000000
00000000000000000000000000000000000000000000000000000000000000000000000000000000000000000000000000000000000000000000000000000000
00000000000000000000000000000000000000000000000000000000000000000000000000000000000000000000000000000000000000000000000000000000
00000000000000000000000000000000000000000000000000000000000000000000000000000000000000000000000000000000000000000000000000000000
00000000000000000000000000000000000000000000000000000000000000000000000000000000000000000000000000000000000000000000000000000000
00000000000000000000000000000000000000000000000000000000000000000000000000000000000000000000000000000000000000000000000000000000
00000000000000000000000000000000000000000000000000000000000000000000000000000000000000000000000000000000000000000000000000000000
00000000000000000000000000000000000000000000000000000000000000000000000000000000000000000000000000000000000000000000000000000000
00000000000000000000000000000000000000000000000000000000000000000000000000000000000000000000000000000000000000000000000000000000
00000000000000000000000000000000000000000000000000000000000000000000000000000000000000000000000000000000000000000000000000000000
00000000000000000000000000000000000000000000000000000000000000000000000000000000000000000000000000000000000000000000000000000000
00000000000000000000000000000000000000000000000000000000000000000000000000000000000000000000000000000000000000000000000000000000
00000000000000000000000000000000000000000000000000000000000000000000000000000000000000000000000000000000000000000000000000000000
00000000000000000000000000000000000000000000000000000000000000000000000000000000000000000000000000000000000000000000000000000000
00000000000000000000000000000000000000000000000000000000000000000000000000000000000000000000000000000000000000000000000000000000
00000000000000000000000000000000000000000000000000000000000000000000000000000000000000000000000000000000000000000000000000000000
00000000000000000000000000000000000000000000000000000000000000000000000000000000000000000000000000000000000000000000000000000000
00000000000000000000000000000000000000000000000000000000000000000000000000000000000000000000000000000000000000000000000000000000
00000000000000000000000000000000000000000000000000000000000000000000000000000000000000000000000000000000000000000000000000000000
00000000000000000000000000000000000000000000000000000000000000000000000000000000000000000000000000000000000000000000000000000000
00000000000000000000000000000000000000000000000000000000000000000000000000000000000000000000000000000000000000000000000000000000
00000000000000000000000000000000000000000000000000000000000000000000000000000000000000000000000000000000000000000000000000000000
00000000000000000000000000000000000000000000000000000000000000000000000000000000000000000000000000000000000000000000000000000000
00000000000000000000000000000000000000000000000000000000000000000000000000000000000000000000000000000000000000000000000000000000
00000000000000000000000000000000000000000000000000000000000000000000000000000000000000000000000000000000000000000000000000000000
00000000000000000000000000000000000000000000000000000000000000000000000000000000000000000000000000000000000000000000000000000000
00000000000000000000000000000000000000000000000000000000000000000000000000000000000000000000000000000000000000000000000000000000
00000000000000000000000000000000000000000000000000000000000000000000000000000000000000000000000000000000000000000000000000000000
00000000000000000000000000000000000000000000000000000000000000000000000000000000000000000000000000000000000000000000000000000000
00000000000000000000000000000000000000000000000000000000000000000000000000000000000000000000000000000000000000000000000000000000
00000000000000000000000000000000000000000000000000000000000000000000000000000000000000000000000000000000000000000000000000000000
00000000000000000000000000000000000000000000000000000000000000000000000000000000000000000000000000000000000000000000000000000000
00000000000000000000000000000000000000000000000000000000000000000000000000000000000000000000000000000000000000000000000000000000
00000000000000000000000000000000000000000000000000000000000000000000000000000000000000000000000000000000000000000000000000000000
00000000000000000000000000000000000000000000000000000000000000000000000000000000000000000000000000000000000000000000000000000000
00000000000000000000000000000000000000000000000000000000000000000000000000000000000000000000000000000000000000000000000000000000
00000000000000000000000000000000000000000000000000000000000000000000000000000000000000000000000000000000000000000000000000000000
00000000000000000000000000000000000000000000000000000000000000000000000000000000000000000000000000000000000000000000000000000000
00000000000000000000000000000000000000000000000000000000000000000000000000000000000000000000000000000000000000000000000000000000
00000000000000000000000000000000000000000000000000000000000000000000000000000000000000000000000000000000000000000000000000000000
00000000000000000000000000000000000000000000000000000000000000000000000000000000000000000000000000000000000000000000000000000000
00000000000000000000000000000000000000000000000000000000000000000000000000000000000000000000000000000000000000000000000000000000
00000000000000000000000000000000000000000000000000000000000000000000000000000000000000000000000000000000000000000000000000000000
00000000000000000000000000000000000000000000000000000000000000000000000000000000000000000000000000000000000000000000000000000000
00000000000000000000000000000000000000000000000000000000000000000000000000000000000000000000000000000000000000000000000000000000
00000000000000000000000000000000000000000000000000000000000000000000000000000000000000000000000000000000000000000000000000000000
00000000000000000000000000000000000000000000000000000000000000000000000000000000000000000000000000000000000000000000000000000000
00000000000000000000000000000000000000000000000000000000000000000000000000000000000000000000000000000000000000000000000000000000
00000000000000000000000000000000000000000000000000000000000000000000000000000000000000000000000000000000000000000000000000000000
00000000000000000000000000000000000000000000000000000000000000000000000000000000000000000000000000000000000000000000000000000000
00000000000000000000000000000000000000000000000000000000000000000000000000000000000000000000000000000000000000000000000000000000
00000000000000000000000000000000000000000000000000000000000000000000000000000000000000000000000000000000000000000000000000000000
00000000000000000000000000000000000000000000000000000000000000000000000000000000000000000000000000000000000000000000000000000000
00000000000000000000000000000000000000000000000000000000000000000000000000000000000000000000000000000000000000000000000000000000
00000000000000000000000000000000000000000000000000000000000000000000000000000000000000000000000000000000000000000000000000000000
00000000000000000000000000000000000000000000000000000000000000000000000000000000000000000000000000000000000000000000000000000000
00000000000000000000000000000000000000000000000000000000000000000000000000000000000000000000000000000000000000000000000000000000
00000000000000000000000000000000000000000000000000000000000000000000000000000000000000000000000000000000000000000000000000000000
00000000000000000000000000000000000000000000000000000000000000000000000000000000000000000000000000000000000000000000000000000000
00000000000000000000000000000000000000000000000000000000000000000000000000000000000000000000000000000000000000000000000000000000
00000000000000000000000000000000000000000000000000000000000000000000000000000000000000000000000000000000000000000000000000000000
00000000000000000000000000000000000000000000000000000000000000000000000000000000000000000000000000000000000000000000000000000000
00000000000000000000000000000000000000000000000000000000000000000000000000000000000000000000000000000000000000000000000000000000
00000000000000000000000000000000000000000000000000000000000000000000000000000000000000000000000000000000000000000000000000000000
00000000000000000000000000000000000000000000000000000000000000000000000000000000000000000000000000000000000000000000000000000000
00000000000000000000000000000000000000000000000000000000000000000000000000000000000000000000000000000000000000000000000000000000
00000000000000000000000000000000000000000000000000000000000000000000000000000000000000000000000000000000000000000000000000000000
00000000000000000000000000000000000000000000000000000000000000000000000000000000000000000000000000000000000000000000000000000000
00000000000000000000000000000000000000000000000000000000000000000000000000000000000000000000000000000000000000000000000000000000
00000000000000000000000000000000000000000000000000000000000000000000000000000000000000000000000000000000000000000000000000000000
00000000000000000000000000000000000000000000000000000000000000000000000000000000000000000000000000000000000000000000000000000000
00000000000000000000000000000000000000000000000000000000000000000000000000000000000000000000000000000000000000000000000000000000
00000000000000000000000000000000000000000000000000000000000000000000000000000000000000000000000000000000000000000000000000000000
00000000000000000000000000000000000000000000000000000000000000000000000000000000000000000000000000000000000000000000000000000000
00000000000000000000000000000000000000000000000000000000000000000000000000000000000000000000000000000000000000000000000000000000
00000000000000000000000000000000000000000000000000000000000000000000000000000000000000000000000000000000000000000000000000000000
00000000000000000000000000000000000000000000000000000000000000000000000000000000000000000000000000000000000000000000000000000000
00000000000000000000000000000000000000000000000000000000000000000000000000000000000000000000000000000000000000000000000000000000
00000000000000000000000000000000000000000000000000000000000000000000000000000000000000000000000000000000000000000000000000000000
00000000000000000000000000000000000000000000000000000000000000000000000000000000000000000000000000000000000000000000000000000000
00000000000000000000000000000000000000000000000000000000000000000000000000000000000000000000000000000000000000000000000000000000
00000000000000000000000000000000000000000000000000000000000000000000000000000000000000000000000000000000000000000000000000000000
00000000000000000000000000000000000000000000000000000000000000000000000000000000000000000000000000000000000000000000000000000000
00000000000000000000000000000000000000000000000000000000000000000000000000000000000000000000000000000000000000000000000000000000
00000000000000000000000000000000000000000000000000000000000000000000000000000000000000000000000000000000000000000000000000000000
00000000000000000000000000000000000000000000000000000000000000000000000000000000000000000000000000000000000000000000000000000000
00000000000000000000000000000000000000000000000000000000000000000000000000000000000000000000000000000000000000000000000000000000
00000000000000000000000000000000000000000000000000000000000000000000000000000000000000000000000000000000000000000000000000000000
00000000000000000000000000000000000000000000000000000000000000000000000000000000000000000000000000000000000000000000000000000000
00000000000000000000000000000000000000000000000000000000000000000000000000000000000000000000000000000000000000000000000000000000
00000000000000000000000000000000000000000000000000000000000000000000000000000000000000000000000000000000000000000000000000000000
00000000000000000000000000000000000000000000000000000000000000000000000000000000000000000000000000000000000000000000000000000000
00000000000000000000000000000000000000000000000000000000000000000000000000000000000000000000000000000000000000000000000000000000
00000000000000000000000000000000000000000000000000000000000000000000000000000000000000000000000000000000000000000000000000000000
00000000000000000000000000000000000000000000000000000000000000000000000000000000000000000000000000000000000000000000000000000000
00000000000000000000000000000000000000000000000000000000000000000000000000000000000000000000000000000000000000000000000000000000
00000000000000000000000000000000000000000000000000000000000000000000000000000000000000000000000000000000000000000000000000000000
00000000000000000000000000000000000000000000000000000000000000000000000000000000000000000000000000000000000000000000000000000000
00000000000000000000000000000000000000000000000000000000000000000000000000000000000000000000000000000000000000000000000000000000
00000000000000000000000000000000000000000000000000000000000000000000000000000000000000000000000000000000000000000000000000000000
00000000000000000000000000000000000000000000000000000000000000000000000000000000000000000000000000000000000000000000000000000000
00000000000000000000000000000000000000000000000000000000000000000000000000000000000000000000000000000000000000000000000000000000
00000000000000000000000000000000000000000000000000000000000000000000000000000000000000000000000000000000000000000000000000000000
00000000000000000000000000000000000000000000000000000000000000000000000000000000000000000000000000000000000000000000000000000000
00000000000000000000000000000000000000000000000000000000000000000000000000000000000000000000000000000000000000000000000000000000
00000000000000000000000000000000000000000000000000000000000000000000000000000000000000000000000000000000000000000000000000000000
00000000000000000000000000000000000000000000000000000000000000000000000000000000000000000000000000000000000000000000000000000000
00000000000000000000000000000000000000000000000000000000000000000000000000000000000000000000000000000000000000000000000000000000
00000000000000000000000000000000000000000000000000000000000000000000000000000000000000000000000000000000000000000000000000000000
00000000000000000000000000000000000000000000000000000000000000000000000000000000000000000000000000000000000000000000000000000000
00000000000000000000000000000000000000000000000000000000000000000000000000000000000000000000000000000000000000000000000000000000
00000000000000000000000000000000000000000000000000000000000000000000000000000000000000000000000000000000000000000000000000000000
00000000000000000000000000000000000000000000000000000000000000000000000000000000000000000000000000000000000000000000000000000000
00000000000000000000000000000000000000000000000000000000000000000000000000000000000000000000000000000000000000000000000000000000
00000000000000000000000000000000000000000000000000000000000000000000000000000000000000000000000000000000000000000000000000000000
00000000000000000000000000000000000000000000000000000000000000000000000000000000000000000000000000000000000000000000000000000000
00000000000000000000000000000000000000000000000000000000000000000000000000000000000000000000000000000000000000000000000000000000
00000000000000000000000000000000000000000000000000000000000000000000000000000000000000000000000000000000000000000000000000000000
00000000000000000000000000000000000000000000000000000000000000000000000000000000000000000000000000000000000000000000000000000000
00000000000000000000000000000000000000000000000000000000000000000000000000000000000000000000000000000000000000000000000000000000
00000000000000000000000000000000000000000000000000000000000000000000000000000000000000000000000000000000000000000000000000000000
00000000000000000000000000000000000000000000000000000000000000000000000000000000000000000000000000000000000000000000000000000000
00000000000000000000000000000000000000000000000000000000000000000000000000000000000000000000000000000000000000000000000000000000
00000000000000000000000000000000000000000000000000000000000000000000000000000000000000000000000000000000000000000000000000000000
00000000000000000000000000000000000000000000000000000000000000000000000000000000000000000000000000000000000000000000000000000000
00000000000000000000000000000000000000000000000000000000000000000000000000000000000000000000000000000000000000000000000000000000
00000000000000000000000000000000000000000000000000000000000000000000000000000000000000000000000000000000000000000000000000000000
00000000000000000000000000000000000000000000000000000000000000000000000000000000000000000000000000000000000000000000000000000000
00000000000000000000000000000000000000000000000000000000000000000000000000000000000000000000000000000000000000000000000000000000
00000000000000000000000000000000000000000000000000000000000000000000000000000000000000000000000000000000000000000000000000000000
00000000000000000000000000000000000000000000000000000000000000000000000000000000000000000000000000000000000000000000000000000000
00000000000000000000000000000000000000000000000000000000000000000000000000000000000000000000000000000000000000000000000000000000
00000000000000000000000000000000000000000000000000000000000000000000000000000000000000000000000000000000000000000000000000000000
00000000000000000000000000000000000000000000000000000000000000000000000000000000000000000000000000000000000000000000000000000000
00000000000000000000000000000000000000000000000000000000000000000000000000000000000000000000000000000000000000000000000000000000
00000000000000000000000000000000000000000000000000000000000000000000000000000000000000000000000000000000000000000000000000000000
00000000000000000000000000000000000000000000000000000000000000000000000000000000000000000000000000000000000000000000000000000000
00000000000000000000000000000000000000000000000000000000000000000000000000000000000000000000000000000000000000000000000000000000
00000000000000000000000000000000000000000000000000000000000000000000000000000000000000000000000000000000000000000000000000000000
00000000000000000000000000000000000000000000000000000000000000000000000000000000000000000000000000000000000000000000000000000000
00000000000000000000000000000000000000000000000000000000000000000000000000000000000000000000000000000000000000000000000000000000
00000000000000000000000000000000000000000000000000000000000000000000000000000000000000000000000000000000000000000000000000000000
00000000000000000000000000000000000000000000000000000000000000000000000000000000000000000000000000000000000000000000000000000000
00000000000000000000000000000000000000000000000000000000000000000000000000000000000000000000000000000000000000000000000000000000
00000000000000000000000000000000000000000000000000000000000000000000000000000000000000000000000000000000000000000000000000000000
00000000000000000000000000000000000000000000000000000000000000000000000000000000000000000000000000000000000000000000000000000000
00000000000000000000000000000000000000000000000000000000000000000000000000000000000000000000000000000000000000000000000000000000
00000000000000000000000000000000000000000000000000000000000000000000000000000000000000000000000000000000000000000000000000000000
00000000000000000000000000000000000000000000000000000000000000000000000000000000000000000000000000000000000000000000000000000000
00000000000000000000000000000000000000000000000000000000000000000000000000000000000000000000000000000000000000000000000000000000
00000000000000000000000000000000000000000000000000000000000000000000000000000000000000000000000000000000000000000000000000000000
00000000000000000000000000000000000000000000000000000000000000000000000000000000000000000000000000000000000000000000000000000000
00000000000000000000000000000000000000000000000000000000000000000000000000000000000000000000000000000000000000000000000000000000
00000000000000000000000000000000000000000000000000000000000000000000000000000000000000000000000000000000000000000000000000000000
00000000000000000000000000000000000000000000000000000000000000000000000000000000000000000000000000000000000000000000000000000000
00000000000000000000000000000000000000000000000000000000000000000000000000000000000000000000000000000000000000000000000000000000
00000000000000000000000000000000000000000000000000000000000000000000000000000000000000000000000000000000000000000000000000000000
00000000000000000000000000000000000000000000000000000000000000000000000000000000000000000000000000000000000000000000000000000000
00000000000000000000000000000000000000000000000000000000000000000000000000000000000000000000000000000000000000000000000000000000
00000000000000000000000000000000000000000000000000000000000000000000000000000000000000000000000000000000000000000000000000000000
00000000000000000000000000000000000000000000000000000000000000000000000000000000000000000000000000000000000000000000000000000000
00000000000000000000000000000000000000000000000000000000000000000000000000000000000000000000000000000000000000000000000000000000
00000000000000000000000000000000000000000000000000000000000000000000000000000000000000000000000000000000000000000000000000000000
00000000000000000000000000000000000000000000000000000000000000000000000000000000000000000000000000000000000000000000000000000000
00000000000000000000000000000000000000000000000000000000000000000000000000000000000000000000000000000000000000000000000000000000
00000000000000000000000000000000000000000000000000000000000000000000000000000000000000000000000000000000000000000000000000000000
00000000000000000000000000000000000000000000000000000000000000000000000000000000000000000000000000000000000000000000000000000000
00000000000000000000000000000000000000000000000000000000000000000000000000000000000000000000000000000000000000000000000000000000
00000000000000000000000000000000000000000000000000000000000000000000000000000000000000000000000000000000000000000000000000000000
00000000000000000000000000000000000000000000000000000000000000000000000000000000000000000000000000000000000000000000000000000000
00000000000000000000000000000000000000000000000000000000000000000000000000000000000000000000000000000000000000000000000000000000
00000000000000000000000000000000000000000000000000000000000000000000000000000000000000000000000000000000000000000000000000000000
00000000000000000000000000000000000000000000000000000000000000000000000000000000000000000000000000000000000000000000000000000000
00000000000000000000000000000000000000000000000000000000000000000000000000000000000000000000000000000000000000000000000000000000
00000000000000000000000000000000000000000000000000000000000000000000000000000000000000000000000000000000000000000000000000000000
00000000000000000000000000000000000000000000000000000000000000000000000000000000000000000000000000000000000000000000000000000000
00000000000000000000000000000000000000000000000000000000000000000000000000000000000000000000000000000000000000000000000000000000
00000000000000000000000000000000000000000000000000000000000000000000000000000000000000000000000000000000000000000000000000000000
00000000000000000000000000000000000000000000000000000000000000000000000000000000000000000000000000000000000000000000000000000000
00000000000000000000000000000000000000000000000000000000000000000000000000000000000000000000000000000000000000000000000000000000
00000000000000000000000000000000000000000000000000000000000000000000000000000000000000000000000000000000000000000000000000000000
00000000000000000000000000000000000000000000000000000000000000000000000000000000000000000000000000000000000000000000000000000000
00000000000000000000000000000000000000000000000000000000000000000000000000000000000000000000000000000000000000000000000000000000
00000000000000000000000000000000000000000000000000000000000000000000000000000000000000000000000000000000000000000000000000000000
00000000000000000000000000000000000000000000000000000000000000000000000000000000000000000000000000000000000000000000000000000000
00000000000000000000000000000000000000000000000000000000000000000000000000000000000000000000000000000000000000000000000000000000
00000000000000000000000000000000000000000000000000000000000000000000000000000000000000000000000000000000000000000000000000000000
*
NOTE TAG DATA*
L171648
00000000000000000000000000000000000000000000000000000000000000000000000000000000000000000000000000000000000000000000000000000000
00000000000000000000000000000000000000000000000000000000000000000000000000000000000000000000000000000000000000000000000000000000
*
CAE1F*
NOTE FEATURE_ROW*
E0000000000000000000000000000000000000000000000000000000000000000
0000010001100000*
NOTE User Electronic Signature Data*
UH00000000*
571D
